risk_id,risk_code,asset_code,asset_category,asset_classification,asset_criticality,asset_tipo,threat,vulnerability,probability,impact,treatment,identification_date,incidente_365_dias
b78a0a2b-1ed6-4a16-9ab4-f56329bb0577,MLV1-R03773,MLV1-A0757,servicios ti,restringido,alta,digital,malware,configuración incorrecta,5,4,mitigar,2024-10-27,1
80999e5b-ebe9-4942-ac86-0e59ee29f686,MLV1-R06858,MLV1-A0201,servicios ti,interno,critica,digital,ransomware,ausencia de respaldos,3,4,evitar,2024-10-27,0
d4c1fbd5-c614-4f72-9193-699d8be5af8e,MLV1-R00998,MLV1-A0437,redes y comunicaciones,interno,critica,físico,falla eléctrica,equipos obsoletos,1,5,aceptar,2024-11-02,1
0ad817fb-3c68-4c20-b277-39a042f7cdd2,MLV1-R01095,MLV1-A0431,redes y comunicaciones,interno,media,físico,malware,configuración incorrecta,1,3,aceptar,2024-11-02,0
6eb7cc47-a43f-4842-8e26-f9e28aa93fac,MLV1-R05148,MLV1-A0924,hardware,interno,critica,físico,robo,ausencia de políticas,1,4,aceptar,2024-11-03,0
665ade8a-c93c-4a6a-b5e7-128f4b9ea8c8,MLV1-R07455,MLV1-A0142,servicios ti,interno,alta,digital,acceso no autorizado,ausencia de políticas,4,4,mitigar,2024-11-03,1
6f673e5c-3479-4b7f-aaeb-03fc0dbcfa9b,MLV1-R07089,MLV1-A0189,información,confidencial,baja,digital,divulgación de información,ausencia de políticas,4,1,aceptar,2024-11-04,0
3b2096ab-26cb-4298-b2a5-1c2f07a1c056,MLV1-R00362,MLV1-A0664,servicios ti,interno,media,digital,interrupción del servicio,equipos obsoletos,3,2,mitigar,2024-11-05,0
0104d3ff-f1c2-4fe5-bb11-0d0a32389c94,MLV1-R01181,MLV1-A0707,redes y comunicaciones,restringido,media,físico,error humano,falta de capacitación,2,3,transferir,2024-11-05,0
47fcbcd1-9a92-4f07-a02d-5da985a793cb,MLV1-R00252,MLV1-A0456,información,confidencial,media,digital,error humano,falta de capacitación,3,1,aceptar,2024-11-06,0
5c315654-d8c7-4414-a6ce-6b718ba6e93f,MLV1-R01230,MLV1-A0745,software,interno,alta,digital,acceso no autorizado,contraseñas débiles,4,5,mitigar,2024-11-06,0
c04cc8b4-3422-4fa0-9cd0-a6b98649d86d,MLV1-R05052,MLV1-A0033,información,confidencial,media,digital,divulgación de información,contraseñas débiles,4,2,transferir,2024-11-07,0
7f570d44-764d-4807-96bd-6a2d35bf8e77,MLV1-R09560,MLV1-A0312,otros,publico,alta,físico,daño físico,almacenamiento inadecuado,3,5,mitigar,2024-11-07,1
62ebc12d-dd37-41f5-a283-5aef263e339b,MLV1-R07343,MLV1-A0480,software,interno,critica,digital,acceso no autorizado,falta de controles de acceso,4,5,mitigar,2024-11-08,1
55ea8a23-2d5f-46a5-bfa6-6f6f84d01642,MLV1-R06868,MLV1-A0059,otros,confidencial,alta,físico,acceso no autorizado,falta de controles de acceso,4,4,mitigar,2024-11-09,0
c2dba294-421a-415f-b67e-b58efff86792,MLV1-R08610,MLV1-A0329,software,publico,alta,digital,malware,antivirus desactualizado,4,4,mitigar,2024-11-10,1
dc92bea6-6bdb-40ce-8c34-b82192b545af,MLV1-R03242,MLV1-A0453,información,interno,baja,digital,acceso no autorizado,falta de controles de acceso,4,2,mitigar,2024-11-11,0
851a1560-6aff-4298-b63c-9acc8e79b701,MLV1-R04622,MLV1-A0344,hardware,publico,media,físico,malware,antivirus desactualizado,3,3,mitigar,2024-11-11,0
75d23e24-052b-4fb2-a3fe-600036a4125e,MLV1-R00431,MLV1-A0332,otros,interno,media,físico,pérdida de información,almacenamiento inadecuado,2,2,aceptar,2024-11-12,0
85b1eeac-6388-440c-a03f-727172ec55b3,MLV1-R01476,MLV1-A0090,documentación,confidencial,alta,digital,error humano,configuración incorrecta,3,4,mitigar,2024-11-12,0
1b0a7841-0945-4566-9734-dcaabc2b49f4,MLV1-R02449,MLV1-A0377,documentación,interno,alta,digital,daño físico,equipos obsoletos,1,5,aceptar,2024-11-12,0
0b142687-ee8c-4a51-8f41-b66d4604fb6b,MLV1-R05912,MLV1-A0773,información,interno,baja,digital,ransomware,configuración incorrecta,3,1,aceptar,2024-11-12,0
c55defb9-ffe7-47be-bc4a-81d2ef66dd3a,MLV1-R02301,MLV1-A0523,documentación,interno,baja,digital,pérdida de información,ausencia de respaldos,2,1,aceptar,2024-11-13,0
e12c47d3-818b-4f63-94c3-2bab5aa49cb2,MLV1-R08851,MLV1-A0807,software,interno,alta,digital,acceso no autorizado,ausencia de políticas,3,3,transferir,2024-11-13,0
ded7041f-2d7d-43c6-b245-9d245c60a2ed,MLV1-R01560,MLV1-A0901,redes y comunicaciones,interno,alta,físico,acceso no autorizado,contraseñas débiles,3,4,transferir,2024-11-14,0
bcebd53c-1d24-403f-b592-6cd57a9e0370,MLV1-R04842,MLV1-A0201,servicios ti,interno,critica,digital,malware,antivirus desactualizado,4,5,mitigar,2024-11-14,0
3097a008-a20d-4595-be43-e19e46ec7ac3,MLV1-R06275,MLV1-A0385,software,interno,alta,digital,error humano,falta de capacitación,2,4,aceptar,2024-11-14,1
5261e1cd-c2f7-4dd1-86fd-93e37e8ff88c,MLV1-R07612,MLV1-A0830,redes y comunicaciones,restringido,media,físico,acceso no autorizado,contraseñas débiles,2,3,mitigar,2024-11-14,0
b6d1b46d-bee5-4ee9-9c4f-3cff33e788b7,MLV1-R09518,MLV1-A0901,redes y comunicaciones,interno,alta,físico,interrupción del servicio,configuración incorrecta,2,4,aceptar,2024-11-14,0
e98b9a28-4096-4e58-8e29-28249f439228,MLV1-R04046,MLV1-A0901,redes y comunicaciones,interno,alta,físico,falla eléctrica,sin mantenimiento,3,4,mitigar,2024-11-15,1
393b20ae-28cc-427d-bf43-19bd1d180e88,MLV1-R08962,MLV1-A0883,información,interno,alta,digital,pérdida de información,almacenamiento inadecuado,4,4,transferir,2024-11-15,0
52cca136-1dc6-44ac-8356-118274d730c3,MLV1-R00950,MLV1-A0103,información,confidencial,media,digital,acceso no autorizado,ausencia de políticas,2,4,mitigar,2024-11-16,0
788a98a5-fc97-40b7-9282-22ddb744276a,MLV1-R02677,MLV1-A0282,documentación,interno,media,digital,daño físico,equipos obsoletos,2,3,aceptar,2024-11-16,0
c464a672-3eb7-4d93-a5f9-1f5b33e7ac04,MLV1-R08084,MLV1-A0282,documentación,interno,media,digital,incendio,ausencia de políticas,3,4,mitigar,2024-11-16,0
ba9af0a6-f019-42ef-a169-b7611ca03708,MLV1-R09456,MLV1-A0901,redes y comunicaciones,interno,alta,físico,error humano,falta de capacitación,2,5,mitigar,2024-11-17,0
460d20b5-b966-4152-bab2-511c6e925e6d,MLV1-R06033,MLV1-A0453,información,interno,baja,digital,acceso no autorizado,falta de controles de acceso,2,1,aceptar,2024-11-18,0
def533d7-2ddb-4433-905b-b4a5967b4eee,MLV1-R06553,MLV1-A0073,información,confidencial,media,digital,divulgación de información,contraseñas débiles,3,3,mitigar,2024-11-19,0
adee12df-27c3-4a3f-ad13-f005bc811d23,MLV1-R07599,MLV1-A0437,redes y comunicaciones,interno,critica,físico,malware,antivirus desactualizado,5,4,mitigar,2024-11-19,0
95ec9574-968d-42b8-99a6-c160cbdd9830,MLV1-R00716,MLV1-A0981,servicios ti,interno,critica,digital,error humano,configuración incorrecta,3,5,mitigar,2024-11-20,0
684f38df-bcbc-4bd2-8622-ac69960ac9aa,MLV1-R01772,MLV1-A0308,hardware,confidencial,baja,físico,falla eléctrica,equipos obsoletos,5,2,aceptar,2024-11-21,0
fd78fbc3-8fb3-412f-a1aa-8bbd9256e65b,MLV1-R01775,MLV1-A0749,servicios ti,confidencial,alta,digital,interrupción del servicio,equipos obsoletos,2,3,aceptar,2024-11-21,0
74eefde9-556a-4319-b317-184939ed75d2,MLV1-R03316,MLV1-A0241,información,interno,media,digital,malware,configuración incorrecta,4,1,aceptar,2024-11-21,0
17dbb963-53d8-4364-9bf4-79baf9cf172f,MLV1-R04950,MLV1-A0379,hardware,interno,media,físico,error humano,configuración incorrecta,3,3,aceptar,2024-11-21,0
44667c6f-718b-43c5-a50a-0cd123f2ba71,MLV1-R06810,MLV1-A0745,software,interno,alta,digital,acceso no autorizado,contraseñas débiles,3,2,mitigar,2024-11-21,0
abf7e38e-92e2-4ba4-864c-a7fec32e7bbe,MLV1-R07482,MLV1-A0798,software,confidencial,critica,digital,error humano,configuración incorrecta,2,5,aceptar,2024-11-21,0
319f53fe-6040-4e14-952f-50dc0e1a7c0b,MLV1-R01261,MLV1-A0446,hardware,confidencial,alta,físico,acceso no autorizado,ausencia de políticas,2,2,mitigar,2024-11-22,0
f7019c74-91fc-4c5b-b4b1-1f998318ff30,MLV1-R02622,MLV1-A0431,redes y comunicaciones,interno,media,físico,falla eléctrica,equipos obsoletos,3,2,mitigar,2024-11-22,0
058d0249-416c-4294-81ad-d9137ec90c22,MLV1-R04665,MLV1-A0179,hardware,interno,media,físico,daño físico,almacenamiento inadecuado,4,3,mitigar,2024-11-22,0
56ea7c9b-e568-4ae5-8452-9839339d48bc,MLV1-R07018,MLV1-A0179,hardware,interno,media,físico,robo,falta de controles de acceso,4,3,transferir,2024-11-22,1
6f0d4952-4ce8-4b36-b7c9-b7be8960b140,MLV1-R08578,MLV1-A0975,redes y comunicaciones,interno,critica,físico,malware,antivirus desactualizado,2,5,transferir,2024-11-22,0
f4f8c97e-0af6-448b-ba44-07728ed2a753,MLV1-R02277,MLV1-A0677,servicios ti,interno,alta,digital,acceso no autorizado,ausencia de políticas,1,5,aceptar,2024-11-23,0
17e600c8-d039-4d7d-bd17-3a9e214fc2e3,MLV1-R03660,MLV1-A0349,redes y comunicaciones,restringido,media,físico,falla eléctrica,equipos obsoletos,3,3,mitigar,2024-11-23,0
8d2fc8b6-7f11-4454-82cc-468ff69f7341,MLV1-R04268,MLV1-A0344,hardware,publico,media,físico,acceso no autorizado,ausencia de políticas,2,4,transferir,2024-11-24,1
dc0d04ad-0fcd-489e-86de-d41ed1e9dea5,MLV1-R06717,MLV1-A0755,servicios ti,interno,media,digital,interrupción del servicio,equipos obsoletos,3,3,mitigar,2024-11-24,0
82e3d227-3c36-4be1-9313-f094af2ab4c3,MLV1-R00831,MLV1-A0125,servicios ti,interno,alta,digital,acceso no autorizado,ausencia de políticas,2,5,mitigar,2024-11-25,0
8063d1e5-c8d8-4bf1-9971-be32c5540539,MLV1-R01570,MLV1-A0017,información,interno,media,digital,malware,configuración incorrecta,2,1,aceptar,2024-11-26,0
c18269bc-1800-48d6-aca5-72bf37ff4858,MLV1-R05640,MLV1-A0453,información,interno,baja,digital,malware,antivirus desactualizado,5,4,mitigar,2024-11-26,1
a09e43c4-bc01-4ebe-b9b6-584f54014458,MLV1-R06822,MLV1-A0335,servicios ti,confidencial,media,digital,error humano,falta de capacitación,1,3,aceptar,2024-11-26,0
ddd4c559-8381-44d4-b38e-f25d15f8f744,MLV1-R08842,MLV1-A0415,documentación,interno,media,digital,inundación,almacenamiento inadecuado,4,3,mitigar,2024-11-26,0
f1b68991-de80-43eb-83a5-e12c156068d2,MLV1-R09646,MLV1-A0021,otros,publico,media,físico,error humano,falta de capacitación,3,2,aceptar,2024-11-27,0
d288ee4b-e1e1-4a77-a9a9-b0e48fb6a3d8,MLV1-R09817,MLV1-A0562,software,interno,media,digital,ransomware,configuración incorrecta,1,2,aceptar,2024-11-27,0
c8a68c30-d2e2-4c2f-b105-7989b5d77cbd,MLV1-R00015,MLV1-A0379,hardware,interno,media,físico,robo,falta de controles de acceso,2,5,mitigar,2024-11-28,0
c827c324-c2f7-4b14-87de-a2185d1e209c,MLV1-R00384,MLV1-A0830,redes y comunicaciones,restringido,media,físico,falla eléctrica,sin mantenimiento,1,2,aceptar,2024-11-28,0
16fcf855-2b6c-468c-883e-f2644442a0ab,MLV1-R02721,MLV1-A0308,hardware,confidencial,baja,físico,malware,antivirus desactualizado,5,2,mitigar,2024-11-28,0
77fde8ae-76c5-418a-bc5a-c53a016fa207,MLV1-R05018,MLV1-A0981,servicios ti,interno,critica,digital,error humano,configuración incorrecta,3,3,aceptar,2024-11-28,0
9d3d850a-6e34-4316-8415-12b48f83ceae,MLV1-R06387,MLV1-A0798,software,confidencial,critica,digital,interrupción del servicio,equipos obsoletos,2,5,mitigar,2024-11-28,0
9cf35c5a-fb7e-42b6-b226-fde7dab847c4,MLV1-R09214,MLV1-A0369,hardware,interno,media,físico,error humano,ausencia de políticas,2,3,aceptar,2024-11-28,0
94cfeb53-82be-4c3d-ac6e-35d28172fb7c,MLV1-R09278,MLV1-A0577,información,interno,critica,digital,ransomware,ausencia de respaldos,3,3,aceptar,2024-11-28,0
47d2c570-108f-4437-96ad-ac13997542d6,MLV1-R07540,MLV1-A0616,servicios ti,restringido,critica,digital,ransomware,antivirus desactualizado,5,5,mitigar,2024-11-29,0
7ab39373-044f-46bc-983a-22deb11f0731,MLV1-R01040,MLV1-A0987,hardware,interno,baja,físico,error humano,configuración incorrecta,2,1,aceptar,2024-11-30,0
4c811dc5-6c7b-47ec-8eff-e6a43c37ed18,MLV1-R05869,MLV1-A0090,documentación,confidencial,alta,digital,robo,falta de controles de acceso,2,4,mitigar,2024-11-30,0
c3a30325-121d-4af5-bab3-001ea17f4c8f,MLV1-R03938,MLV1-A0372,redes y comunicaciones,publico,media,físico,acceso no autorizado,ausencia de políticas,4,2,aceptar,2024-12-01,1
570762f8-23ef-4387-8d34-6c6693b5eeb7,MLV1-R02201,MLV1-A0360,servicios ti,interno,critica,digital,acceso no autorizado,contraseñas débiles,4,5,mitigar,2024-12-02,0
a63ce819-48e4-4825-bb57-960704a228cc,MLV1-R02311,MLV1-A0875,servicios ti,interno,alta,digital,interrupción del servicio,configuración incorrecta,2,4,mitigar,2024-12-03,0
618610df-7b09-4edb-a302-9583aadb6459,MLV1-R04887,MLV1-A0576,documentación,interno,critica,físico,incendio,almacenamiento inadecuado,2,3,transferir,2024-12-04,0
e2cf5ca8-d931-4bd0-ade0-e55df4f53585,MLV1-R01132,MLV1-A0706,documentación,publico,critica,físico,daño físico,sin mantenimiento,4,3,mitigar,2024-12-05,0
2969aad6-c1f3-4f04-9d68-abb534c9413d,MLV1-R03191,MLV1-A0848,redes y comunicaciones,confidencial,critica,físico,malware,antivirus desactualizado,4,5,mitigar,2024-12-05,0
8cf02763-4ce1-4ae7-beca-eddcdad67dab,MLV1-R03449,MLV1-A0549,documentación,confidencial,media,físico,robo,ausencia de políticas,2,4,transferir,2024-12-05,0
7bb27d67-e76e-4b01-ac50-dce4543b725f,MLV1-R04044,MLV1-A0910,redes y comunicaciones,publico,media,físico,malware,configuración incorrecta,3,5,mitigar,2024-12-05,0
11c1f225-4e8d-4362-803d-7d11a4045a76,MLV1-R07904,MLV1-A0916,otros,interno,baja,físico,interrupción del servicio,configuración incorrecta,3,1,mitigar,2024-12-05,0
4a66db0f-afe7-4da6-94fd-1dbd3b0080db,MLV1-R08635,MLV1-A0412,redes y comunicaciones,interno,alta,físico,acceso no autorizado,contraseñas débiles,4,4,transferir,2024-12-05,0
ffd815c6-2a5d-4d0e-b0b3-605b6667d75c,MLV1-R04452,MLV1-A0987,hardware,interno,baja,físico,daño físico,sin mantenimiento,2,1,aceptar,2024-12-06,0
68279aa0-0a27-47a4-ba5d-3e1aa31d2cb5,MLV1-R09749,MLV1-A0924,hardware,interno,critica,físico,daño físico,sin mantenimiento,3,5,mitigar,2024-12-06,0
d3172c47-1cec-42b2-a44a-b206b3c98020,MLV1-R01046,MLV1-A0456,información,confidencial,media,digital,ransomware,antivirus desactualizado,3,4,mitigar,2024-12-07,0
4f660164-7683-426a-ab8e-01e3894806a1,MLV1-R02899,MLV1-A0648,software,confidencial,baja,digital,acceso no autorizado,ausencia de políticas,2,3,transferir,2024-12-07,0
beb4b408-24d0-4347-9cc1-7825dc048be8,MLV1-R03492,MLV1-A0007,hardware,publico,alta,físico,daño físico,sin mantenimiento,3,3,aceptar,2024-12-07,0
ddfdf7f3-ff1b-4671-b208-3a2faa038ce8,MLV1-R05275,MLV1-A0650,hardware,restringido,media,físico,error humano,falta de capacitación,3,3,mitigar,2024-12-07,0
bcc22d77-ce14-4a29-97f6-6d55f950da4f,MLV1-R07369,MLV1-A0650,hardware,restringido,media,físico,falla eléctrica,sin mantenimiento,5,1,aceptar,2024-12-07,0
7aea4681-0ff4-4470-acbe-f08e70db9e83,MLV1-R08899,MLV1-A0650,hardware,restringido,media,físico,incendio,almacenamiento inadecuado,4,4,evitar,2024-12-07,0
d30e8883-c533-495f-ba79-89b55997f692,MLV1-R01357,MLV1-A0830,redes y comunicaciones,restringido,media,físico,interrupción del servicio,sin mantenimiento,3,5,mitigar,2024-12-08,0
ef3772f7-0bfe-4fd0-bc98-a2f1ff0c4a58,MLV1-R06824,MLV1-A0482,documentación,confidencial,alta,físico,inundación,almacenamiento inadecuado,1,4,aceptar,2024-12-08,0
27f38732-f26f-431b-a5e6-d0a4a39f6b8b,MLV1-R07113,MLV1-A0147,hardware,interno,media,físico,daño físico,sin mantenimiento,3,5,mitigar,2024-12-08,0
b9630aa0-ef52-4312-b4d4-916a52431e89,MLV1-R08615,MLV1-A0201,servicios ti,interno,critica,digital,acceso no autorizado,contraseñas débiles,3,5,transferir,2024-12-08,1
01078c4c-2b0c-43ed-bf8a-2ad60ccf84d3,MLV1-R02635,MLV1-A0616,servicios ti,restringido,critica,digital,ransomware,falta de capacitación,4,5,transferir,2024-12-09,0
2d6440ae-52e7-40df-b050-e7a5167f1345,MLV1-R03276,MLV1-A0208,documentación,interno,media,físico,pérdida de información,configuración incorrecta,1,3,mitigar,2024-12-09,1
cfdf6fcf-7213-4084-9f68-ffaec665d81e,MLV1-R08340,MLV1-A0208,documentación,interno,media,físico,error humano,falta de capacitación,2,5,transferir,2024-12-09,0
d25f46ab-e4da-4024-b91d-db6ae640df59,MLV1-R09617,MLV1-A0820,software,interno,critica,digital,acceso no autorizado,ausencia de políticas,5,3,mitigar,2024-12-09,1
399177fd-cc02-43d3-b1bd-e04b96367361,MLV1-R09842,MLV1-A0916,otros,interno,baja,físico,error humano,configuración incorrecta,4,1,aceptar,2024-12-09,0
fddbd5db-bd7f-4002-95f7-0fca71348460,MLV1-R03152,MLV1-A0379,hardware,interno,media,físico,falla eléctrica,sin mantenimiento,2,3,mitigar,2024-12-10,0
0247adaa-6a05-404e-9b38-bb26fb8c6793,MLV1-R04043,MLV1-A0014,software,interno,critica,digital,acceso no autorizado,contraseñas débiles,2,4,mitigar,2024-12-11,0
73df9826-fe6a-4609-9d3b-ee7f3c561dca,MLV1-R06839,MLV1-A0014,software,interno,critica,digital,ransomware,ausencia de respaldos,3,3,mitigar,2024-12-11,0
f32da5fe-b12e-4bfb-8621-e9d35a3e31a5,MLV1-R00585,MLV1-A0379,hardware,interno,media,físico,daño físico,sin mantenimiento,3,4,transferir,2024-12-12,0
ffff4d75-7150-4ea7-8ad0-738d2c2b1a0d,MLV1-R01901,MLV1-A0650,hardware,restringido,media,físico,falla eléctrica,sin mantenimiento,4,2,aceptar,2024-12-14,0
fedd0532-18e9-47d3-8cff-474794bf7850,MLV1-R03166,MLV1-A0502,documentación,publico,media,digital,error humano,falta de capacitación,4,2,mitigar,2024-12-14,0
32878a56-04a0-4050-991a-f5555e056c5f,MLV1-R08637,MLV1-A0989,hardware,interno,alta,físico,daño físico,equipos obsoletos,2,5,transferir,2024-12-14,0
a212f8ef-14a9-4446-86bf-d040c868b693,MLV1-R02633,MLV1-A0100,redes y comunicaciones,interno,media,físico,malware,falta de capacitación,3,3,aceptar,2024-12-15,0
bdc8dd9c-dd4d-46a8-a99b-cbd42cf6cf75,MLV1-R07378,MLV1-A0231,hardware,interno,alta,físico,falla eléctrica,equipos obsoletos,3,3,mitigar,2024-12-15,0
38da0b75-6b01-4eea-be95-2f1f55ed6936,MLV1-R07911,MLV1-A0385,software,interno,alta,digital,acceso no autorizado,falta de controles de acceso,4,2,mitigar,2024-12-15,0
44225bfb-b176-47a1-8cf4-24a6a705e7ad,MLV1-R09320,MLV1-A0648,software,confidencial,baja,digital,interrupción del servicio,equipos obsoletos,2,2,mitigar,2024-12-15,0
6d719ea6-e9a2-416b-8647-3afd95bcddcc,MLV1-R07213,MLV1-A0647,redes y comunicaciones,interno,media,físico,interrupción del servicio,sin mantenimiento,5,3,evitar,2024-12-16,0
d274f288-9269-4568-beb5-d19c0e00b269,MLV1-R07847,MLV1-A0684,hardware,interno,media,físico,daño físico,almacenamiento inadecuado,2,3,mitigar,2024-12-16,0
faa78c71-c229-4445-9758-ca90fa2e3b05,MLV1-R03863,MLV1-A0830,redes y comunicaciones,restringido,media,físico,malware,falta de capacitación,2,4,aceptar,2024-12-17,0
fdb6aa89-665b-4040-8552-d909e8207ce2,MLV1-R06905,MLV1-A0773,información,interno,baja,digital,acceso no autorizado,falta de controles de acceso,4,3,mitigar,2024-12-18,0
d4bb08f5-c243-4181-b909-bdd9bd262023,MLV1-R07291,MLV1-A0100,redes y comunicaciones,interno,media,físico,interrupción del servicio,sin mantenimiento,2,1,mitigar,2024-12-18,0
e18615f9-504c-4bf9-b386-00fe8dee88f1,MLV1-R00966,MLV1-A0103,información,confidencial,media,digital,malware,falta de capacitación,1,4,aceptar,2024-12-20,0
aa6e92ff-2384-4db9-a671-bb41d8daf94d,MLV1-R01269,MLV1-A0910,redes y comunicaciones,publico,media,físico,acceso no autorizado,ausencia de políticas,3,3,aceptar,2024-12-20,0
64f526f1-ab62-418d-aef4-53cb9f3c2a71,MLV1-R05909,MLV1-A0431,redes y comunicaciones,interno,media,físico,error humano,ausencia de políticas,2,3,aceptar,2024-12-20,0
89d3d05b-12bf-43d1-9c01-6fb03904f85c,MLV1-R04900,MLV1-A0195,software,publico,baja,digital,interrupción del servicio,equipos obsoletos,3,3,aceptar,2024-12-21,0
96af2706-d476-4c12-82c8-5411125b1e0a,MLV1-R05483,MLV1-A0123,documentación,interno,media,físico,error humano,configuración incorrecta,1,3,aceptar,2024-12-21,1
6df6ea77-57e7-4076-84ce-5710340d3460,MLV1-R09757,MLV1-A0195,software,publico,baja,digital,acceso no autorizado,contraseñas débiles,5,1,mitigar,2024-12-21,0
7573d740-7747-4bfe-80bc-6b85d53247a9,MLV1-R00353,MLV1-A0017,información,interno,media,digital,acceso no autorizado,falta de controles de acceso,4,4,mitigar,2024-12-22,1
6b96cdb9-3f82-4cca-90f4-24a39ec583d5,MLV1-R00828,MLV1-A0431,redes y comunicaciones,interno,media,físico,interrupción del servicio,sin mantenimiento,2,2,aceptar,2024-12-22,0
9bab08ee-93a6-448e-b227-b9c998b4ed2c,MLV1-R01631,MLV1-A0613,otros,interno,baja,físico,robo,ausencia de políticas,2,2,aceptar,2024-12-22,0
2c4aaff8-4c60-4cb5-af64-dffa9f7dcffe,MLV1-R05371,MLV1-A0989,hardware,interno,alta,físico,daño físico,equipos obsoletos,4,3,mitigar,2024-12-22,1
0c9c6125-9705-40ae-8789-5071daf415c0,MLV1-R06356,MLV1-A0035,información,confidencial,critica,digital,acceso no autorizado,ausencia de políticas,1,3,aceptar,2024-12-22,0
c0a219ef-74c7-4312-87a9-2218785bfc36,MLV1-R08776,MLV1-A0924,hardware,interno,critica,físico,error humano,falta de capacitación,3,4,mitigar,2024-12-22,0
205abb78-5e5c-46c6-a715-9a28c587a39a,MLV1-R05077,MLV1-A0749,servicios ti,confidencial,alta,digital,interrupción del servicio,equipos obsoletos,5,4,mitigar,2024-12-23,0
d38eb341-7563-4996-9c92-4caa4157be1f,MLV1-R02605,MLV1-A0749,servicios ti,confidencial,alta,digital,acceso no autorizado,falta de controles de acceso,3,5,mitigar,2024-12-24,1
a2fb238f-d231-4af6-a9f1-794874e5b89f,MLV1-R03826,MLV1-A0431,redes y comunicaciones,interno,media,físico,error humano,falta de capacitación,3,2,aceptar,2024-12-24,0
12dd16ce-a0cb-49d4-8874-e145cdb7fbf0,MLV1-R09765,MLV1-A0033,información,confidencial,media,digital,malware,antivirus desactualizado,5,3,mitigar,2024-12-24,0
34011798-0cd7-46d8-af3a-18cf518f6038,MLV1-R03644,MLV1-A0053,información,interno,critica,digital,malware,antivirus desactualizado,4,4,mitigar,2024-12-25,0
89d453c3-3639-4d6a-89e3-ec6f1f7f265c,MLV1-R04230,MLV1-A0693,información,interno,alta,digital,pérdida de información,ausencia de respaldos,3,2,mitigar,2024-12-25,0
997dfcd2-fbfb-46fc-a9d7-6d2233ab4a2c,MLV1-R09470,MLV1-A0707,redes y comunicaciones,restringido,media,físico,interrupción del servicio,configuración incorrecta,3,2,transferir,2024-12-25,0
0ca8f32e-f4ca-407c-9a86-1a3b68ad838b,MLV1-R04953,MLV1-A0147,hardware,interno,media,físico,malware,configuración incorrecta,3,3,aceptar,2024-12-26,0
792fb1a2-6cff-435f-bc4b-0e48ad327769,MLV1-R01464,MLV1-A0090,documentación,confidencial,alta,digital,pérdida de información,ausencia de respaldos,3,5,mitigar,2024-12-27,1
7fc3e4b9-8c1b-4838-a3e7-a8e70b3f0260,MLV1-R01563,MLV1-A0680,documentación,confidencial,critica,físico,inundación,almacenamiento inadecuado,3,5,mitigar,2024-12-27,0
8847e3b1-5852-43fc-b53e-34bc5bd426b0,MLV1-R03259,MLV1-A0583,hardware,interno,media,físico,robo,ausencia de políticas,5,1,aceptar,2024-12-27,0
5c247a55-d95e-4c52-92ac-5dc7e89dd4a5,MLV1-R03600,MLV1-A0644,hardware,interno,critica,físico,malware,antivirus desactualizado,3,5,mitigar,2024-12-27,0
4e19bf9e-7c8e-4350-8898-9817ee03a059,MLV1-R04801,MLV1-A0163,software,confidencial,alta,digital,error humano,falta de capacitación,2,4,transferir,2024-12-27,0
cc21785b-9c18-4ce3-b77a-d0d75809f9a8,MLV1-R04979,MLV1-A0956,información,interno,baja,digital,ransomware,falta de capacitación,5,2,mitigar,2024-12-28,0
d1bf9883-8664-4468-8ad4-165af17eceed,MLV1-R02425,MLV1-A0258,software,interno,critica,digital,malware,falta de capacitación,3,3,mitigar,2024-12-29,0
7c7580d7-4663-48bc-bda8-67fa1647a58b,MLV1-R04813,MLV1-A0258,software,interno,critica,digital,pérdida de información,configuración incorrecta,3,5,mitigar,2024-12-29,0
e51026db-9041-4b5d-81b2-4fff4ad03874,MLV1-R05806,MLV1-A0344,hardware,publico,media,físico,daño físico,sin mantenimiento,5,3,mitigar,2024-12-29,1
89fa6480-2ef7-44da-9ed4-87c5511603b8,MLV1-R08589,MLV1-A0456,información,confidencial,media,digital,pérdida de información,almacenamiento inadecuado,2,4,aceptar,2024-12-29,0
43791c21-bb3b-4969-85fb-746690d5fd3e,MLV1-R00874,MLV1-A0585,hardware,interno,baja,físico,incendio,almacenamiento inadecuado,2,1,mitigar,2024-12-30,0
a7dfa38e-9f8d-4b3e-9b84-a30e320483f1,MLV1-R01531,MLV1-A0787,hardware,publico,baja,físico,error humano,falta de capacitación,2,1,aceptar,2024-12-30,0
947c42aa-441a-47e3-b66c-c9b4592d9522,MLV1-R01783,MLV1-A0847,información,interno,media,digital,malware,configuración incorrecta,1,2,aceptar,2024-12-30,0
51bfd532-ef19-47fb-91f4-d584948893ab,MLV1-R02068,MLV1-A0787,hardware,publico,baja,físico,falla eléctrica,equipos obsoletos,3,2,mitigar,2024-12-30,0
8252edde-d138-443b-bc6c-61b5ea894b5e,MLV1-R08345,MLV1-A0787,hardware,publico,baja,físico,falla eléctrica,sin mantenimiento,1,1,aceptar,2024-12-30,0
2fc16f56-5d82-4c2c-8050-3dcd63f849da,MLV1-R08958,MLV1-A0837,hardware,confidencial,media,físico,inundación,almacenamiento inadecuado,4,3,mitigar,2024-12-30,0
0a7d952d-57ac-4042-9935-9b14ecf79686,MLV1-R03958,MLV1-A0237,hardware,confidencial,baja,físico,error humano,falta de capacitación,2,1,mitigar,2024-12-31,0
7e704e5d-1616-47e9-834a-3c142b5d1989,MLV1-R05696,MLV1-A0956,información,interno,baja,digital,malware,falta de capacitación,3,3,mitigar,2024-12-31,0
8611b5b0-a792-49f1-82ec-bd63ba470d35,MLV1-R06215,MLV1-A0530,hardware,interno,alta,físico,acceso no autorizado,contraseñas débiles,4,5,mitigar,2024-12-31,0
89d7f0d7-264d-4248-bad8-997de58a11b2,MLV1-R06795,MLV1-A0984,redes y comunicaciones,interno,alta,físico,acceso no autorizado,falta de controles de acceso,5,4,mitigar,2024-12-31,0
f8bfadc7-16a1-4ea2-84a1-6bfaa2cea940,MLV1-R07512,MLV1-A0237,hardware,confidencial,baja,físico,acceso no autorizado,contraseñas débiles,5,4,mitigar,2024-12-31,0
1b637e39-0573-42e1-a102-fc0badd2e9f3,MLV1-R09452,MLV1-A0237,hardware,confidencial,baja,físico,malware,configuración incorrecta,4,2,mitigar,2024-12-31,0
f0d51ca7-ffbe-4e29-953b-dd296930faa1,MLV1-R09465,MLV1-A0867,hardware,interno,media,físico,robo,falta de controles de acceso,4,2,transferir,2024-12-31,0
ad3127d4-3753-411e-831a-a2c05aa92d07,MLV1-R07306,MLV1-A0358,hardware,interno,baja,físico,daño físico,equipos obsoletos,3,1,aceptar,2025-01-02,0
fdc5dbef-92fc-4ff5-acf4-ed0616bb6d23,MLV1-R01290,MLV1-A0250,documentación,interno,critica,digital,error humano,falta de capacitación,1,5,aceptar,2025-01-03,0
7ba2ff6a-713a-464c-b049-08b9dbc98ce3,MLV1-R08839,MLV1-A0147,hardware,interno,media,físico,acceso no autorizado,falta de controles de acceso,2,3,mitigar,2025-01-03,0
844cef05-7d6d-49cf-b215-3f551ea9287f,MLV1-R09193,MLV1-A0250,documentación,interno,critica,digital,inundación,almacenamiento inadecuado,2,4,mitigar,2025-01-03,0
d687698f-d6a5-4639-99b1-a71b548a669f,MLV1-R02437,MLV1-A0463,hardware,publico,media,físico,error humano,falta de capacitación,1,4,aceptar,2025-01-04,0
0bfea25e-e891-4fd3-bee3-3d9aa7048648,MLV1-R03004,MLV1-A0793,información,interno,media,digital,ransomware,antivirus desactualizado,4,1,aceptar,2025-01-04,0
1e1dec88-eb0c-40c8-bf0e-710d96d16602,MLV1-R03220,MLV1-A0278,servicios ti,interno,critica,digital,interrupción del servicio,configuración incorrecta,4,5,mitigar,2025-01-04,0
209dfd3c-9a5c-4840-83cb-a44d41ab110c,MLV1-R08039,MLV1-A0278,servicios ti,interno,critica,digital,interrupción del servicio,equipos obsoletos,5,4,mitigar,2025-01-04,0
e37f253b-e6c0-4977-862e-f2de9d0a5c61,MLV1-R00402,MLV1-A0706,documentación,publico,critica,físico,pérdida de información,almacenamiento inadecuado,3,5,mitigar,2025-01-05,0
3279dfe2-4262-4784-a6e6-67cdb571fbd1,MLV1-R00988,MLV1-A0228,software,restringido,media,digital,interrupción del servicio,sin mantenimiento,2,3,mitigar,2025-01-05,0
f4beb3fb-508b-4b6e-85ff-09b8affe8f6e,MLV1-R03214,MLV1-A0231,hardware,interno,alta,físico,error humano,configuración incorrecta,4,4,transferir,2025-01-05,0
6cc5d5d9-ea25-474a-b168-27dc87fc5482,MLV1-R06220,MLV1-A0228,software,restringido,media,digital,interrupción del servicio,configuración incorrecta,2,2,mitigar,2025-01-05,0
1b6b7633-c409-4a25-abc5-925706bf8535,MLV1-R06511,MLV1-A0807,software,interno,alta,digital,ransomware,antivirus desactualizado,2,4,mitigar,2025-01-05,0
9376aefc-1a84-4afd-9bda-f8dfc48724b0,MLV1-R06742,MLV1-A0228,software,restringido,media,digital,ransomware,antivirus desactualizado,2,1,aceptar,2025-01-05,0
08d64515-a542-4730-a5bf-d6ef03a84908,MLV1-R09030,MLV1-A0975,redes y comunicaciones,interno,critica,físico,malware,antivirus desactualizado,4,4,mitigar,2025-01-05,0
0d3e8f62-2ce1-4332-b53a-8d29d521e16d,MLV1-R04567,MLV1-A0385,software,interno,alta,digital,acceso no autorizado,contraseñas débiles,4,4,mitigar,2025-01-06,0
33695068-e208-4b2b-a75f-548cbc9e9fab,MLV1-R05994,MLV1-A0837,hardware,confidencial,media,físico,falla eléctrica,equipos obsoletos,2,3,mitigar,2025-01-06,0
4a5573e4-cc14-4582-af11-cfb0c9969788,MLV1-R01962,MLV1-A0848,redes y comunicaciones,confidencial,critica,físico,interrupción del servicio,configuración incorrecta,1,5,aceptar,2025-01-07,0
ecea3535-158f-47a6-95c3-dd23f98189b0,MLV1-R03564,MLV1-A0901,redes y comunicaciones,interno,alta,físico,malware,antivirus desactualizado,4,5,mitigar,2025-01-07,0
3bfef765-3cfb-46a1-a1f3-fddd7ac0f1ce,MLV1-R01037,MLV1-A0281,información,interno,media,digital,malware,configuración incorrecta,4,4,mitigar,2025-01-08,1
e2430d6b-65b3-4b6d-a7a7-5e69136c6a80,MLV1-R09600,MLV1-A0349,redes y comunicaciones,restringido,media,físico,interrupción del servicio,equipos obsoletos,1,3,mitigar,2025-01-08,0
efb1f33f-2ca4-42ac-b14b-4e83c560a49d,MLV1-R09887,MLV1-A0353,servicios ti,interno,alta,digital,pérdida de información,ausencia de respaldos,5,2,mitigar,2025-01-08,1
b37b7e61-35a2-43d8-ac20-e606ed59ac55,MLV1-R00590,MLV1-A0852,hardware,interno,critica,físico,falla eléctrica,sin mantenimiento,3,4,transferir,2025-01-09,0
96fa5b91-2822-4215-adfd-4fee6212eead,MLV1-R04261,MLV1-A0369,hardware,interno,media,físico,falla eléctrica,equipos obsoletos,5,4,transferir,2025-01-09,0
830fdec5-e033-43f8-9a2b-cbd24ecf6891,MLV1-R06529,MLV1-A0308,hardware,confidencial,baja,físico,daño físico,almacenamiento inadecuado,2,2,mitigar,2025-01-09,0
aeb59613-3981-41f6-954a-a8dc9bc686e0,MLV1-R06628,MLV1-A0212,información,confidencial,alta,digital,pérdida de información,almacenamiento inadecuado,4,5,mitigar,2025-01-09,0
8727a6c3-ad4a-4175-b77f-b5f6dd6524fe,MLV1-R00197,MLV1-A0367,hardware,confidencial,alta,físico,daño físico,almacenamiento inadecuado,3,4,transferir,2025-01-10,0
f0249cbd-310e-4d15-9de1-28a8692222ca,MLV1-R01974,MLV1-A0367,hardware,confidencial,alta,físico,falla eléctrica,equipos obsoletos,4,3,mitigar,2025-01-10,0
f2c16fd4-cd1f-442f-b81d-f144e1bfd111,MLV1-R03839,MLV1-A0367,hardware,confidencial,alta,físico,daño físico,equipos obsoletos,3,4,mitigar,2025-01-10,0
b5c9e57d-090a-4de2-8ef0-d0e95f1322a9,MLV1-R07870,MLV1-A0694,hardware,interno,media,físico,daño físico,sin mantenimiento,1,3,aceptar,2025-01-10,0
292b0003-fbb6-4121-8bef-b31e64f4cc42,MLV1-R00114,MLV1-A0852,hardware,interno,critica,físico,malware,antivirus desactualizado,3,5,mitigar,2025-01-11,0
35062148-6521-4523-98ef-dc7b0bf72df9,MLV1-R03277,MLV1-A0412,redes y comunicaciones,interno,alta,físico,acceso no autorizado,contraseñas débiles,4,3,evitar,2025-01-11,0
4e41da30-1119-420d-9c14-9a6c8616ef41,MLV1-R05450,MLV1-A0627,servicios ti,publico,media,digital,interrupción del servicio,sin mantenimiento,2,3,aceptar,2025-01-11,0
257800fd-017f-4968-85d4-7c7c73c32832,MLV1-R05488,MLV1-A0852,hardware,interno,critica,físico,acceso no autorizado,contraseñas débiles,5,4,mitigar,2025-01-11,1
65cf73b3-9d98-497f-990c-10a1ab01ab60,MLV1-R07083,MLV1-A0231,hardware,interno,alta,físico,daño físico,sin mantenimiento,1,5,aceptar,2025-01-11,0
0e49fabe-bad9-4170-bafd-854cf8f6666a,MLV1-R06005,MLV1-A0169,hardware,interno,alta,físico,acceso no autorizado,contraseñas débiles,4,4,mitigar,2025-01-12,0
90c530ca-f57c-43e8-b751-52ea374d1dd4,MLV1-R06108,MLV1-A0495,servicios ti,interno,media,digital,ransomware,antivirus desactualizado,5,1,aceptar,2025-01-12,0
0d86e368-fb1f-4d36-896e-253461ef3e16,MLV1-R00180,MLV1-A0208,documentación,interno,media,físico,inundación,ausencia de políticas,3,4,mitigar,2025-01-13,0
5ebd9877-a189-468b-91d0-bcea63cdf69b,MLV1-R01335,MLV1-A0333,redes y comunicaciones,restringido,alta,físico,error humano,configuración incorrecta,1,3,aceptar,2025-01-13,0
cf6e34f8-297c-4550-a1a9-f23af78fecd9,MLV1-R05326,MLV1-A0379,hardware,interno,media,físico,malware,antivirus desactualizado,3,3,aceptar,2025-01-13,0
5d6e786b-14f7-4a26-aee4-870b524b1c9c,MLV1-R05393,MLV1-A0195,software,publico,baja,digital,malware,configuración incorrecta,3,1,mitigar,2025-01-13,0
8a04ebd0-3dfa-4a93-83e9-629eb879a8ca,MLV1-R08499,MLV1-A0258,software,interno,critica,digital,interrupción del servicio,configuración incorrecta,4,5,mitigar,2025-01-13,0
743fe643-09a7-4648-82f7-fca4b55a4208,MLV1-R08592,MLV1-A0848,redes y comunicaciones,confidencial,critica,físico,error humano,configuración incorrecta,3,4,mitigar,2025-01-13,0
4abbdff4-e72c-47cb-90e7-064cbd31d236,MLV1-R09961,MLV1-A0664,servicios ti,interno,media,digital,malware,antivirus desactualizado,5,4,evitar,2025-01-13,0
c37700ce-c1d4-4b1d-922b-b80f9db05302,MLV1-R04536,MLV1-A0552,software,interno,baja,digital,malware,configuración incorrecta,5,1,mitigar,2025-01-14,0
bd9d1928-841c-4756-9e92-45182076741d,MLV1-R02129,MLV1-A0353,servicios ti,interno,alta,digital,malware,antivirus desactualizado,3,3,aceptar,2025-01-15,0
3b8736e7-90cd-4a74-b12c-ca354cdd073a,MLV1-R02730,MLV1-A0911,redes y comunicaciones,confidencial,media,físico,malware,falta de capacitación,5,5,mitigar,2025-01-16,0
bcb8f3ec-a949-4005-88ad-2bb21b805a0d,MLV1-R03707,MLV1-A0911,redes y comunicaciones,confidencial,media,físico,error humano,ausencia de políticas,2,2,aceptar,2025-01-16,0
c282aed4-1be9-493a-99ed-488e73daefdd,MLV1-R05017,MLV1-A0322,redes y comunicaciones,confidencial,critica,físico,interrupción del servicio,sin mantenimiento,2,5,aceptar,2025-01-16,0
56f04a0d-4b08-4240-85d8-d2be7aaa136a,MLV1-R05881,MLV1-A0911,redes y comunicaciones,confidencial,media,físico,malware,falta de capacitación,4,3,mitigar,2025-01-16,0
57c63743-ad1b-4eaa-b537-969532a77b87,MLV1-R06053,MLV1-A0456,información,confidencial,media,digital,malware,antivirus desactualizado,4,1,aceptar,2025-01-16,0
6a273788-2764-4265-b91b-4fd41584790e,MLV1-R07137,MLV1-A0527,hardware,interno,media,físico,acceso no autorizado,contraseñas débiles,2,1,aceptar,2025-01-17,0
85af2ea0-868c-4b86-ab56-9fb848785029,MLV1-R09511,MLV1-A0527,hardware,interno,media,físico,robo,ausencia de políticas,1,3,aceptar,2025-01-17,0
df15bda4-e126-4dbb-a087-1d2733550792,MLV1-R01592,MLV1-A0296,redes y comunicaciones,interno,media,físico,malware,antivirus desactualizado,4,4,mitigar,2025-01-18,0
55937810-ef65-4eaf-aa8a-679c2c49dffb,MLV1-R03793,MLV1-A0379,hardware,interno,media,físico,incendio,almacenamiento inadecuado,3,3,mitigar,2025-01-18,0
1e1fe636-41ea-4e63-89a2-a2fe31d14308,MLV1-R06360,MLV1-A0848,redes y comunicaciones,confidencial,critica,físico,interrupción del servicio,equipos obsoletos,3,5,mitigar,2025-01-18,0
ebb4c829-2f80-4858-bd63-4f2c2e654626,MLV1-R06917,MLV1-A0480,software,interno,critica,digital,error humano,falta de capacitación,2,5,aceptar,2025-01-18,0
e6140f07-fa0e-48e0-8adf-3f311bc7e956,MLV1-R09141,MLV1-A0495,servicios ti,interno,media,digital,acceso no autorizado,contraseñas débiles,3,2,mitigar,2025-01-18,0
6e7e8847-30d7-4cfc-9a93-dc1a7aad4d21,MLV1-R09744,MLV1-A0960,información,interno,media,digital,pérdida de información,almacenamiento inadecuado,3,2,mitigar,2025-01-18,0
43a8d609-3a30-4fac-9518-949a40c1817a,MLV1-R01105,MLV1-A0642,documentación,interno,media,digital,robo,falta de controles de acceso,5,4,mitigar,2025-01-19,0
cc8559a6-6a07-4b52-9ab1-f5f750cd712f,MLV1-R01325,MLV1-A0642,documentación,interno,media,digital,pérdida de información,ausencia de respaldos,3,3,mitigar,2025-01-19,0
fd8ae2de-bcb0-4f35-8dbf-4380570d7d23,MLV1-R04772,MLV1-A0642,documentación,interno,media,digital,incendio,ausencia de políticas,4,5,mitigar,2025-01-19,0
49756f36-3445-4f9c-9add-ebff65d66bcd,MLV1-R05350,MLV1-A0642,documentación,interno,media,digital,daño físico,sin mantenimiento,5,3,mitigar,2025-01-19,0
d27cfdb4-3814-42ed-9ecb-e9127c1a56c0,MLV1-R08857,MLV1-A0333,redes y comunicaciones,restringido,alta,físico,malware,configuración incorrecta,1,3,aceptar,2025-01-19,0
05fdb861-82a0-4cd8-bb3b-4489b84baebd,MLV1-R02202,MLV1-A0357,servicios ti,confidencial,media,digital,interrupción del servicio,configuración incorrecta,2,1,aceptar,2025-01-20,1
fd1689ab-12d9-4872-8c42-4d725f2efbad,MLV1-R04164,MLV1-A0753,hardware,interno,media,físico,acceso no autorizado,contraseñas débiles,2,3,transferir,2025-01-20,0
43c5a4b6-28da-4f37-ad04-91418a4c6f09,MLV1-R05854,MLV1-A0847,información,interno,media,digital,acceso no autorizado,falta de controles de acceso,4,3,evitar,2025-01-20,0
9e6d9b4c-8a21-404d-9d78-df3ee44980f9,MLV1-R06654,MLV1-A0213,software,confidencial,baja,digital,malware,configuración incorrecta,2,1,aceptar,2025-01-20,0
f349781a-b92c-4d43-92b4-95c83063a887,MLV1-R08242,MLV1-A0213,software,confidencial,baja,digital,pérdida de información,almacenamiento inadecuado,2,3,mitigar,2025-01-20,1
e5aa6210-8c8c-4c5d-aa85-2a7f2fe50e95,MLV1-R08374,MLV1-A0213,software,confidencial,baja,digital,error humano,falta de capacitación,2,3,mitigar,2025-01-20,0
238dde3c-7f01-40cb-9425-31637b005b78,MLV1-R09399,MLV1-A0529,información,interno,media,digital,malware,falta de capacitación,3,4,mitigar,2025-01-20,0
473bda3e-4ab7-4677-8d8b-1d4952a9393e,MLV1-R04607,MLV1-A0341,información,interno,media,digital,divulgación de información,falta de controles de acceso,4,3,mitigar,2025-01-21,0
bb5938d0-0ffc-47c0-b435-e4766914e7b5,MLV1-R05496,MLV1-A0108,hardware,confidencial,alta,físico,falla eléctrica,sin mantenimiento,1,5,mitigar,2025-01-21,0
dec4424d-3620-4970-9ecf-2bfa62edfec7,MLV1-R07583,MLV1-A0358,hardware,interno,baja,físico,acceso no autorizado,falta de controles de acceso,5,2,transferir,2025-01-22,0
556cbc49-6080-4105-8eaf-127bbc409db8,MLV1-R00944,MLV1-A0302,información,confidencial,media,digital,acceso no autorizado,ausencia de políticas,3,2,mitigar,2025-01-23,0
f3e80649-2f29-41ff-8ec8-ad1acadaeb36,MLV1-R06348,MLV1-A0880,servicios ti,confidencial,alta,digital,error humano,falta de capacitación,3,4,mitigar,2025-01-23,0
c9620920-6ce4-4433-a572-c72e4954da67,MLV1-R08507,MLV1-A0830,redes y comunicaciones,restringido,media,físico,interrupción del servicio,configuración incorrecta,1,2,mitigar,2025-01-23,0
d8ddd74c-46cc-4242-844f-8859ae0089f0,MLV1-R02913,MLV1-A0707,redes y comunicaciones,restringido,media,físico,falla eléctrica,equipos obsoletos,5,2,mitigar,2025-01-24,0
3efb081c-5e31-43f0-8c73-bb6e50202b60,MLV1-R03165,MLV1-A0999,hardware,interno,media,físico,error humano,falta de capacitación,3,4,mitigar,2025-01-24,0
b0971024-352e-406a-9729-fd5a1e2f0d75,MLV1-R04896,MLV1-A0999,hardware,interno,media,físico,falla eléctrica,equipos obsoletos,4,3,mitigar,2025-01-24,0
b9e054e1-6dd8-4f7c-8c73-48792928cc4a,MLV1-R07127,MLV1-A0999,hardware,interno,media,físico,acceso no autorizado,contraseñas débiles,5,3,transferir,2025-01-24,0
65d63894-88e3-4958-b009-8bffb6f8b1c6,MLV1-R08681,MLV1-A0985,hardware,interno,alta,físico,error humano,configuración incorrecta,2,3,transferir,2025-01-24,0
5f81ab09-204a-4432-9153-7bdafb05b8f9,MLV1-R09981,MLV1-A0999,hardware,interno,media,físico,error humano,falta de capacitación,4,2,mitigar,2025-01-24,0
30ec32c0-ee6b-46b9-9122-7e867c6c53e1,MLV1-R00141,MLV1-A0014,software,interno,critica,digital,malware,antivirus desactualizado,5,4,evitar,2025-01-25,0
7b6603a9-d247-4b5e-a69a-10e51ad789bf,MLV1-R01669,MLV1-A0369,hardware,interno,media,físico,robo,falta de controles de acceso,4,2,mitigar,2025-01-25,0
d97c26b3-286a-43b7-9f6e-3f268bd693b1,MLV1-R03779,MLV1-A0275,hardware,interno,media,físico,acceso no autorizado,contraseñas débiles,3,1,aceptar,2025-01-25,0
5eaff6f9-994f-45e7-88e4-42d20b697754,MLV1-R04652,MLV1-A0531,redes y comunicaciones,interno,media,físico,interrupción del servicio,sin mantenimiento,4,3,evitar,2025-01-25,1
1185146b-c8ca-4c7d-9547-4e796e973ceb,MLV1-R07919,MLV1-A0531,redes y comunicaciones,interno,media,físico,malware,configuración incorrecta,4,1,aceptar,2025-01-25,0
2db85db6-b085-4c10-b228-ae90a00e2c7e,MLV1-R02133,MLV1-A0898,información,interno,critica,digital,acceso no autorizado,contraseñas débiles,3,5,mitigar,2025-01-26,0
5c76d50a-7027-4a43-baf8-d7a892a88b78,MLV1-R06314,MLV1-A0527,hardware,interno,media,físico,robo,falta de controles de acceso,3,4,mitigar,2025-01-26,0
117f76c0-ef2a-4cb4-bf0b-412ba3328ede,MLV1-R07496,MLV1-A0275,hardware,interno,media,físico,falla eléctrica,equipos obsoletos,3,2,mitigar,2025-01-26,0
2a95aba8-686b-4528-bfdb-19e9ec5b6316,MLV1-R08919,MLV1-A0240,software,interno,media,digital,malware,falta de capacitación,2,3,mitigar,2025-01-26,0
9f528e3a-f2e7-4788-9fc4-74b011ed6325,MLV1-R00479,MLV1-A0684,hardware,interno,media,físico,malware,antivirus desactualizado,5,3,evitar,2025-01-27,0
1e7deae2-42df-45f3-ae62-fdcf469beee9,MLV1-R03804,MLV1-A0429,software,restringido,media,digital,malware,configuración incorrecta,2,3,mitigar,2025-01-27,0
87f2e77a-c9fc-43a7-9696-cc4434ee04b1,MLV1-R03910,MLV1-A0429,software,restringido,media,digital,ransomware,antivirus desactualizado,5,2,mitigar,2025-01-27,0
67e7c64a-4784-4fed-9a12-cb428f3e2841,MLV1-R01603,MLV1-A0326,otros,confidencial,alta,físico,error humano,falta de capacitación,2,2,aceptar,2025-01-28,1
3552b161-d755-45b8-8b7e-b5b9cfd177ee,MLV1-R01757,MLV1-A0446,hardware,confidencial,alta,físico,malware,configuración incorrecta,2,5,mitigar,2025-01-28,0
f78752c7-0b0c-43c6-a38d-44433823cc43,MLV1-R07874,MLV1-A0326,otros,confidencial,alta,físico,daño físico,equipos obsoletos,2,3,transferir,2025-01-28,0
3cee4ade-eb17-47cc-adcc-9d1dfc8d643f,MLV1-R00157,MLV1-A0526,hardware,restringido,alta,físico,malware,falta de capacitación,4,4,mitigar,2025-01-29,1
8f91e322-a7aa-43cd-835a-fdfc0c0ce6f1,MLV1-R02261,MLV1-A0526,hardware,restringido,alta,físico,robo,ausencia de políticas,2,3,mitigar,2025-01-29,0
40270c2d-4500-4be6-92ad-f3c7e21b5951,MLV1-R04643,MLV1-A0007,hardware,publico,alta,físico,robo,falta de controles de acceso,4,3,mitigar,2025-01-29,0
8bc032f1-64cb-4893-81ad-9f03807ffeca,MLV1-R02108,MLV1-A0270,software,confidencial,media,digital,malware,configuración incorrecta,3,1,aceptar,2025-01-30,0
e6bb96f2-b21d-4990-ab19-09542406f2a5,MLV1-R03237,MLV1-A0911,redes y comunicaciones,confidencial,media,físico,acceso no autorizado,falta de controles de acceso,4,3,transferir,2025-01-30,0
02c00416-ddba-49b0-9631-02ffe0a76c16,MLV1-R06812,MLV1-A0675,información,confidencial,alta,digital,acceso no autorizado,contraseñas débiles,3,3,aceptar,2025-01-30,0
ecd6daa1-5f74-486b-b7d1-a2e5261eb0bd,MLV1-R07059,MLV1-A0206,información,interno,alta,digital,ransomware,falta de capacitación,5,5,transferir,2025-01-30,0
3a80ae37-8d63-4095-95b5-33b621c3310a,MLV1-R08606,MLV1-A0675,información,confidencial,alta,digital,error humano,configuración incorrecta,2,2,aceptar,2025-01-30,0
f4455d0c-4b33-4956-83e5-b427d7806155,MLV1-R09281,MLV1-A0206,información,interno,alta,digital,divulgación de información,falta de controles de acceso,5,2,mitigar,2025-01-30,0
a6eb9431-1c21-4306-bc6d-8e84e69928db,MLV1-R09406,MLV1-A0583,hardware,interno,media,físico,daño físico,sin mantenimiento,2,2,aceptar,2025-01-30,0
4c9c5b88-b626-44b0-bf22-4d698ac6cd6f,MLV1-R01640,MLV1-A0867,hardware,interno,media,físico,acceso no autorizado,ausencia de políticas,3,3,mitigar,2025-01-31,0
4cf4d0c9-6011-4335-8be1-342f4623345a,MLV1-R02575,MLV1-A0531,redes y comunicaciones,interno,media,físico,acceso no autorizado,ausencia de políticas,1,3,aceptar,2025-01-31,0
26d51ccb-ac3a-4f64-b63f-fdf7518fc8cd,MLV1-R03771,MLV1-A0706,documentación,publico,critica,físico,incendio,almacenamiento inadecuado,1,5,aceptar,2025-02-01,0
64af9a53-0534-4592-88df-7a628c5b1129,MLV1-R07258,MLV1-A0206,información,interno,alta,digital,error humano,ausencia de políticas,3,3,aceptar,2025-02-01,0
52fa17ce-0a8e-4fc9-9062-777d68639ff5,MLV1-R09494,MLV1-A0502,documentación,publico,media,digital,incendio,almacenamiento inadecuado,2,3,mitigar,2025-02-01,0
d281ae2a-af78-437d-846b-c86452d08798,MLV1-R02639,MLV1-A0793,información,interno,media,digital,pérdida de información,ausencia de respaldos,2,1,aceptar,2025-02-02,0
d137b95b-10b4-49c5-bfb0-fb980a9ebd06,MLV1-R09733,MLV1-A0264,software,confidencial,alta,digital,pérdida de información,ausencia de respaldos,3,4,mitigar,2025-02-02,0
1bea3c62-be70-4aee-9da3-143c4d8672db,MLV1-R03867,MLV1-A0073,información,confidencial,media,digital,ransomware,falta de capacitación,2,2,aceptar,2025-02-03,0
3e5df5aa-3b53-4338-b77b-bd75dc48f977,MLV1-R04921,MLV1-A0482,documentación,confidencial,alta,físico,robo,ausencia de políticas,5,5,mitigar,2025-02-03,0
660d69c7-802a-4ea8-b40a-97c4877f61a0,MLV1-R06587,MLV1-A0123,documentación,interno,media,físico,divulgación de información,falta de controles de acceso,2,3,mitigar,2025-02-03,0
b58f6cbd-a16f-4654-87b9-bb2aa097e58e,MLV1-R00192,MLV1-A0563,hardware,interno,alta,físico,robo,ausencia de políticas,2,3,mitigar,2025-02-04,0
349a3ccf-8fb8-4b6e-9af3-5d522d7ac67c,MLV1-R09540,MLV1-A0563,hardware,interno,alta,físico,malware,antivirus desactualizado,4,4,mitigar,2025-02-04,0
29dd88ea-e1c9-4d06-82e8-dd66545856bf,MLV1-R00377,MLV1-A0080,información,confidencial,media,digital,acceso no autorizado,contraseñas débiles,3,4,mitigar,2025-02-05,0
59c38e5e-0fa0-406b-9524-ed3fc85b95ad,MLV1-R00481,MLV1-A0080,información,confidencial,media,digital,malware,configuración incorrecta,2,3,mitigar,2025-02-05,0
f8ca8b31-4466-4f21-b2d7-812583fc78fd,MLV1-R01709,MLV1-A0644,hardware,interno,critica,físico,error humano,falta de capacitación,4,5,mitigar,2025-02-05,0
d3b6159e-b135-475f-a675-60946eb6f122,MLV1-R03736,MLV1-A0080,información,confidencial,media,digital,divulgación de información,contraseñas débiles,4,1,aceptar,2025-02-05,1
453d9994-9cc4-48de-b3d5-1519a06ce197,MLV1-R08699,MLV1-A0497,documentación,publico,alta,digital,pérdida de información,ausencia de respaldos,4,4,mitigar,2025-02-05,0
17c827e9-60e6-4e2d-b6b8-9e220725c56a,MLV1-R07392,MLV1-A0529,información,interno,media,digital,ransomware,ausencia de respaldos,3,3,transferir,2025-02-06,0
00f9da10-ecb2-4461-b542-8a7cbddb7954,MLV1-R03747,MLV1-A0090,documentación,confidencial,alta,digital,pérdida de información,ausencia de respaldos,5,4,mitigar,2025-02-07,0
e588cbc9-a310-445b-ae16-83c0bacf68fa,MLV1-R04934,MLV1-A0548,servicios ti,restringido,media,digital,ransomware,falta de capacitación,2,3,mitigar,2025-02-08,1
17d5c46a-363e-4089-8e27-978e71853e06,MLV1-R06122,MLV1-A0415,documentación,interno,media,digital,robo,falta de controles de acceso,4,3,transferir,2025-02-08,0
08262c8a-ac52-4e06-847c-9b16b553b2dc,MLV1-R07118,MLV1-A0429,software,restringido,media,digital,interrupción del servicio,equipos obsoletos,3,4,transferir,2025-02-08,1
6a9ff79e-52ce-4012-a0b3-3bf8eabfe486,MLV1-R08694,MLV1-A0057,hardware,interno,critica,físico,daño físico,sin mantenimiento,4,5,mitigar,2025-02-08,1
39d79c06-3f1a-4e00-a6c9-a044683cfce6,MLV1-R09656,MLV1-A0901,redes y comunicaciones,interno,alta,físico,falla eléctrica,equipos obsoletos,2,3,aceptar,2025-02-08,0
a57e3a08-c09c-49be-bd05-f80f17b48566,MLV1-R02623,MLV1-A0213,software,confidencial,baja,digital,acceso no autorizado,contraseñas débiles,3,2,mitigar,2025-02-09,0
6e6a23fd-98c4-4f10-878d-f1a16201b2e6,MLV1-R02856,MLV1-A0497,documentación,publico,alta,digital,incendio,almacenamiento inadecuado,4,5,mitigar,2025-02-09,1
78156d3e-b4e7-4b2f-b001-0a4f19cc7cba,MLV1-R09082,MLV1-A0985,hardware,interno,alta,físico,acceso no autorizado,contraseñas débiles,3,4,mitigar,2025-02-09,0
e51f0bd5-f4ca-4d73-abe4-15914032477e,MLV1-R01245,MLV1-A0497,documentación,publico,alta,digital,error humano,ausencia de políticas,4,4,mitigar,2025-02-10,0
29b3f508-fbfc-4be2-9d20-56271f266513,MLV1-R01930,MLV1-A0627,servicios ti,publico,media,digital,interrupción del servicio,configuración incorrecta,3,4,mitigar,2025-02-10,0
9bb5c90d-490d-4078-bd1b-9f314486f065,MLV1-R02132,MLV1-A0306,redes y comunicaciones,interno,baja,físico,error humano,ausencia de políticas,3,1,mitigar,2025-02-10,0
560c4ae7-d8ce-4617-b216-87444b7f7979,MLV1-R05922,MLV1-A0531,redes y comunicaciones,interno,media,físico,malware,falta de capacitación,3,2,aceptar,2025-02-10,0
62ae135a-4342-457c-afb0-8c228f24298b,MLV1-R08337,MLV1-A0237,hardware,confidencial,baja,físico,error humano,falta de capacitación,3,2,mitigar,2025-02-10,0
0ce099eb-a925-480a-b978-40e792f2e2e5,MLV1-R06789,MLV1-A0379,hardware,interno,media,físico,daño físico,equipos obsoletos,3,3,aceptar,2025-02-11,0
63bef7fb-7226-4758-b403-0fd84bab7a5f,MLV1-R04636,MLV1-A0985,hardware,interno,alta,físico,robo,falta de controles de acceso,3,4,mitigar,2025-02-12,1
724fc0d4-31dc-4141-af85-2ac9debe5372,MLV1-R09032,MLV1-A0271,hardware,publico,critica,físico,error humano,falta de capacitación,3,5,transferir,2025-02-12,0
55e461ec-d9ae-48cb-bfe0-b1efa54fbe2e,MLV1-R09294,MLV1-A0271,hardware,publico,critica,físico,falla eléctrica,equipos obsoletos,2,4,mitigar,2025-02-12,0
e3c87250-08e9-4800-82cd-1cea20437f98,MLV1-R02920,MLV1-A0371,hardware,interno,media,físico,daño físico,almacenamiento inadecuado,2,3,transferir,2025-02-13,0
9332982e-4863-499e-a4c9-176848559089,MLV1-R07803,MLV1-A0999,hardware,interno,media,físico,daño físico,almacenamiento inadecuado,1,2,aceptar,2025-02-13,0
5c3fde1a-7ff4-44a3-beb2-9468c050530f,MLV1-R09333,MLV1-A0342,redes y comunicaciones,restringido,alta,físico,acceso no autorizado,falta de controles de acceso,5,4,mitigar,2025-02-13,0
23e03b61-cc24-4bef-ad7e-1f7a71228409,MLV1-R04072,MLV1-A0240,software,interno,media,digital,malware,falta de capacitación,5,3,mitigar,2025-02-14,1
a55e14be-b798-4511-bc85-0740dace4f49,MLV1-R05418,MLV1-A0654,servicios ti,interno,media,digital,ransomware,antivirus desactualizado,2,3,mitigar,2025-02-14,1
e5fa959c-2279-4f39-ac37-e452d661d3c3,MLV1-R07287,MLV1-A0689,información,interno,alta,digital,pérdida de información,ausencia de respaldos,3,2,mitigar,2025-02-14,0
5c7f368b-447d-4aa8-83f0-86d10677fc3b,MLV1-R09135,MLV1-A0654,servicios ti,interno,media,digital,ransomware,falta de capacitación,1,3,aceptar,2025-02-14,0
cafb558c-f8b1-4654-a1eb-e63219425c43,MLV1-R03956,MLV1-A0329,software,publico,alta,digital,interrupción del servicio,sin mantenimiento,2,2,aceptar,2025-02-15,0
16f391ef-4e3e-4577-81eb-20fc90a160ae,MLV1-R04267,MLV1-A0466,hardware,interno,media,físico,error humano,falta de capacitación,4,3,mitigar,2025-02-15,0
14f79d65-8b92-4d6d-a581-217e1e4d5de9,MLV1-R05755,MLV1-A0694,hardware,interno,media,físico,incendio,almacenamiento inadecuado,2,4,mitigar,2025-02-15,0
00e0306d-7649-47b1-8fe1-5add82319bf8,MLV1-R09703,MLV1-A0466,hardware,interno,media,físico,acceso no autorizado,contraseñas débiles,4,5,mitigar,2025-02-15,0
f7aaa79f-beda-4edc-ae0b-b5bf74f26c3b,MLV1-R03325,MLV1-A0976,hardware,interno,alta,físico,daño físico,equipos obsoletos,3,4,mitigar,2025-02-16,1
b76df065-e82e-442a-b6b5-1256e208069d,MLV1-R03561,MLV1-A0976,hardware,interno,alta,físico,acceso no autorizado,ausencia de políticas,1,3,aceptar,2025-02-16,0
1db56af3-bdba-4364-86f3-e66004021a09,MLV1-R06975,MLV1-A0745,software,interno,alta,digital,interrupción del servicio,configuración incorrecta,3,5,mitigar,2025-02-16,0
ef8abe21-7aac-4b61-bb7c-f840027670d1,MLV1-R02918,MLV1-A0339,software,publico,alta,digital,interrupción del servicio,equipos obsoletos,3,4,mitigar,2025-02-17,0
64f8d269-75ba-4fdf-9e6a-4740ec6f2d0e,MLV1-R03734,MLV1-A0765,hardware,interno,media,físico,daño físico,sin mantenimiento,3,2,mitigar,2025-02-17,0
e18f25fc-7a48-4686-85b9-aed2ab0a7c8c,MLV1-R09020,MLV1-A0689,información,interno,alta,digital,error humano,falta de capacitación,1,3,mitigar,2025-02-17,0
cdf1622f-4c9c-42fc-9218-384a992c7097,MLV1-R09407,MLV1-A0332,otros,interno,media,físico,robo,ausencia de políticas,4,4,mitigar,2025-02-17,0
5df7c806-5d52-4239-89e4-fe01a792d4d5,MLV1-R00560,MLV1-A0852,hardware,interno,critica,físico,acceso no autorizado,falta de controles de acceso,4,4,mitigar,2025-02-18,1
cac979fc-716a-411e-838e-41b35c40549e,MLV1-R04758,MLV1-A0441,hardware,restringido,alta,físico,falla eléctrica,sin mantenimiento,3,4,mitigar,2025-02-18,1
4f5508ac-75cb-4c19-ba1f-4955e023d391,MLV1-R00102,MLV1-A0429,software,restringido,media,digital,ransomware,ausencia de respaldos,3,5,mitigar,2025-02-19,0
f16bba49-0a67-4ee9-bcab-018122453527,MLV1-R00532,MLV1-A0186,información,interno,alta,digital,divulgación de información,contraseñas débiles,3,4,mitigar,2025-02-19,0
3a59fb03-679e-486a-ab01-853fca6d5d92,MLV1-R00754,MLV1-A0186,información,interno,alta,digital,acceso no autorizado,contraseñas débiles,4,5,transferir,2025-02-19,1
62fdec68-6aae-46d3-acf4-45c484541433,MLV1-R02137,MLV1-A0372,redes y comunicaciones,publico,media,físico,malware,antivirus desactualizado,3,4,mitigar,2025-02-19,0
54834010-cb0d-48e7-80a4-33f28e6f3c6a,MLV1-R03832,MLV1-A0186,información,interno,alta,digital,acceso no autorizado,ausencia de políticas,2,4,aceptar,2025-02-19,0
573ae7ec-a25f-41b4-b390-894e12c27391,MLV1-R03847,MLV1-A0186,información,interno,alta,digital,acceso no autorizado,contraseñas débiles,4,3,transferir,2025-02-19,0
1da29767-4a5e-4cb3-b2bc-b7713e544be1,MLV1-R04726,MLV1-A0711,documentación,interno,critica,digital,error humano,falta de capacitación,2,5,mitigar,2025-02-19,0
f422d144-8534-402d-b4d9-dd4e20c5e926,MLV1-R06400,MLV1-A0186,información,interno,alta,digital,pérdida de información,configuración incorrecta,1,3,aceptar,2025-02-19,0
37ac4759-5a01-43d6-995d-14b3cb10729d,MLV1-R07248,MLV1-A0186,información,interno,alta,digital,acceso no autorizado,falta de controles de acceso,3,2,mitigar,2025-02-19,0
3040ffbe-5571-47fe-9671-12294094514a,MLV1-R08055,MLV1-A0711,documentación,interno,critica,digital,pérdida de información,ausencia de respaldos,2,5,aceptar,2025-02-19,0
338e4050-29f0-4b39-ada5-3bc667cf6bb0,MLV1-R01121,MLV1-A0563,hardware,interno,alta,físico,inundación,almacenamiento inadecuado,3,3,mitigar,2025-02-20,0
b90be5ed-a2fb-469d-9b6a-e0adc6671856,MLV1-R02621,MLV1-A0414,servicios ti,interno,critica,digital,pérdida de información,almacenamiento inadecuado,1,5,aceptar,2025-02-21,0
fb900c96-7875-4e18-bc33-1702616bfce6,MLV1-R04314,MLV1-A0761,hardware,confidencial,media,físico,falla eléctrica,equipos obsoletos,2,4,mitigar,2025-02-21,1
0c1d5f8a-7fb1-4035-9306-610f114a1ae8,MLV1-R05394,MLV1-A0276,documentación,interno,alta,digital,robo,ausencia de políticas,4,3,mitigar,2025-02-21,0
49429370-f831-4a82-a71a-69f96fc07ddc,MLV1-R05453,MLV1-A0895,documentación,publico,alta,digital,inundación,almacenamiento inadecuado,1,4,mitigar,2025-02-21,0
4dc4902b-2472-4e1a-bb40-8c9fee5b9dbf,MLV1-R06045,MLV1-A0141,redes y comunicaciones,interno,critica,físico,acceso no autorizado,contraseñas débiles,3,4,mitigar,2025-02-21,0
f77048d9-5d5f-4ce6-8bfc-f168f820344a,MLV1-R06457,MLV1-A0341,información,interno,media,digital,acceso no autorizado,falta de controles de acceso,3,3,mitigar,2025-02-21,0
8f4f0041-82b6-44df-880c-d5014a820340,MLV1-R09132,MLV1-A0761,hardware,confidencial,media,físico,daño físico,sin mantenimiento,4,2,mitigar,2025-02-21,0
7da9853e-bc59-43d0-940e-48888a8941a9,MLV1-R01510,MLV1-A0515,redes y comunicaciones,interno,critica,físico,interrupción del servicio,equipos obsoletos,2,5,mitigar,2025-02-22,0
fcfe2343-78c0-4ab8-a31f-960e10923c22,MLV1-R02381,MLV1-A0429,software,restringido,media,digital,acceso no autorizado,contraseñas débiles,4,2,mitigar,2025-02-22,0
d1f5194d-ea27-41ef-adfa-80dba8f17434,MLV1-R05438,MLV1-A0053,información,interno,critica,digital,pérdida de información,ausencia de respaldos,3,4,mitigar,2025-02-22,0
c4721e2d-cf42-4c6d-bb6c-e495084221ea,MLV1-R06145,MLV1-A0515,redes y comunicaciones,interno,critica,físico,interrupción del servicio,equipos obsoletos,3,4,mitigar,2025-02-22,0
f1ae9b97-65f3-475d-8012-0400a499b662,MLV1-R00533,MLV1-A0437,redes y comunicaciones,interno,critica,físico,falla eléctrica,equipos obsoletos,3,3,mitigar,2025-02-23,0
d7a76940-0c66-4776-898c-ca46dd61ad9d,MLV1-R01125,MLV1-A0804,información,restringido,alta,digital,error humano,configuración incorrecta,2,4,mitigar,2025-02-23,0
2fe0466c-3342-4ff6-9439-abe8f88b742e,MLV1-R03791,MLV1-A0984,redes y comunicaciones,interno,alta,físico,interrupción del servicio,configuración incorrecta,3,5,mitigar,2025-02-23,0
227af9f3-9a14-4793-a9ee-843c2ac971cf,MLV1-R07033,MLV1-A0412,redes y comunicaciones,interno,alta,físico,error humano,falta de capacitación,2,4,mitigar,2025-02-23,0
c01a567c-0bef-40c2-9562-b65ae21119b3,MLV1-R07270,MLV1-A0371,hardware,interno,media,físico,malware,configuración incorrecta,3,3,mitigar,2025-02-23,0
6624c287-8c32-4223-8c96-05c8c4aa0bb0,MLV1-R08233,MLV1-A0829,servicios ti,confidencial,media,digital,pérdida de información,configuración incorrecta,2,3,mitigar,2025-02-23,0
fc05b6a1-fbde-4e79-b2c0-8c5ed2102787,MLV1-R08812,MLV1-A0829,servicios ti,confidencial,media,digital,malware,antivirus desactualizado,5,2,mitigar,2025-02-23,0
e00b4aa3-9b7d-42cb-833d-61971a5399cb,MLV1-R09112,MLV1-A0501,hardware,interno,alta,físico,malware,antivirus desactualizado,4,3,mitigar,2025-02-23,0
895d2acb-14b0-4c2c-afa3-3876d91a2e1c,MLV1-R01015,MLV1-A0084,información,publico,media,digital,acceso no autorizado,falta de controles de acceso,4,4,mitigar,2025-02-24,0
f4b97c9a-6c6f-4571-bb96-a293128833d8,MLV1-R01124,MLV1-A0005,servicios ti,interno,baja,digital,interrupción del servicio,sin mantenimiento,3,1,aceptar,2025-02-24,0
3e817c94-cd76-42a2-a5d1-5a6846a83fd4,MLV1-R04271,MLV1-A0084,información,publico,media,digital,acceso no autorizado,contraseñas débiles,4,2,mitigar,2025-02-24,0
418f2bfc-20cf-47d5-9256-b50da26522c2,MLV1-R04927,MLV1-A0084,información,publico,media,digital,acceso no autorizado,ausencia de políticas,1,5,aceptar,2025-02-24,0
9f92c0d9-1973-45d6-a444-836c36b37253,MLV1-R05312,MLV1-A0654,servicios ti,interno,media,digital,malware,antivirus desactualizado,3,2,mitigar,2025-02-24,0
8a424556-e78c-45e4-b6b7-08b9d9390bbb,MLV1-R05871,MLV1-A0005,servicios ti,interno,baja,digital,ransomware,antivirus desactualizado,3,1,mitigar,2025-02-24,0
a81222b5-fffa-411b-921e-23140aeaf9f2,MLV1-R07664,MLV1-A0241,información,interno,media,digital,pérdida de información,ausencia de respaldos,2,3,mitigar,2025-02-24,0
cf87a7e2-6f05-4504-a012-1f1b8c8e9651,MLV1-R08467,MLV1-A0999,hardware,interno,media,físico,acceso no autorizado,contraseñas débiles,4,3,mitigar,2025-02-24,1
e2f2644d-4179-4ed0-88c8-c40c8aab7060,MLV1-R09528,MLV1-A0052,redes y comunicaciones,restringido,media,físico,error humano,falta de capacitación,3,2,mitigar,2025-02-24,0
65bf8066-ffd5-45e0-a833-1b5bbfdcccda,MLV1-R01819,MLV1-A0294,hardware,interno,alta,físico,inundación,ausencia de políticas,3,5,evitar,2025-02-25,0
f0447605-57d6-44a7-bcb7-b087902fb201,MLV1-R02377,MLV1-A0322,redes y comunicaciones,confidencial,critica,físico,error humano,falta de capacitación,3,3,mitigar,2025-02-25,0
2371aa14-292a-4db0-8f27-55b902c4c2e7,MLV1-R02401,MLV1-A0235,servicios ti,restringido,alta,digital,acceso no autorizado,contraseñas débiles,3,4,mitigar,2025-02-25,0
7c476b11-c26d-4eab-82d7-c081d9bb4250,MLV1-R07439,MLV1-A0329,software,publico,alta,digital,ransomware,ausencia de respaldos,4,4,mitigar,2025-02-25,0
511bf136-604a-4572-99b5-f981c1e81bfa,MLV1-R08834,MLV1-A0294,hardware,interno,alta,físico,daño físico,equipos obsoletos,1,4,aceptar,2025-02-25,0
a65c9c1f-4754-46d7-9d44-ad352f963c50,MLV1-R08976,MLV1-A0807,software,interno,alta,digital,pérdida de información,configuración incorrecta,2,2,mitigar,2025-02-25,0
e784bec9-97b8-4681-bf42-c04b92346e74,MLV1-R00889,MLV1-A0694,hardware,interno,media,físico,daño físico,almacenamiento inadecuado,3,4,mitigar,2025-02-26,0
42af3694-a0cf-4876-9692-e3226b8df1d1,MLV1-R01994,MLV1-A0176,software,interno,alta,digital,acceso no autorizado,falta de controles de acceso,4,2,mitigar,2025-02-26,1
ce4f70a5-80ec-4fce-ad86-0de142001aa5,MLV1-R02094,MLV1-A0921,otros,interno,media,físico,daño físico,almacenamiento inadecuado,3,3,transferir,2025-02-26,0
a5abd030-d0f5-44da-994c-8f12cd3fed49,MLV1-R03450,MLV1-A0462,información,publico,critica,digital,divulgación de información,falta de controles de acceso,5,3,evitar,2025-02-26,0
e4cdf7f2-2c27-4586-86a7-ac0b71bc1073,MLV1-R04670,MLV1-A0647,redes y comunicaciones,interno,media,físico,falla eléctrica,sin mantenimiento,1,1,aceptar,2025-02-26,0
ab5a20ea-aaf1-433e-8efd-6a6dd22c4296,MLV1-R04995,MLV1-A0353,servicios ti,interno,alta,digital,pérdida de información,configuración incorrecta,1,3,mitigar,2025-02-26,0
208cd97b-0ed5-42d2-ac1b-102a5968bd3c,MLV1-R08473,MLV1-A0281,información,interno,media,digital,pérdida de información,almacenamiento inadecuado,4,4,mitigar,2025-02-26,0
d76f8e3f-7327-4318-8ceb-260c32bedf93,MLV1-R09453,MLV1-A0921,otros,interno,media,físico,acceso no autorizado,falta de controles de acceso,3,1,aceptar,2025-02-26,0
85c3706f-287d-4c4f-b0a4-07001a514a59,MLV1-R01758,MLV1-A0854,hardware,publico,media,físico,daño físico,equipos obsoletos,2,5,transferir,2025-02-27,0
ca73d231-85f0-477f-9d29-fc92d400a21b,MLV1-R02085,MLV1-A0344,hardware,publico,media,físico,error humano,configuración incorrecta,2,3,mitigar,2025-02-27,0
10b0b09f-b864-424b-83bc-08e26b0eaeed,MLV1-R03072,MLV1-A0854,hardware,publico,media,físico,falla eléctrica,equipos obsoletos,4,2,transferir,2025-02-27,0
9e2a88be-8322-43fb-b0c2-5c5afb51e78b,MLV1-R05684,MLV1-A0497,documentación,publico,alta,digital,incendio,almacenamiento inadecuado,2,5,transferir,2025-02-27,0
6aaf2802-1713-4734-9502-de6e0bbb31c9,MLV1-R09632,MLV1-A0854,hardware,publico,media,físico,falla eléctrica,sin mantenimiento,3,4,mitigar,2025-02-27,1
8be21a3c-4269-46de-8335-2bb74a7ffad8,MLV1-R01104,MLV1-A0372,redes y comunicaciones,publico,media,físico,malware,antivirus desactualizado,5,3,transferir,2025-02-28,0
0dc9a3c1-35a6-4ba1-a992-5e054e02ecbb,MLV1-R01482,MLV1-A0755,servicios ti,interno,media,digital,interrupción del servicio,configuración incorrecta,3,4,transferir,2025-02-28,1
0368a67e-09a1-4967-83a6-9d20f7ad7613,MLV1-R05794,MLV1-A0548,servicios ti,restringido,media,digital,pérdida de información,ausencia de respaldos,3,3,mitigar,2025-02-28,0
1058ccb2-7234-4e59-837e-541014631d22,MLV1-R08000,MLV1-A0437,redes y comunicaciones,interno,critica,físico,interrupción del servicio,sin mantenimiento,2,5,mitigar,2025-02-28,0
f3d94f18-62ac-4f49-91d3-94a8e6d2ef48,MLV1-R08066,MLV1-A0502,documentación,publico,media,digital,pérdida de información,almacenamiento inadecuado,4,2,mitigar,2025-02-28,0
858e6b9d-4a35-489d-8734-3fbcdafe3054,MLV1-R00777,MLV1-A0615,software,confidencial,critica,digital,acceso no autorizado,falta de controles de acceso,4,4,mitigar,2025-03-01,0
90ea0f89-4150-414c-a44d-b0ee754a8956,MLV1-R03730,MLV1-A0984,redes y comunicaciones,interno,alta,físico,error humano,falta de capacitación,2,3,mitigar,2025-03-01,0
6d427efd-0b3a-491b-bb1a-02fbb07afc0d,MLV1-R05783,MLV1-A0610,hardware,interno,media,físico,error humano,falta de capacitación,3,3,mitigar,2025-03-01,0
4be659d7-3124-4530-a158-93fc93bcbe03,MLV1-R06026,MLV1-A0610,hardware,interno,media,físico,robo,ausencia de políticas,4,5,mitigar,2025-03-01,1
5bbf82da-d0f0-4b10-aaf4-950943153ad1,MLV1-R09130,MLV1-A0615,software,confidencial,critica,digital,ransomware,antivirus desactualizado,4,5,mitigar,2025-03-01,1
f21b39c8-8865-4902-991a-25d61fd5bb34,MLV1-R04201,MLV1-A0644,hardware,interno,critica,físico,daño físico,sin mantenimiento,3,5,mitigar,2025-03-02,1
a5bd8f29-a3b9-482a-aa79-d2588f148016,MLV1-R01112,MLV1-A0296,redes y comunicaciones,interno,media,físico,acceso no autorizado,contraseñas débiles,2,3,mitigar,2025-03-03,0
76a6facb-ff2b-4ffe-a719-a85fa54ad6d9,MLV1-R02741,MLV1-A0074,información,interno,media,digital,pérdida de información,configuración incorrecta,3,3,aceptar,2025-03-04,0
cef0aa11-dd24-4e9a-8a79-bfe5bb6b1196,MLV1-R03582,MLV1-A0563,hardware,interno,alta,físico,acceso no autorizado,falta de controles de acceso,3,5,mitigar,2025-03-04,0
326d0d12-9c9c-4883-8d2e-7652bd59c1c7,MLV1-R06028,MLV1-A0852,hardware,interno,critica,físico,daño físico,equipos obsoletos,1,4,aceptar,2025-03-04,0
7ee23e60-0bf5-4aad-b0ca-e68ffb0b65bc,MLV1-R06589,MLV1-A0074,información,interno,media,digital,acceso no autorizado,contraseñas débiles,4,2,aceptar,2025-03-04,0
2a8c220d-3362-4659-9455-88572d1c6ac5,MLV1-R00139,MLV1-A0898,información,interno,critica,digital,acceso no autorizado,falta de controles de acceso,4,5,transferir,2025-03-05,0
4d733e68-1022-4205-b054-ac37bc748c55,MLV1-R02212,MLV1-A0149,hardware,interno,alta,físico,malware,configuración incorrecta,3,4,mitigar,2025-03-05,0
c28c742d-efa3-4240-93af-de442d199a03,MLV1-R04356,MLV1-A0989,hardware,interno,alta,físico,daño físico,almacenamiento inadecuado,3,3,mitigar,2025-03-05,1
ab545a2a-f07e-4236-803a-c3ec46b75b6e,MLV1-R09782,MLV1-A0183,redes y comunicaciones,interno,alta,físico,falla eléctrica,sin mantenimiento,3,4,transferir,2025-03-05,0
e287ef61-4a68-4427-9b34-3493dbfb0e98,MLV1-R00712,MLV1-A0484,software,restringido,media,digital,acceso no autorizado,contraseñas débiles,5,3,mitigar,2025-03-06,0
4602cc54-494a-439c-8bc6-844f3241ee27,MLV1-R01839,MLV1-A0326,otros,confidencial,alta,físico,pérdida de información,almacenamiento inadecuado,4,3,mitigar,2025-03-06,0
e7512fec-4fc6-49b2-aed2-e0823345b178,MLV1-R02602,MLV1-A0179,hardware,interno,media,físico,error humano,falta de capacitación,1,4,aceptar,2025-03-06,0
b10b7781-aeab-4245-824d-c23c9cf7f7cc,MLV1-R03310,MLV1-A0500,servicios ti,publico,media,digital,acceso no autorizado,falta de controles de acceso,4,3,mitigar,2025-03-06,0
42a1b761-60f1-4b52-bbdd-6987c774db7d,MLV1-R03486,MLV1-A0184,hardware,restringido,alta,físico,inundación,almacenamiento inadecuado,2,4,aceptar,2025-03-06,0
02e186f4-2a3e-4a00-8a7c-ebc2457b3918,MLV1-R04568,MLV1-A0576,documentación,interno,critica,físico,pérdida de información,ausencia de respaldos,5,4,transferir,2025-03-06,0
d4ebcada-b31c-4b64-9986-db59ff84d220,MLV1-R07100,MLV1-A0184,hardware,restringido,alta,físico,error humano,configuración incorrecta,3,4,mitigar,2025-03-06,0
df9a5f31-25c1-4790-83e0-07240ce20f2f,MLV1-R07260,MLV1-A0184,hardware,restringido,alta,físico,inundación,almacenamiento inadecuado,3,2,mitigar,2025-03-06,0
45fea153-32a0-404d-b6b5-2bd6154268d0,MLV1-R08295,MLV1-A0184,hardware,restringido,alta,físico,robo,falta de controles de acceso,3,3,mitigar,2025-03-06,0
4382b842-cfc2-42aa-90ad-4189a2e150be,MLV1-R08462,MLV1-A0184,hardware,restringido,alta,físico,malware,falta de capacitación,5,4,mitigar,2025-03-06,0
a276554f-063a-4e75-bdbf-9d8d2a7054b6,MLV1-R09906,MLV1-A0184,hardware,restringido,alta,físico,malware,falta de capacitación,2,3,transferir,2025-03-06,0
edc1fce1-31f0-47bf-afa9-20f809353c63,MLV1-R05703,MLV1-A0944,redes y comunicaciones,confidencial,baja,físico,falla eléctrica,sin mantenimiento,2,3,mitigar,2025-03-07,0
5626da2a-f586-4e21-baec-9bda84b65a6c,MLV1-R07975,MLV1-A0944,redes y comunicaciones,confidencial,baja,físico,interrupción del servicio,equipos obsoletos,3,1,aceptar,2025-03-07,0
d6789fd7-ffe1-4963-8be4-6971eca41f74,MLV1-R08009,MLV1-A0807,software,interno,alta,digital,malware,configuración incorrecta,4,4,evitar,2025-03-07,0
b2909ef0-8529-4a29-ab80-4df505c43505,MLV1-R00898,MLV1-A0309,hardware,interno,critica,físico,error humano,ausencia de políticas,1,5,aceptar,2025-03-08,0
eb55af8f-b4e9-4523-bb54-41d7ee3a3ec6,MLV1-R03900,MLV1-A0080,información,confidencial,media,digital,malware,antivirus desactualizado,5,1,aceptar,2025-03-08,0
f21b22eb-0031-43a6-be73-6832947dd2f9,MLV1-R04099,MLV1-A0435,información,restringido,baja,digital,divulgación de información,ausencia de políticas,2,2,aceptar,2025-03-08,0
1af20ef4-1702-44fd-abdd-936ba1348ee8,MLV1-R04697,MLV1-A0765,hardware,interno,media,físico,malware,antivirus desactualizado,4,1,aceptar,2025-03-08,0
56ecf410-7679-42c5-89c2-244cad79d862,MLV1-R06261,MLV1-A0913,servicios ti,confidencial,media,digital,acceso no autorizado,ausencia de políticas,3,4,mitigar,2025-03-08,1
0ce158a2-4485-4afd-afd8-8f796836750f,MLV1-R06765,MLV1-A0650,hardware,restringido,media,físico,error humano,ausencia de políticas,2,2,aceptar,2025-03-08,0
18e756e9-e1a1-425a-a010-a685895b5139,MLV1-R07457,MLV1-A0552,software,interno,baja,digital,acceso no autorizado,ausencia de políticas,4,2,aceptar,2025-03-08,0
3593ffc9-448c-4c38-9e75-c6752a36231c,MLV1-R01117,MLV1-A0707,redes y comunicaciones,restringido,media,físico,interrupción del servicio,equipos obsoletos,3,4,mitigar,2025-03-09,0
0db56efe-c414-49b2-a19b-f9db25b96097,MLV1-R02231,MLV1-A0382,redes y comunicaciones,confidencial,media,físico,interrupción del servicio,equipos obsoletos,3,2,mitigar,2025-03-09,0
8b5f7e06-e9d5-4325-be60-35f9ae20a492,MLV1-R07663,MLV1-A0501,hardware,interno,alta,físico,daño físico,almacenamiento inadecuado,2,3,aceptar,2025-03-09,0
df4fe20f-a72d-4afc-b2c0-f9b1d8aa35d3,MLV1-R07973,MLV1-A0005,servicios ti,interno,baja,digital,interrupción del servicio,equipos obsoletos,2,1,mitigar,2025-03-10,0
221b3df4-e08e-4601-b33d-3d513140c44b,MLV1-R09353,MLV1-A0462,información,publico,critica,digital,acceso no autorizado,contraseñas débiles,3,5,mitigar,2025-03-10,0
edc240d6-3f6e-4747-8167-a5686a1dfa83,MLV1-R01816,MLV1-A0180,hardware,interno,alta,físico,acceso no autorizado,contraseñas débiles,3,4,mitigar,2025-03-11,0
e209a19d-275b-44f1-8b4a-342926d2e195,MLV1-R02045,MLV1-A0585,hardware,interno,baja,físico,falla eléctrica,equipos obsoletos,2,1,aceptar,2025-03-11,0
7faba035-7a09-41bb-a48d-f3a47598b6db,MLV1-R02957,MLV1-A0377,documentación,interno,alta,digital,divulgación de información,ausencia de políticas,1,2,aceptar,2025-03-11,0
2630d3b0-e2ef-47b9-9f73-51f0b85f3834,MLV1-R03031,MLV1-A0453,información,interno,baja,digital,ransomware,ausencia de respaldos,3,2,transferir,2025-03-11,0
791ccb12-9e08-4577-a24d-d213eebd5270,MLV1-R06771,MLV1-A0441,hardware,restringido,alta,físico,falla eléctrica,equipos obsoletos,2,4,mitigar,2025-03-11,0
d02d3e3a-6cbc-4177-b550-865fe98e357f,MLV1-R07294,MLV1-A0644,hardware,interno,critica,físico,inundación,ausencia de políticas,5,5,mitigar,2025-03-11,0
1cfb226c-c87f-4c81-941c-a6b636dad3bf,MLV1-R07633,MLV1-A0360,servicios ti,interno,critica,digital,acceso no autorizado,contraseñas débiles,4,4,mitigar,2025-03-11,0
d6c2fa83-d083-4b87-a191-6bfd7397402d,MLV1-R01255,MLV1-A0847,información,interno,media,digital,divulgación de información,falta de controles de acceso,5,3,mitigar,2025-03-12,0
5d69da3d-1718-4ca3-82e4-46334c4f7ce1,MLV1-R01286,MLV1-A0308,hardware,confidencial,baja,físico,robo,falta de controles de acceso,3,2,transferir,2025-03-13,0
e4c7a494-21c1-45aa-884f-cbb28d9d5c4d,MLV1-R01951,MLV1-A0480,software,interno,critica,digital,malware,antivirus desactualizado,2,5,mitigar,2025-03-13,0
188f48b6-7626-46ab-867b-b1fa8a2ae05c,MLV1-R01967,MLV1-A0694,hardware,interno,media,físico,error humano,falta de capacitación,1,3,aceptar,2025-03-13,0
2505cbbc-5417-4e1f-8c9a-b14cd9753128,MLV1-R07047,MLV1-A0353,servicios ti,interno,alta,digital,pérdida de información,ausencia de respaldos,3,5,mitigar,2025-03-13,0
4a764b83-f7e7-4caa-b9fa-08fdc3881ef7,MLV1-R09603,MLV1-A0332,otros,interno,media,físico,robo,falta de controles de acceso,4,3,mitigar,2025-03-13,1
9ada5f4a-b43f-4fc6-9d71-91f31d48240c,MLV1-R00168,MLV1-A0619,información,confidencial,alta,digital,pérdida de información,ausencia de respaldos,3,4,mitigar,2025-03-14,0
2bd684bc-e700-49e0-b5f3-856465bbccf6,MLV1-R01118,MLV1-A0135,hardware,confidencial,media,físico,error humano,configuración incorrecta,3,3,mitigar,2025-03-14,0
6fafe582-8c55-48da-9970-cd8d5bf6a77d,MLV1-R01483,MLV1-A0979,redes y comunicaciones,interno,alta,físico,error humano,falta de capacitación,3,4,mitigar,2025-03-14,0
83a23218-768f-4b16-892c-0809322c9502,MLV1-R01844,MLV1-A0619,información,confidencial,alta,digital,acceso no autorizado,ausencia de políticas,1,4,aceptar,2025-03-14,0
8c44366c-7781-4792-b294-da57ac9dcb62,MLV1-R03633,MLV1-A0391,hardware,interno,critica,físico,falla eléctrica,equipos obsoletos,1,4,aceptar,2025-03-14,0
ec48098f-6abf-454f-beef-447bd317e0aa,MLV1-R05454,MLV1-A0391,hardware,interno,critica,físico,malware,falta de capacitación,1,4,mitigar,2025-03-14,0
37ebb04e-a5b9-4972-9929-733647744488,MLV1-R06332,MLV1-A0602,hardware,confidencial,alta,físico,malware,antivirus desactualizado,3,5,mitigar,2025-03-14,0
70eb4cfd-3b82-42c5-b917-1d1f1b39a33a,MLV1-R07547,MLV1-A0135,hardware,confidencial,media,físico,inundación,almacenamiento inadecuado,4,4,mitigar,2025-03-14,0
a8b80a19-2c8e-41e3-96a6-57eb6ffa6d8e,MLV1-R07624,MLV1-A0391,hardware,interno,critica,físico,malware,falta de capacitación,3,4,evitar,2025-03-14,0
3f9a60fb-2a8b-4570-9508-69e1aa4930a2,MLV1-R09065,MLV1-A0135,hardware,confidencial,media,físico,falla eléctrica,sin mantenimiento,1,3,mitigar,2025-03-14,0
82189051-aa40-4374-bd84-3fd867db30cd,MLV1-R00034,MLV1-A0880,servicios ti,confidencial,alta,digital,malware,antivirus desactualizado,3,3,mitigar,2025-03-15,0
0debefef-71c3-414c-9b68-cc99f8108d1b,MLV1-R00469,MLV1-A0851,documentación,publico,critica,digital,incendio,almacenamiento inadecuado,4,5,transferir,2025-03-15,0
0c14c629-5971-4756-bf1e-00f1afda888d,MLV1-R00619,MLV1-A0802,hardware,interno,baja,físico,robo,falta de controles de acceso,4,2,transferir,2025-03-15,0
a6546513-a87b-42ee-9447-0c053c438a3a,MLV1-R00890,MLV1-A0802,hardware,interno,baja,físico,acceso no autorizado,contraseñas débiles,2,2,aceptar,2025-03-15,0
bb5a06f2-d91e-49cb-a5c5-8c0620100ddc,MLV1-R01475,MLV1-A0802,hardware,interno,baja,físico,inundación,almacenamiento inadecuado,3,4,evitar,2025-03-15,0
3900e094-c40c-4df1-8815-c43bded14da8,MLV1-R01680,MLV1-A0950,hardware,interno,critica,físico,daño físico,almacenamiento inadecuado,1,5,aceptar,2025-03-15,0
c9e67083-afef-4e88-ba1a-88aa6599775a,MLV1-R02048,MLV1-A0802,hardware,interno,baja,físico,incendio,almacenamiento inadecuado,2,3,aceptar,2025-03-15,0
851532cb-a072-4751-a465-beed2a1a7f0c,MLV1-R02249,MLV1-A0690,hardware,confidencial,media,físico,error humano,falta de capacitación,1,2,mitigar,2025-03-15,0
66c31b77-f10c-4073-b6ab-321bda41b253,MLV1-R02758,MLV1-A0802,hardware,interno,baja,físico,incendio,almacenamiento inadecuado,1,2,aceptar,2025-03-15,0
2e08629f-ff05-467a-9ecb-b313d36b647f,MLV1-R03372,MLV1-A0103,información,confidencial,media,digital,ransomware,falta de capacitación,4,5,mitigar,2025-03-15,0
7c4e77e2-49cd-4023-9b91-0aec447ff3ef,MLV1-R03870,MLV1-A0851,documentación,publico,critica,digital,pérdida de información,almacenamiento inadecuado,2,4,aceptar,2025-03-15,0
f0b9b015-61a2-4395-b2ec-5d5aaf923287,MLV1-R04222,MLV1-A0690,hardware,confidencial,media,físico,inundación,almacenamiento inadecuado,3,3,mitigar,2025-03-15,0
d7921cc5-0580-445b-9515-706bffbe4276,MLV1-R06965,MLV1-A0601,servicios ti,confidencial,alta,digital,malware,configuración incorrecta,2,5,mitigar,2025-03-15,0
acfebf79-6de8-4c08-9997-fb71ce38af10,MLV1-R07653,MLV1-A0690,hardware,confidencial,media,físico,error humano,falta de capacitación,1,3,aceptar,2025-03-15,0
58fb06c3-f4e2-466e-a72d-4c49fe77ed9c,MLV1-R08668,MLV1-A0851,documentación,publico,critica,digital,robo,falta de controles de acceso,3,5,transferir,2025-03-15,0
b7fcf028-cde3-47d2-85ee-3d04d705f0cc,MLV1-R00838,MLV1-A0837,hardware,confidencial,media,físico,daño físico,almacenamiento inadecuado,4,3,transferir,2025-03-16,1
47a93c23-270f-4dec-8f89-7db1cbf50591,MLV1-R01327,MLV1-A0342,redes y comunicaciones,restringido,alta,físico,interrupción del servicio,equipos obsoletos,3,3,transferir,2025-03-16,0
be577b26-b936-425a-9eba-1299a4086cfc,MLV1-R04148,MLV1-A0163,software,confidencial,alta,digital,acceso no autorizado,falta de controles de acceso,2,5,mitigar,2025-03-16,0
43002b62-9c5f-4ff2-97d0-871e78fc813b,MLV1-R05011,MLV1-A0580,servicios ti,publico,critica,digital,pérdida de información,almacenamiento inadecuado,2,5,aceptar,2025-03-16,0
5f49c567-d98b-4a83-aaf3-1361a7569c34,MLV1-R05914,MLV1-A0391,hardware,interno,critica,físico,error humano,ausencia de políticas,2,5,transferir,2025-03-16,1
55a393d2-e0fa-4899-ab8a-7baeb70e79b7,MLV1-R01277,MLV1-A0649,software,interno,alta,digital,acceso no autorizado,contraseñas débiles,4,4,mitigar,2025-03-17,0
ae328d8f-47d7-4ef7-a398-060ce20fa80a,MLV1-R01945,MLV1-A0642,documentación,interno,media,digital,robo,falta de controles de acceso,5,2,aceptar,2025-03-17,0
1d6b1a45-e758-4e8a-bb69-f90e16b0e011,MLV1-R02264,MLV1-A0746,software,interno,media,digital,malware,antivirus desactualizado,4,3,mitigar,2025-03-17,0
a7ab9c95-c6fd-4274-b0f3-75e619a33f7b,MLV1-R03212,MLV1-A0097,redes y comunicaciones,confidencial,media,físico,interrupción del servicio,configuración incorrecta,5,2,aceptar,2025-03-17,0
895bd165-2bff-4c50-8e87-63b8ecdee423,MLV1-R03260,MLV1-A0502,documentación,publico,media,digital,daño físico,sin mantenimiento,5,4,transferir,2025-03-17,1
07f22bdc-c682-4c68-bd49-4794af220161,MLV1-R05938,MLV1-A0649,software,interno,alta,digital,interrupción del servicio,sin mantenimiento,5,5,mitigar,2025-03-17,0
ec333b94-2449-4fb7-841c-93370f6c6c6c,MLV1-R08624,MLV1-A0746,software,interno,media,digital,malware,antivirus desactualizado,4,2,mitigar,2025-03-17,0
c4b8ba96-ccc7-4090-bf2c-aee9327ac51a,MLV1-R09262,MLV1-A0746,software,interno,media,digital,acceso no autorizado,contraseñas débiles,3,3,mitigar,2025-03-17,0
438ef56c-e256-481f-99b1-a22358e77442,MLV1-R09657,MLV1-A0447,hardware,interno,alta,físico,falla eléctrica,sin mantenimiento,5,2,mitigar,2025-03-17,0
3706ca16-80f8-4271-98ae-b38f16fa115f,MLV1-R02050,MLV1-A0302,información,confidencial,media,digital,acceso no autorizado,contraseñas débiles,5,3,mitigar,2025-03-18,0
adbc2d8b-aaea-41e2-8e82-61e21ee12a87,MLV1-R06186,MLV1-A0848,redes y comunicaciones,confidencial,critica,físico,malware,falta de capacitación,5,5,transferir,2025-03-18,0
2ac31043-2064-405e-b050-04982a89b8a9,MLV1-R07408,MLV1-A0520,información,confidencial,media,digital,error humano,ausencia de políticas,5,1,aceptar,2025-03-18,0
312edfa8-888a-4543-8a8d-4e4989b3f492,MLV1-R07452,MLV1-A0431,redes y comunicaciones,interno,media,físico,falla eléctrica,sin mantenimiento,2,2,mitigar,2025-03-18,0
20401de4-0ec9-4fa0-9f66-086710759ace,MLV1-R09387,MLV1-A0294,hardware,interno,alta,físico,daño físico,sin mantenimiento,1,4,aceptar,2025-03-18,0
296bc12b-30bf-4c25-b137-2051c4ae5dde,MLV1-R02088,MLV1-A0160,hardware,interno,critica,físico,malware,configuración incorrecta,1,5,aceptar,2025-03-19,0
55e704b7-8a2f-4d49-a9eb-e3b6ec7db4ea,MLV1-R02285,MLV1-A0160,hardware,interno,critica,físico,robo,falta de controles de acceso,2,5,transferir,2025-03-19,0
7136bff5-6394-431e-8d18-4d9d4b0e5030,MLV1-R03075,MLV1-A0160,hardware,interno,critica,físico,falla eléctrica,sin mantenimiento,5,4,transferir,2025-03-19,0
e110ed94-a22c-48f4-aa40-a0db7e89e8eb,MLV1-R03766,MLV1-A0005,servicios ti,interno,baja,digital,acceso no autorizado,contraseñas débiles,2,2,aceptar,2025-03-19,0
5fdc4cd9-35aa-413a-b73b-9b7f1ca52b39,MLV1-R04827,MLV1-A0160,hardware,interno,critica,físico,error humano,configuración incorrecta,4,5,mitigar,2025-03-19,1
6e6f536e-3555-4bd9-9d06-2596bc3748d4,MLV1-R05274,MLV1-A0180,hardware,interno,alta,físico,falla eléctrica,equipos obsoletos,2,4,aceptar,2025-03-19,0
39110a94-6614-462f-b629-03e70a379d5b,MLV1-R05625,MLV1-A0160,hardware,interno,critica,físico,daño físico,equipos obsoletos,4,4,mitigar,2025-03-19,0
897ea8df-6d04-497d-a63e-d94e89b5ef90,MLV1-R07545,MLV1-A0270,software,confidencial,media,digital,ransomware,ausencia de respaldos,5,2,mitigar,2025-03-19,0
d8df437f-9027-4fd8-8bed-753e4a7b971f,MLV1-R08292,MLV1-A0690,hardware,confidencial,media,físico,robo,falta de controles de acceso,3,2,aceptar,2025-03-19,1
4601fc4c-c33f-4d06-92c8-a87e0d4f0878,MLV1-R09025,MLV1-A0746,software,interno,media,digital,ransomware,falta de capacitación,1,4,aceptar,2025-03-19,0
4381d0a7-5355-4edb-83df-db301f5c3758,MLV1-R01850,MLV1-A0480,software,interno,critica,digital,error humano,ausencia de políticas,2,5,mitigar,2025-03-20,0
6b622014-8510-4ca0-abed-92057e74fd82,MLV1-R02894,MLV1-A0999,hardware,interno,media,físico,acceso no autorizado,falta de controles de acceso,5,2,aceptar,2025-03-20,0
629317ef-1b18-4070-9cb2-e1c74582bd68,MLV1-R04491,MLV1-A0547,redes y comunicaciones,confidencial,alta,físico,acceso no autorizado,falta de controles de acceso,3,4,mitigar,2025-03-20,1
6a688bcb-b59c-4e97-a4bf-60b57f5df72c,MLV1-R00005,MLV1-A0474,documentación,interno,media,físico,divulgación de información,contraseñas débiles,5,4,mitigar,2025-03-21,0
a490e667-a2ec-4c7c-953a-f0d0af288b75,MLV1-R00053,MLV1-A0820,software,interno,critica,digital,acceso no autorizado,contraseñas débiles,3,5,mitigar,2025-03-21,0
f2d6a9c2-4120-4490-a035-84db8c7483a3,MLV1-R01321,MLV1-A0123,documentación,interno,media,físico,error humano,falta de capacitación,2,1,aceptar,2025-03-21,0
859b1a2a-0266-49bc-a332-789c350ad89b,MLV1-R05710,MLV1-A0206,información,interno,alta,digital,acceso no autorizado,contraseñas débiles,5,5,mitigar,2025-03-21,0
77fffa5d-9c97-433e-8a8b-ca321c94024a,MLV1-R07526,MLV1-A0707,redes y comunicaciones,restringido,media,físico,acceso no autorizado,falta de controles de acceso,4,1,aceptar,2025-03-21,0
6e8b44c8-2a00-4f5e-a3b8-8d487045c9b1,MLV1-R03179,MLV1-A0580,servicios ti,publico,critica,digital,malware,configuración incorrecta,2,4,mitigar,2025-03-22,0
2d3a7c37-5ab8-4f6c-90a2-982cc1ff726e,MLV1-R03398,MLV1-A0375,hardware,confidencial,alta,físico,daño físico,equipos obsoletos,3,5,transferir,2025-03-22,0
a29593af-f7db-4fa9-800f-842faf2ee4d8,MLV1-R03534,MLV1-A0195,software,publico,baja,digital,ransomware,configuración incorrecta,3,2,mitigar,2025-03-22,0
8fab965d-1692-45c7-8b6f-0f265bc41d03,MLV1-R04220,MLV1-A0849,software,interno,media,digital,error humano,configuración incorrecta,2,3,mitigar,2025-03-22,0
cd23b818-0c15-4898-8212-8cfd6de92ab5,MLV1-R07938,MLV1-A0854,hardware,publico,media,físico,malware,configuración incorrecta,2,2,aceptar,2025-03-22,0
0049f233-1636-4d20-87da-06a2f06dfcd3,MLV1-R09104,MLV1-A0375,hardware,confidencial,alta,físico,daño físico,sin mantenimiento,2,4,aceptar,2025-03-22,0
a4c6f0dc-b5f1-4196-94e9-2d73f3c4db4d,MLV1-R01469,MLV1-A0635,redes y comunicaciones,interno,media,físico,interrupción del servicio,sin mantenimiento,5,2,transferir,2025-03-23,0
d1bd1407-e798-4638-be87-184e1329a169,MLV1-R02396,MLV1-A0635,redes y comunicaciones,interno,media,físico,acceso no autorizado,ausencia de políticas,3,2,mitigar,2025-03-23,0
f8b469b3-4136-4761-8198-a9706f3dea6f,MLV1-R05597,MLV1-A0802,hardware,interno,baja,físico,error humano,configuración incorrecta,2,1,aceptar,2025-03-23,1
0b82a12f-9b8e-45db-a355-f3ccb99fdd76,MLV1-R06825,MLV1-A0635,redes y comunicaciones,interno,media,físico,falla eléctrica,equipos obsoletos,3,4,mitigar,2025-03-23,0
09d45244-4251-4bcf-b18c-4850e728719e,MLV1-R07044,MLV1-A0635,redes y comunicaciones,interno,media,físico,acceso no autorizado,contraseñas débiles,4,3,mitigar,2025-03-23,0
40bee8da-4d76-4440-ad01-e57e4f03b45f,MLV1-R08167,MLV1-A0635,redes y comunicaciones,interno,media,físico,malware,antivirus desactualizado,2,1,aceptar,2025-03-23,0
7d818346-c946-46e4-a21e-a1df05da7f0e,MLV1-R00482,MLV1-A0872,redes y comunicaciones,interno,baja,físico,falla eléctrica,equipos obsoletos,2,1,aceptar,2025-03-24,0
30aa4a40-822c-4605-ae21-2951873b5109,MLV1-R01220,MLV1-A0631,otros,interno,critica,físico,pérdida de información,ausencia de respaldos,4,4,mitigar,2025-03-24,0
07641f62-8aec-465b-926c-8cc4bd752ae2,MLV1-R01226,MLV1-A0631,otros,interno,critica,físico,interrupción del servicio,equipos obsoletos,3,5,mitigar,2025-03-24,0
552920e5-0a9d-48db-b995-e1a6a60b3fc4,MLV1-R01451,MLV1-A0017,información,interno,media,digital,error humano,ausencia de políticas,2,4,mitigar,2025-03-24,0
d2c912df-14f0-45e6-afbc-2f66520f965f,MLV1-R01577,MLV1-A0033,información,confidencial,media,digital,ransomware,ausencia de respaldos,3,3,mitigar,2025-03-24,0
c335ca89-5fd2-407d-a159-37a3f26cd954,MLV1-R03720,MLV1-A0872,redes y comunicaciones,interno,baja,físico,error humano,falta de capacitación,1,2,aceptar,2025-03-24,0
bfed5d4c-3bbf-4dc4-aa9c-1f17646408d2,MLV1-R05666,MLV1-A0872,redes y comunicaciones,interno,baja,físico,malware,antivirus desactualizado,5,1,aceptar,2025-03-24,0
5cb76b2f-5499-4bb1-a510-6ae3826a0489,MLV1-R06447,MLV1-A0982,servicios ti,confidencial,media,digital,pérdida de información,ausencia de respaldos,5,3,mitigar,2025-03-24,0
c18b1ecc-cee5-4d48-ab19-2fa86900d1fb,MLV1-R07116,MLV1-A0982,servicios ti,confidencial,media,digital,interrupción del servicio,sin mantenimiento,5,3,transferir,2025-03-24,0
2009b9e9-1267-429d-adb7-be217338e480,MLV1-R07541,MLV1-A0820,software,interno,critica,digital,interrupción del servicio,equipos obsoletos,2,3,aceptar,2025-03-24,0
71e2b5e6-12ac-44f7-b4fe-fd705da4d872,MLV1-R07629,MLV1-A0872,redes y comunicaciones,interno,baja,físico,falla eléctrica,sin mantenimiento,4,2,aceptar,2025-03-24,0
924f8684-ab5d-46b4-a258-e7ba80cc7786,MLV1-R07860,MLV1-A0275,hardware,interno,media,físico,falla eléctrica,equipos obsoletos,4,3,mitigar,2025-03-24,0
ca467dcb-39e9-453f-8cf1-51d0d5bdb245,MLV1-R07922,MLV1-A0982,servicios ti,confidencial,media,digital,acceso no autorizado,falta de controles de acceso,4,2,mitigar,2025-03-24,0
e31883e6-d250-4c70-a40b-812641f1cf71,MLV1-R07949,MLV1-A0184,hardware,restringido,alta,físico,falla eléctrica,equipos obsoletos,3,5,mitigar,2025-03-24,0
ea21bcc5-d59b-4d83-a945-b3bfde462cc9,MLV1-R08360,MLV1-A0872,redes y comunicaciones,interno,baja,físico,error humano,configuración incorrecta,2,2,aceptar,2025-03-24,0
515f8128-99ea-4fbf-b191-b9413955927f,MLV1-R03140,MLV1-A0111,hardware,confidencial,media,físico,falla eléctrica,sin mantenimiento,5,1,aceptar,2025-03-25,0
3c05c75a-ccfc-4fd9-bda5-0745cd15f902,MLV1-R03367,MLV1-A0090,documentación,confidencial,alta,digital,error humano,ausencia de políticas,2,3,mitigar,2025-03-25,0
9f88bace-033f-4ca4-b3d3-54b8650a7f6b,MLV1-R07654,MLV1-A0631,otros,interno,critica,físico,error humano,configuración incorrecta,3,5,transferir,2025-03-25,1
bb63c31b-3535-42e5-8e01-66661de4a8de,MLV1-R02135,MLV1-A0452,hardware,interno,critica,físico,falla eléctrica,equipos obsoletos,2,5,aceptar,2025-03-26,0
734b8590-2fed-43af-a15f-4e9b195b69ed,MLV1-R02229,MLV1-A0437,redes y comunicaciones,interno,critica,físico,interrupción del servicio,sin mantenimiento,3,3,mitigar,2025-03-26,0
13950740-378d-4986-94ec-89e1dee4e79f,MLV1-R04894,MLV1-A0452,hardware,interno,critica,físico,acceso no autorizado,falta de controles de acceso,4,5,mitigar,2025-03-26,1
c6b168a7-9c24-4b67-b2cf-2274803d47f8,MLV1-R05897,MLV1-A0837,hardware,confidencial,media,físico,error humano,ausencia de políticas,2,3,aceptar,2025-03-26,0
7d7a7e6d-c991-4e77-820f-5c7ddd4064ca,MLV1-R06600,MLV1-A0452,hardware,interno,critica,físico,error humano,ausencia de políticas,4,4,mitigar,2025-03-26,1
f0944e69-df3c-4376-9800-baedb827b46f,MLV1-R07592,MLV1-A0880,servicios ti,confidencial,alta,digital,acceso no autorizado,falta de controles de acceso,5,2,mitigar,2025-03-26,0
8a114f5e-e79d-420c-bcdd-b37c450daa79,MLV1-R08293,MLV1-A0377,documentación,interno,alta,digital,error humano,ausencia de políticas,2,4,mitigar,2025-03-26,0
b1bcca0c-b132-4376-8c6e-2d794995060e,MLV1-R00876,MLV1-A0738,hardware,interno,alta,físico,malware,configuración incorrecta,3,5,transferir,2025-03-27,0
45bfbd5f-6dfb-4032-80b3-4e11aeb5a8e5,MLV1-R01384,MLV1-A0569,servicios ti,interno,baja,digital,acceso no autorizado,falta de controles de acceso,2,2,aceptar,2025-03-27,0
10bd2632-683d-4e2f-ab63-0821cc320427,MLV1-R01556,MLV1-A0569,servicios ti,interno,baja,digital,ransomware,antivirus desactualizado,3,2,mitigar,2025-03-27,0
5466a5ca-7d5e-4acd-8138-68d0ff800a3a,MLV1-R03820,MLV1-A0474,documentación,interno,media,físico,daño físico,sin mantenimiento,3,3,mitigar,2025-03-27,0
1b0cee06-c1de-477e-a429-5df527a8484a,MLV1-R04479,MLV1-A0431,redes y comunicaciones,interno,media,físico,interrupción del servicio,configuración incorrecta,3,2,mitigar,2025-03-27,0
46550070-a5c7-448d-9fe6-a91a89a199de,MLV1-R04580,MLV1-A0477,información,confidencial,alta,digital,error humano,falta de capacitación,1,4,mitigar,2025-03-27,0
96ddc194-ae12-43e5-bd1f-bcddacdb3298,MLV1-R05025,MLV1-A0188,redes y comunicaciones,interno,media,físico,malware,falta de capacitación,2,4,mitigar,2025-03-27,0
ab281009-6dfc-4d85-9280-819d244967bb,MLV1-R06833,MLV1-A0569,servicios ti,interno,baja,digital,acceso no autorizado,contraseñas débiles,3,3,mitigar,2025-03-27,0
925cabe5-f57d-4126-9e6c-11124f7484f5,MLV1-R07639,MLV1-A0569,servicios ti,interno,baja,digital,error humano,falta de capacitación,3,1,aceptar,2025-03-27,0
131a0d44-f171-4cec-9920-48367d79a1e6,MLV1-R08456,MLV1-A0738,hardware,interno,alta,físico,robo,ausencia de políticas,1,4,aceptar,2025-03-27,0
b484d810-8ae7-4a1b-a7bb-78445671dbb6,MLV1-R09242,MLV1-A0569,servicios ti,interno,baja,digital,interrupción del servicio,sin mantenimiento,3,2,mitigar,2025-03-27,0
49320956-f6fc-4b85-b9ae-6be5d709acf5,MLV1-R09530,MLV1-A0738,hardware,interno,alta,físico,inundación,ausencia de políticas,1,5,aceptar,2025-03-27,0
793da5fb-7d33-4ee4-8968-86a3d8c12624,MLV1-R09774,MLV1-A0569,servicios ti,interno,baja,digital,interrupción del servicio,configuración incorrecta,5,1,aceptar,2025-03-27,0
3a716560-b976-466d-910d-854ee02a3578,MLV1-R00572,MLV1-A0914,documentación,interno,alta,digital,error humano,configuración incorrecta,3,2,mitigar,2025-03-28,0
c3ffecf8-d87d-4676-b317-da0850239b1d,MLV1-R01212,MLV1-A0163,software,confidencial,alta,digital,interrupción del servicio,configuración incorrecta,3,4,mitigar,2025-03-28,0
7c129a1c-ba33-47f8-8ecc-c09cf4a86b87,MLV1-R01313,MLV1-A0534,hardware,interno,alta,físico,malware,antivirus desactualizado,4,3,transferir,2025-03-28,0
9d41c941-52a0-48d1-93f2-cb256b9d4bf3,MLV1-R02318,MLV1-A0914,documentación,interno,alta,digital,pérdida de información,almacenamiento inadecuado,4,4,transferir,2025-03-28,0
5cfc9248-6abe-4ef9-b528-af68dd9667fc,MLV1-R02389,MLV1-A0480,software,interno,critica,digital,interrupción del servicio,equipos obsoletos,3,5,mitigar,2025-03-28,1
95c5ff37-de4b-4458-b08f-12bcc301c3d7,MLV1-R02975,MLV1-A0037,documentación,confidencial,alta,físico,inundación,ausencia de políticas,4,4,mitigar,2025-03-28,0
35a8f4a6-de36-49de-9b4f-ff66c3d95624,MLV1-R05196,MLV1-A0793,información,interno,media,digital,ransomware,configuración incorrecta,4,3,mitigar,2025-03-28,0
7df456c7-5409-41f9-b6a7-234ac6dffefc,MLV1-R05746,MLV1-A0211,documentación,confidencial,alta,físico,robo,ausencia de políticas,2,3,mitigar,2025-03-28,0
51fc5798-dee5-417a-8746-e2ea3649f25f,MLV1-R06509,MLV1-A0534,hardware,interno,alta,físico,malware,antivirus desactualizado,3,4,mitigar,2025-03-28,0
5630947e-ea38-44c1-9f30-9b2a5836d5ca,MLV1-R06977,MLV1-A0453,información,interno,baja,digital,divulgación de información,contraseñas débiles,4,1,aceptar,2025-03-28,0
c05558b3-122e-46b8-9393-0e081489c1b5,MLV1-R07796,MLV1-A0914,documentación,interno,alta,digital,pérdida de información,configuración incorrecta,1,5,mitigar,2025-03-28,0
fdc080ae-1f88-4231-8589-da1005e9a6e9,MLV1-R07990,MLV1-A0693,información,interno,alta,digital,acceso no autorizado,ausencia de políticas,2,3,aceptar,2025-03-28,0
12ab9033-da5a-4579-a56c-18cc958a7096,MLV1-R02079,MLV1-A0007,hardware,publico,alta,físico,error humano,falta de capacitación,2,4,transferir,2025-03-29,0
6e5ae6f0-17d0-4263-941a-bc13ab5cb76a,MLV1-R03083,MLV1-A0179,hardware,interno,media,físico,robo,falta de controles de acceso,4,2,aceptar,2025-03-29,0
3b9e884c-2275-4dac-ae1f-88903d9c840b,MLV1-R05204,MLV1-A0339,software,publico,alta,digital,malware,antivirus desactualizado,2,2,aceptar,2025-03-29,0
8de91898-9247-4364-9d9b-ccb467e75607,MLV1-R05346,MLV1-A0477,información,confidencial,alta,digital,pérdida de información,almacenamiento inadecuado,3,3,mitigar,2025-03-29,0
bd520d8f-fd1d-4505-93f4-e69b510da24a,MLV1-R07528,MLV1-A0829,servicios ti,confidencial,media,digital,ransomware,configuración incorrecta,4,3,evitar,2025-03-29,0
7c301555-7940-4d9c-9531-5100696732ed,MLV1-R08024,MLV1-A0326,otros,confidencial,alta,físico,interrupción del servicio,configuración incorrecta,4,4,transferir,2025-03-29,1
2f4460dc-0622-4d1f-896e-007b22b38484,MLV1-R09967,MLV1-A0710,software,interno,baja,digital,ransomware,ausencia de respaldos,3,1,aceptar,2025-03-29,0
a68a371a-63e0-4bd2-82bc-83c9a42702e0,MLV1-R07159,MLV1-A0334,hardware,interno,alta,físico,inundación,ausencia de políticas,3,4,mitigar,2025-03-30,0
a6219f47-1170-47a2-be10-65e01df58d17,MLV1-R07535,MLV1-A0236,software,confidencial,alta,digital,malware,falta de capacitación,2,3,mitigar,2025-03-30,1
23250291-5aba-4761-9b39-12b5f7c3c783,MLV1-R08451,MLV1-A0236,software,confidencial,alta,digital,malware,antivirus desactualizado,4,5,transferir,2025-03-30,1
fbe2b05f-d184-4c7e-8592-1f937b16c1b8,MLV1-R08489,MLV1-A0364,hardware,interno,alta,físico,falla eléctrica,equipos obsoletos,3,3,transferir,2025-03-30,1
27203e09-4389-4d6f-999d-a46dd10e268e,MLV1-R09720,MLV1-A0250,documentación,interno,critica,digital,pérdida de información,almacenamiento inadecuado,3,4,evitar,2025-03-30,0
c1af85a4-e82a-4539-97a3-013ef5d48d36,MLV1-R05535,MLV1-A0110,información,publico,critica,digital,acceso no autorizado,contraseñas débiles,4,4,mitigar,2025-03-31,0
c4be1c38-5933-432c-a777-230aff6485e3,MLV1-R06365,MLV1-A0830,redes y comunicaciones,restringido,media,físico,error humano,configuración incorrecta,4,4,mitigar,2025-03-31,0
d1211835-ec1f-4358-bf67-edcdc7a8de98,MLV1-R06439,MLV1-A0875,servicios ti,interno,alta,digital,error humano,configuración incorrecta,2,3,transferir,2025-03-31,1
06eb6942-3137-4b8e-b938-42de9ac800da,MLV1-R06583,MLV1-A0755,servicios ti,interno,media,digital,ransomware,falta de capacitación,2,1,aceptar,2025-03-31,0
c72be8b7-ebf2-4638-a7fc-37f858fc7b9d,MLV1-R09363,MLV1-A0412,redes y comunicaciones,interno,alta,físico,interrupción del servicio,configuración incorrecta,3,3,mitigar,2025-03-31,0
dfd68987-ba8b-4dac-9c23-57e80e20fa6f,MLV1-R09864,MLV1-A0123,documentación,interno,media,físico,error humano,ausencia de políticas,3,2,mitigar,2025-03-31,0
a7ebd4f3-e625-4d0b-ad42-d0885f02a28c,MLV1-R00051,MLV1-A0796,software,interno,media,digital,error humano,ausencia de políticas,1,3,mitigar,2025-04-01,0
91735223-cf03-4c68-a889-ecea70a0cbb5,MLV1-R00598,MLV1-A0938,información,interno,baja,digital,acceso no autorizado,contraseñas débiles,4,1,mitigar,2025-04-01,0
848d840e-e216-4aa1-8086-961482920ba1,MLV1-R01005,MLV1-A0531,redes y comunicaciones,interno,media,físico,acceso no autorizado,falta de controles de acceso,3,3,mitigar,2025-04-01,0
6cdf8af1-c09e-4982-ba2f-40c32aa40164,MLV1-R02398,MLV1-A0527,hardware,interno,media,físico,daño físico,equipos obsoletos,3,1,aceptar,2025-04-01,0
48414219-7561-41c1-a2b6-7b89c62e6030,MLV1-R04878,MLV1-A0938,información,interno,baja,digital,acceso no autorizado,falta de controles de acceso,5,1,aceptar,2025-04-01,0
6ee594e9-c813-44a8-8c25-f868f1001f64,MLV1-R05849,MLV1-A0938,información,interno,baja,digital,ransomware,ausencia de respaldos,3,4,transferir,2025-04-01,0
72a8e3fd-595b-49a7-aac6-3352c5716c2b,MLV1-R07169,MLV1-A0938,información,interno,baja,digital,acceso no autorizado,falta de controles de acceso,4,1,mitigar,2025-04-01,0
36acf1c6-ccd5-44c8-987a-2c3a0eb04a85,MLV1-R07537,MLV1-A0212,información,confidencial,alta,digital,error humano,falta de capacitación,2,3,aceptar,2025-04-01,0
8d8da323-d001-44a4-a1b3-45408d8c091f,MLV1-R08684,MLV1-A0938,información,interno,baja,digital,ransomware,antivirus desactualizado,2,1,mitigar,2025-04-01,0
7aa540b8-1cc7-4f4d-a90d-b87ce34d63ec,MLV1-R01017,MLV1-A0390,hardware,confidencial,media,físico,falla eléctrica,equipos obsoletos,2,4,mitigar,2025-04-02,0
7cbf2940-38a9-4a71-86b2-bd9c36438699,MLV1-R01387,MLV1-A0865,software,interno,alta,digital,pérdida de información,almacenamiento inadecuado,4,3,mitigar,2025-04-02,0
00b1d65f-a350-4e8a-95cc-5112dd59460b,MLV1-R02309,MLV1-A0821,servicios ti,confidencial,alta,digital,interrupción del servicio,configuración incorrecta,4,5,evitar,2025-04-02,1
3cdd797a-dae0-406a-93e0-f102c69f8d01,MLV1-R02405,MLV1-A0113,hardware,interno,media,físico,error humano,falta de capacitación,4,3,mitigar,2025-04-02,0
28f7a741-5acc-4cc9-981b-0c91c0d50a5f,MLV1-R02587,MLV1-A0312,otros,publico,alta,físico,interrupción del servicio,configuración incorrecta,2,4,aceptar,2025-04-02,0
f9f0697f-3b14-4393-9605-f7be68394ba0,MLV1-R04244,MLV1-A0947,otros,interno,alta,físico,robo,falta de controles de acceso,3,3,mitigar,2025-04-02,0
14a838f1-3df4-4519-ab23-187e79101b92,MLV1-R06255,MLV1-A0821,servicios ti,confidencial,alta,digital,pérdida de información,configuración incorrecta,2,3,mitigar,2025-04-02,0
30f29fd6-7cf5-4a6a-ac6d-0ebeaba90082,MLV1-R07126,MLV1-A0947,otros,interno,alta,físico,daño físico,equipos obsoletos,1,5,aceptar,2025-04-02,0
0a2d0b46-547d-44fe-a68a-9133da97d435,MLV1-R07680,MLV1-A0947,otros,interno,alta,físico,pérdida de información,ausencia de respaldos,5,3,evitar,2025-04-02,0
60ec37a1-ca82-4671-a983-5a7a969e27f8,MLV1-R08775,MLV1-A0057,hardware,interno,critica,físico,acceso no autorizado,contraseñas débiles,4,3,mitigar,2025-04-02,0
425cafb3-3501-4b18-ba0e-9ef5b79c7976,MLV1-R09254,MLV1-A0938,información,interno,baja,digital,pérdida de información,ausencia de respaldos,2,1,aceptar,2025-04-02,0
19e4ca64-bb45-4ce6-89ae-419a06691c07,MLV1-R09396,MLV1-A0821,servicios ti,confidencial,alta,digital,ransomware,antivirus desactualizado,5,4,mitigar,2025-04-02,0
fb49dc1c-17d0-4b5b-9547-bc98ae1a484e,MLV1-R01455,MLV1-A0788,hardware,interno,media,físico,falla eléctrica,sin mantenimiento,2,3,mitigar,2025-04-03,0
63bc3113-53f5-4032-8c46-74a3139fb772,MLV1-R01689,MLV1-A0296,redes y comunicaciones,interno,media,físico,falla eléctrica,equipos obsoletos,2,3,mitigar,2025-04-03,0
321782ee-b0e5-4b75-b445-7f58c28d15cb,MLV1-R03392,MLV1-A0342,redes y comunicaciones,restringido,alta,físico,malware,configuración incorrecta,5,3,evitar,2025-04-03,0
60c3f3bf-25e9-4b40-a2db-2a45fce74ece,MLV1-R08004,MLV1-A0193,software,interno,alta,digital,acceso no autorizado,contraseñas débiles,3,3,transferir,2025-04-03,0
2c3f3fa0-b74f-4166-a26d-44213642d6be,MLV1-R08663,MLV1-A0602,hardware,confidencial,alta,físico,falla eléctrica,sin mantenimiento,3,4,mitigar,2025-04-03,0
9f2300ba-1d11-4302-a25b-b90c0eb8de15,MLV1-R00757,MLV1-A0549,documentación,confidencial,media,físico,inundación,ausencia de políticas,3,3,aceptar,2025-04-04,0
14c2ceb8-3641-47ed-81f8-7548172f23dc,MLV1-R00815,MLV1-A0422,hardware,interno,alta,físico,error humano,configuración incorrecta,2,5,mitigar,2025-04-04,1
7d550921-cf9a-44cf-ac67-133da876bce5,MLV1-R01888,MLV1-A0422,hardware,interno,alta,físico,error humano,ausencia de políticas,2,3,mitigar,2025-04-04,0
f47713be-f9bf-4b50-a39a-a1abea166db3,MLV1-R04835,MLV1-A0422,hardware,interno,alta,físico,robo,falta de controles de acceso,3,3,aceptar,2025-04-04,0
5d413f78-ffab-4f60-9569-6c613046f2e7,MLV1-R05193,MLV1-A0422,hardware,interno,alta,físico,incendio,ausencia de políticas,3,3,mitigar,2025-04-04,0
01d4ce26-156f-44c5-b7e1-78fe0a0b4159,MLV1-R05349,MLV1-A0422,hardware,interno,alta,físico,inundación,almacenamiento inadecuado,2,4,mitigar,2025-04-04,0
e4cf33ee-716a-4037-b73d-e936ceea2277,MLV1-R05846,MLV1-A0804,información,restringido,alta,digital,malware,antivirus desactualizado,4,4,transferir,2025-04-04,1
867e1a7a-68cd-4c11-929a-695bb7c75827,MLV1-R06432,MLV1-A0422,hardware,interno,alta,físico,error humano,falta de capacitación,5,2,aceptar,2025-04-04,0
15f6ab79-d1b7-4a7d-bd70-6b3f06ca1579,MLV1-R06715,MLV1-A0422,hardware,interno,alta,físico,inundación,ausencia de políticas,3,5,mitigar,2025-04-04,0
d9972ae0-229a-4dc7-918f-8443fddb0f62,MLV1-R07972,MLV1-A0422,hardware,interno,alta,físico,falla eléctrica,equipos obsoletos,3,3,aceptar,2025-04-04,0
7d0e99dd-6ef1-4ef1-bddd-624a378a27a2,MLV1-R09524,MLV1-A0823,hardware,confidencial,alta,físico,daño físico,sin mantenimiento,3,3,mitigar,2025-04-04,0
180ec6cf-e180-4b57-b16d-1dfb1ce19a31,MLV1-R02729,MLV1-A0649,software,interno,alta,digital,interrupción del servicio,equipos obsoletos,2,2,aceptar,2025-04-05,0
08857644-d62a-458a-83d6-7f6f3a0f616e,MLV1-R03029,MLV1-A0701,otros,interno,critica,físico,error humano,falta de capacitación,4,5,mitigar,2025-04-05,0
83bbf9fb-7439-4196-9cfa-cde5f2d32037,MLV1-R04312,MLV1-A0701,otros,interno,critica,físico,error humano,falta de capacitación,3,5,mitigar,2025-04-05,0
2ecba4af-cbb9-4a60-807d-f911050eb854,MLV1-R07804,MLV1-A0073,información,confidencial,media,digital,error humano,falta de capacitación,2,2,aceptar,2025-04-05,0
c5dd484c-13c5-486d-b3c3-7bbe231f2d74,MLV1-R00556,MLV1-A0302,información,confidencial,media,digital,acceso no autorizado,falta de controles de acceso,4,2,mitigar,2025-04-06,0
e2d289f6-9901-4194-b020-c4f3c2642369,MLV1-R01254,MLV1-A0237,hardware,confidencial,baja,físico,daño físico,almacenamiento inadecuado,4,1,aceptar,2025-04-06,0
91ec2c54-ce94-406d-891c-eef4a3030564,MLV1-R04187,MLV1-A0842,software,interno,alta,digital,malware,configuración incorrecta,3,3,mitigar,2025-04-06,0
89426c41-5588-488a-be3b-87b99f3a76d4,MLV1-R06942,MLV1-A0842,software,interno,alta,digital,malware,antivirus desactualizado,4,4,mitigar,2025-04-06,0
cf7ef18b-a94d-4782-b2e9-c8f50174f0fa,MLV1-R08796,MLV1-A0773,información,interno,baja,digital,error humano,ausencia de políticas,1,4,aceptar,2025-04-06,0
fe738aa3-7e94-437d-a230-c75687630b88,MLV1-R00194,MLV1-A0964,información,interno,media,digital,pérdida de información,ausencia de respaldos,4,3,transferir,2025-04-07,0
75834662-b52a-46eb-936b-d85eb327aec9,MLV1-R00892,MLV1-A0456,información,confidencial,media,digital,error humano,falta de capacitación,5,3,transferir,2025-04-07,0
20a6dc06-713b-4114-ad5c-e51812e739fb,MLV1-R02018,MLV1-A0616,servicios ti,restringido,critica,digital,malware,falta de capacitación,2,4,mitigar,2025-04-07,0
5ba89141-98f9-4afb-924c-33a173093561,MLV1-R02021,MLV1-A0306,redes y comunicaciones,interno,baja,físico,error humano,configuración incorrecta,2,3,aceptar,2025-04-07,0
a9dbe9c5-9df1-4819-b1aa-30c7f7e226fb,MLV1-R04194,MLV1-A0325,hardware,interno,media,físico,inundación,almacenamiento inadecuado,4,2,aceptar,2025-04-07,0
17cd4983-53d5-488d-aa0a-de8004571b9e,MLV1-R04657,MLV1-A0325,hardware,interno,media,físico,incendio,almacenamiento inadecuado,2,2,aceptar,2025-04-07,0
11ff645f-6aa0-4d22-8908-36a268e9780f,MLV1-R05182,MLV1-A0588,documentación,interno,alta,digital,divulgación de información,falta de controles de acceso,4,3,mitigar,2025-04-07,0
26072d90-7458-4c1c-99cc-c83f7b83ce0c,MLV1-R05225,MLV1-A0964,información,interno,media,digital,ransomware,falta de capacitación,2,4,mitigar,2025-04-07,0
85fc21d2-fc1d-4018-aa0d-a800b2a46703,MLV1-R05566,MLV1-A0325,hardware,interno,media,físico,robo,falta de controles de acceso,4,4,mitigar,2025-04-07,0
5e2e1e52-6059-4895-858d-9ff00205ec9f,MLV1-R05833,MLV1-A0309,hardware,interno,critica,físico,error humano,falta de capacitación,5,5,evitar,2025-04-07,0
b73fec9f-1739-48df-947f-b5e3f3a5b7ea,MLV1-R05920,MLV1-A0588,documentación,interno,alta,digital,incendio,almacenamiento inadecuado,3,5,mitigar,2025-04-07,1
635f22e4-d901-41df-b8e5-96d2d901e56e,MLV1-R06182,MLV1-A0735,información,interno,media,digital,divulgación de información,ausencia de políticas,2,5,mitigar,2025-04-07,0
fa3ecf52-22c2-403e-9321-3a9ffb255337,MLV1-R06197,MLV1-A0325,hardware,interno,media,físico,malware,antivirus desactualizado,4,1,aceptar,2025-04-07,0
2fca0cde-59be-4015-81c6-d4d49a914cac,MLV1-R06574,MLV1-A0588,documentación,interno,alta,digital,daño físico,sin mantenimiento,2,5,mitigar,2025-04-07,0
dc06406b-ddb6-4f70-b4c5-b215c6946a6f,MLV1-R06807,MLV1-A0588,documentación,interno,alta,digital,pérdida de información,ausencia de respaldos,2,4,mitigar,2025-04-07,0
efbe6d4f-385b-478d-a5a0-33daee75bccc,MLV1-R07571,MLV1-A0735,información,interno,media,digital,acceso no autorizado,ausencia de políticas,1,3,aceptar,2025-04-07,0
d9719334-5978-49c4-a88f-6fdb97260c26,MLV1-R08001,MLV1-A0588,documentación,interno,alta,digital,daño físico,sin mantenimiento,5,3,mitigar,2025-04-07,1
c8994109-cb9e-4c69-91e6-0493f91b3a0b,MLV1-R08043,MLV1-A0520,información,confidencial,media,digital,pérdida de información,ausencia de respaldos,5,2,mitigar,2025-04-07,0
a787bc47-c66b-44fe-9755-0aa3768e50bc,MLV1-R08096,MLV1-A0964,información,interno,media,digital,pérdida de información,configuración incorrecta,1,2,aceptar,2025-04-07,0
41fc6638-2b68-4fba-a4a8-b8b62ad99a2d,MLV1-R09300,MLV1-A0740,hardware,confidencial,critica,físico,daño físico,almacenamiento inadecuado,3,5,transferir,2025-04-07,0
005c64f0-2ab6-4e1e-9f19-933c3d3f4297,MLV1-R09431,MLV1-A0740,hardware,confidencial,critica,físico,falla eléctrica,sin mantenimiento,3,4,mitigar,2025-04-07,0
5212f3f5-6877-44f4-a1e4-d93956f8384c,MLV1-R09642,MLV1-A0964,información,interno,media,digital,pérdida de información,ausencia de respaldos,3,3,mitigar,2025-04-07,0
02e6a12f-093b-40e4-82ca-11638e1cd539,MLV1-R01300,MLV1-A0277,redes y comunicaciones,publico,media,físico,interrupción del servicio,equipos obsoletos,5,1,aceptar,2025-04-08,0
ccdf7ae2-492a-4c6b-b52d-2ea9d0a564df,MLV1-R03229,MLV1-A0277,redes y comunicaciones,publico,media,físico,malware,configuración incorrecta,2,3,transferir,2025-04-08,0
d3c10d7f-7c1c-4445-aec9-b7f822320555,MLV1-R03288,MLV1-A0556,hardware,confidencial,media,físico,daño físico,sin mantenimiento,3,4,mitigar,2025-04-08,0
178d7603-78e3-4505-b8a4-fba8c3579b0b,MLV1-R03762,MLV1-A0277,redes y comunicaciones,publico,media,físico,malware,antivirus desactualizado,3,2,mitigar,2025-04-08,0
7d2d0a20-365c-457a-bc8a-1458b0078249,MLV1-R04308,MLV1-A0556,hardware,confidencial,media,físico,error humano,falta de capacitación,3,1,aceptar,2025-04-08,0
38afe848-1783-4255-8e13-d7f2b7488ddc,MLV1-R04615,MLV1-A0556,hardware,confidencial,media,físico,malware,configuración incorrecta,3,2,aceptar,2025-04-08,0
c836b16b-2ee9-4e68-ac6a-09b162e9c91a,MLV1-R07763,MLV1-A0277,redes y comunicaciones,publico,media,físico,interrupción del servicio,configuración incorrecta,2,2,aceptar,2025-04-08,0
26fee4a0-142b-4da5-8389-72b6b538ca66,MLV1-R08120,MLV1-A0277,redes y comunicaciones,publico,media,físico,interrupción del servicio,equipos obsoletos,2,3,mitigar,2025-04-08,0
07d3fe23-0876-48fa-bc85-d5e94b84cbbc,MLV1-R08478,MLV1-A0277,redes y comunicaciones,publico,media,físico,error humano,configuración incorrecta,1,2,aceptar,2025-04-08,0
ffb526b9-65ea-4c62-a3bb-42be40595468,MLV1-R08659,MLV1-A0277,redes y comunicaciones,publico,media,físico,acceso no autorizado,contraseñas débiles,5,4,mitigar,2025-04-08,0
4ad767db-ed6a-4007-80fe-7f533586effc,MLV1-R09005,MLV1-A0556,hardware,confidencial,media,físico,malware,configuración incorrecta,3,3,aceptar,2025-04-08,0
7e7e3e26-87a9-446c-a10d-3da80b25ee6e,MLV1-R09552,MLV1-A0649,software,interno,alta,digital,ransomware,ausencia de respaldos,4,3,evitar,2025-04-08,0
878efdfc-f1b7-467a-9511-82a44df6da1d,MLV1-R00182,MLV1-A0650,hardware,restringido,media,físico,error humano,falta de capacitación,5,3,mitigar,2025-04-09,1
f8f4f067-1bbf-44f3-818c-76ad2fa1f307,MLV1-R00211,MLV1-A0939,información,confidencial,alta,digital,pérdida de información,ausencia de respaldos,3,5,evitar,2025-04-09,0
bb72f254-66a7-464c-ab4d-5038696c96e7,MLV1-R00355,MLV1-A0651,información,interno,baja,digital,divulgación de información,contraseñas débiles,4,2,transferir,2025-04-09,0
e98a49f7-62b3-4eab-8148-c4c3a34c3a60,MLV1-R00499,MLV1-A0939,información,confidencial,alta,digital,acceso no autorizado,falta de controles de acceso,2,4,aceptar,2025-04-09,0
a116c305-668c-4a6a-b1b0-45edfea3058b,MLV1-R01897,MLV1-A0276,documentación,interno,alta,digital,divulgación de información,contraseñas débiles,3,4,mitigar,2025-04-09,0
433015ec-c36b-412d-90e8-fe5ad786eb08,MLV1-R02109,MLV1-A0033,información,confidencial,media,digital,pérdida de información,almacenamiento inadecuado,1,2,aceptar,2025-04-09,0
54a55c70-532d-4f81-857d-37410f7f287f,MLV1-R02345,MLV1-A0419,hardware,interno,media,físico,daño físico,equipos obsoletos,2,5,mitigar,2025-04-09,0
758db9be-af93-4844-a17a-4cc4bd8457ef,MLV1-R03651,MLV1-A0939,información,confidencial,alta,digital,pérdida de información,almacenamiento inadecuado,2,4,mitigar,2025-04-09,0
5405a1d9-7f7b-4980-aa16-485d1d218551,MLV1-R04157,MLV1-A0651,información,interno,baja,digital,ransomware,ausencia de respaldos,3,2,aceptar,2025-04-09,0
6792c777-2573-44aa-8fe1-9b3a52de8a97,MLV1-R04496,MLV1-A0338,información,interno,media,digital,error humano,falta de capacitación,3,3,aceptar,2025-04-09,0
cffc5880-c25d-4d4a-bfe0-b7d4a13322e5,MLV1-R04663,MLV1-A0911,redes y comunicaciones,confidencial,media,físico,error humano,falta de capacitación,2,2,aceptar,2025-04-09,0
f2f268a5-96ac-442d-ab76-8882c2dfc783,MLV1-R04922,MLV1-A0514,hardware,publico,alta,físico,error humano,ausencia de políticas,3,4,mitigar,2025-04-09,1
fb454be3-a15b-4d95-b4f7-76fda57fa444,MLV1-R04961,MLV1-A0939,información,confidencial,alta,digital,divulgación de información,ausencia de políticas,2,5,transferir,2025-04-09,0
fc94be86-6ba8-406c-bc90-6e55ffb7fe74,MLV1-R06783,MLV1-A0461,redes y comunicaciones,interno,media,físico,acceso no autorizado,contraseñas débiles,4,3,evitar,2025-04-09,0
09ce00ea-b15c-43f3-b1e9-b4d85b360e92,MLV1-R08088,MLV1-A0939,información,confidencial,alta,digital,ransomware,ausencia de respaldos,3,5,mitigar,2025-04-09,1
8743ea65-abd6-47ea-b85c-0e2e2e39a2cd,MLV1-R08175,MLV1-A0360,servicios ti,interno,critica,digital,pérdida de información,almacenamiento inadecuado,3,4,mitigar,2025-04-09,0
28a472ad-1ed9-453e-810b-821bf710bc47,MLV1-R08629,MLV1-A0651,información,interno,baja,digital,acceso no autorizado,ausencia de políticas,2,2,aceptar,2025-04-09,0
55b15e39-ca01-4ee7-a7bc-229332c3bdf8,MLV1-R08794,MLV1-A0651,información,interno,baja,digital,error humano,falta de capacitación,1,2,aceptar,2025-04-09,0
57c9f3c4-ab26-4da5-9dd3-d665bba2acab,MLV1-R09533,MLV1-A0651,información,interno,baja,digital,acceso no autorizado,falta de controles de acceso,4,1,aceptar,2025-04-09,0
5e7da53c-32fa-4b71-839d-eca44255edf4,MLV1-R09795,MLV1-A0651,información,interno,baja,digital,error humano,falta de capacitación,5,2,mitigar,2025-04-09,0
48d4cff9-5fab-443f-a4cc-a82ee6f0f444,MLV1-R02299,MLV1-A0806,hardware,interno,alta,físico,incendio,ausencia de políticas,3,5,mitigar,2025-04-10,0
80d7d453-50fe-4261-b3f3-8568425c7955,MLV1-R03507,MLV1-A0975,redes y comunicaciones,interno,critica,físico,acceso no autorizado,contraseñas débiles,4,5,evitar,2025-04-10,0
5a5bbbbd-c461-49fc-ad54-5b293b7d37e6,MLV1-R03610,MLV1-A0635,redes y comunicaciones,interno,media,físico,falla eléctrica,equipos obsoletos,3,3,mitigar,2025-04-10,0
4f332cdc-047f-4f72-ad68-0a6e3070b736,MLV1-R04362,MLV1-A0562,software,interno,media,digital,interrupción del servicio,equipos obsoletos,5,1,aceptar,2025-04-10,0
5a84c2d9-b19c-4244-a3d2-63c6a432f098,MLV1-R06339,MLV1-A0806,hardware,interno,alta,físico,error humano,ausencia de políticas,3,2,mitigar,2025-04-10,0
58e097f4-104f-4602-ab2e-47adceb7d360,MLV1-R08625,MLV1-A0981,servicios ti,interno,critica,digital,interrupción del servicio,sin mantenimiento,4,3,mitigar,2025-04-10,0
494ac69d-5ed3-4765-87f9-f116784c1b1f,MLV1-R09195,MLV1-A0495,servicios ti,interno,media,digital,acceso no autorizado,ausencia de políticas,2,3,mitigar,2025-04-10,0
e4c05ad7-9f6d-414f-9ae3-ab87baa3dd7b,MLV1-R09587,MLV1-A0806,hardware,interno,alta,físico,error humano,falta de capacitación,3,2,transferir,2025-04-10,0
931873f7-048c-493b-ab40-46f1691779e4,MLV1-R09746,MLV1-A0806,hardware,interno,alta,físico,malware,falta de capacitación,2,4,aceptar,2025-04-10,0
8904b758-a49b-4b2b-bd8e-3ba8457de326,MLV1-R00520,MLV1-A0640,hardware,interno,critica,físico,inundación,almacenamiento inadecuado,3,3,mitigar,2025-04-11,0
e41d1232-891f-4749-923a-0ee5963f6082,MLV1-R04402,MLV1-A0422,hardware,interno,alta,físico,malware,configuración incorrecta,1,4,aceptar,2025-04-11,0
81e161de-063d-40a1-86ab-a8d6f244dc66,MLV1-R04556,MLV1-A0338,información,interno,media,digital,acceso no autorizado,falta de controles de acceso,3,2,aceptar,2025-04-11,0
e913e994-bd1f-473b-8c8a-452ddd9bbfc5,MLV1-R06433,MLV1-A0987,hardware,interno,baja,físico,error humano,falta de capacitación,5,1,aceptar,2025-04-11,0
e7c26aba-359e-403d-a28a-8e54191ede6c,MLV1-R06591,MLV1-A0180,hardware,interno,alta,físico,error humano,configuración incorrecta,1,3,mitigar,2025-04-11,0
880b06ae-4a71-4a49-8e0a-e7abfdb09533,MLV1-R08541,MLV1-A0640,hardware,interno,critica,físico,malware,antivirus desactualizado,5,5,transferir,2025-04-11,0
31c4c187-dbd2-4e79-838f-24eca334bca7,MLV1-R00074,MLV1-A0934,información,confidencial,critica,digital,acceso no autorizado,ausencia de políticas,2,5,mitigar,2025-04-12,0
6171ee73-0513-43f5-accc-c8603de524aa,MLV1-R00403,MLV1-A0565,software,publico,media,digital,malware,antivirus desactualizado,5,2,mitigar,2025-04-12,0
26e2d9b0-7843-4937-a1de-4956105c4c60,MLV1-R00719,MLV1-A0934,información,confidencial,critica,digital,divulgación de información,contraseñas débiles,5,3,mitigar,2025-04-12,0
956ef1ca-c06a-4305-abf6-468431cf313e,MLV1-R00930,MLV1-A0565,software,publico,media,digital,interrupción del servicio,sin mantenimiento,2,3,mitigar,2025-04-12,0
ecc23303-a5a4-4a3d-b55a-6143d6de5785,MLV1-R01723,MLV1-A0599,software,confidencial,alta,digital,interrupción del servicio,sin mantenimiento,2,4,aceptar,2025-04-12,0
a4d697ac-d132-4ac5-8d36-5911dc8c84f9,MLV1-R02763,MLV1-A0934,información,confidencial,critica,digital,acceso no autorizado,contraseñas débiles,5,3,mitigar,2025-04-12,0
1f8787cd-f797-434e-8f5b-40c9986d1c59,MLV1-R05139,MLV1-A0934,información,confidencial,critica,digital,error humano,configuración incorrecta,2,3,mitigar,2025-04-12,0
aa5734d5-7ecd-4115-a632-534f9e38838e,MLV1-R05146,MLV1-A0216,redes y comunicaciones,interno,critica,físico,error humano,falta de capacitación,5,4,mitigar,2025-04-12,1
4377ead7-a9dd-4cb8-9842-2ec8f7fd2692,MLV1-R06230,MLV1-A0354,servicios ti,confidencial,baja,digital,error humano,falta de capacitación,5,2,aceptar,2025-04-12,0
79486560-5f40-4400-8d7d-457a2271bb93,MLV1-R08038,MLV1-A0349,redes y comunicaciones,restringido,media,físico,acceso no autorizado,contraseñas débiles,4,2,aceptar,2025-04-12,0
eab2f8c8-916b-449d-9f5c-7c80f0fa1dca,MLV1-R08303,MLV1-A0565,software,publico,media,digital,malware,configuración incorrecta,2,5,aceptar,2025-04-12,0
69054877-27a1-4c75-8162-db3081aa3a82,MLV1-R08848,MLV1-A0934,información,confidencial,critica,digital,malware,falta de capacitación,2,3,aceptar,2025-04-12,0
4f3e90a6-8fec-4ee4-8ac7-a4bf15faa1e2,MLV1-R09339,MLV1-A0934,información,confidencial,critica,digital,ransomware,ausencia de respaldos,2,4,mitigar,2025-04-12,0
0c9a54e3-5a5c-4c48-b65e-3875045b3d7c,MLV1-R00140,MLV1-A0322,redes y comunicaciones,confidencial,critica,físico,interrupción del servicio,configuración incorrecta,1,4,aceptar,2025-04-13,0
600a8f94-9ab7-4070-8870-d45ced0d8287,MLV1-R01225,MLV1-A0015,servicios ti,restringido,alta,digital,ransomware,antivirus desactualizado,2,4,mitigar,2025-04-13,0
28619c44-44e1-4320-8345-bf6bcc44eba0,MLV1-R06899,MLV1-A0349,redes y comunicaciones,restringido,media,físico,interrupción del servicio,equipos obsoletos,2,2,mitigar,2025-04-13,0
5f89fd08-8fe6-4d3e-95e4-6e10c08695c1,MLV1-R07010,MLV1-A0309,hardware,interno,critica,físico,incendio,ausencia de políticas,3,4,evitar,2025-04-13,0
97ad7958-41dd-4880-b8df-b2d5ed85b632,MLV1-R08901,MLV1-A0631,otros,interno,critica,físico,acceso no autorizado,ausencia de políticas,1,5,aceptar,2025-04-13,0
2db6a779-3518-41ea-8d04-ada4ad4b0bda,MLV1-R09694,MLV1-A0055,información,interno,media,digital,malware,configuración incorrecta,1,1,aceptar,2025-04-13,0
d4ed1fe3-302c-479d-9fe6-c740b54277f1,MLV1-R02307,MLV1-A0218,información,interno,media,digital,acceso no autorizado,contraseñas débiles,3,2,aceptar,2025-04-14,0
ade174b7-dd0c-4398-bb97-696fd8607f38,MLV1-R02493,MLV1-A0184,hardware,restringido,alta,físico,falla eléctrica,equipos obsoletos,2,4,mitigar,2025-04-14,0
efb2bc84-a2c9-42e0-a5f5-a00ff473ca93,MLV1-R03813,MLV1-A0218,información,interno,media,digital,acceso no autorizado,ausencia de políticas,4,2,transferir,2025-04-14,0
35ddcedc-7b70-4abf-9d1b-f059cfc05351,MLV1-R04034,MLV1-A0322,redes y comunicaciones,confidencial,critica,físico,interrupción del servicio,equipos obsoletos,2,5,mitigar,2025-04-14,0
ca60106c-1de4-4afb-8bee-65597ec1ed29,MLV1-R05579,MLV1-A0847,información,interno,media,digital,pérdida de información,ausencia de respaldos,4,3,mitigar,2025-04-14,0
1e21c810-a5cf-4aff-beda-9de4b4c6a83b,MLV1-R06453,MLV1-A0371,hardware,interno,media,físico,malware,falta de capacitación,3,2,aceptar,2025-04-14,0
67f42645-f618-46f4-827b-96482c0ed491,MLV1-R09194,MLV1-A0218,información,interno,media,digital,malware,antivirus desactualizado,2,2,mitigar,2025-04-14,0
77cd145d-db75-4afb-9007-b52bac8c9fad,MLV1-R09938,MLV1-A0296,redes y comunicaciones,interno,media,físico,falla eléctrica,equipos obsoletos,2,1,aceptar,2025-04-14,0
cd4e8a11-aaf3-48ff-91e3-8130cff16580,MLV1-R00048,MLV1-A0006,servicios ti,interno,media,digital,acceso no autorizado,ausencia de políticas,1,1,aceptar,2025-04-15,0
335c0a7b-d501-412e-9bd9-edb479957aa2,MLV1-R02077,MLV1-A0434,información,interno,media,digital,divulgación de información,falta de controles de acceso,2,2,aceptar,2025-04-15,0
f0feef2a-cc4d-4a80-b39b-d356a82f5a9f,MLV1-R02150,MLV1-A0755,servicios ti,interno,media,digital,interrupción del servicio,sin mantenimiento,2,3,transferir,2025-04-15,0
69a06640-20f1-4c76-8f63-19c87d208e82,MLV1-R02523,MLV1-A0006,servicios ti,interno,media,digital,acceso no autorizado,ausencia de políticas,3,4,mitigar,2025-04-15,0
ef5fda73-ab29-4678-8fed-2781bee6dbe5,MLV1-R02644,MLV1-A0434,información,interno,media,digital,acceso no autorizado,ausencia de políticas,1,3,aceptar,2025-04-15,0
c3913bb1-8f14-4a63-b9c7-10b2d32028ef,MLV1-R03059,MLV1-A0006,servicios ti,interno,media,digital,pérdida de información,almacenamiento inadecuado,4,2,mitigar,2025-04-15,0
6c18a610-b690-4b73-a618-d56bf20a2b02,MLV1-R05452,MLV1-A0434,información,interno,media,digital,acceso no autorizado,contraseñas débiles,4,2,mitigar,2025-04-15,0
6b06d196-3c54-4458-87e6-821ae27750d5,MLV1-R08028,MLV1-A0406,hardware,interno,alta,físico,falla eléctrica,sin mantenimiento,1,3,mitigar,2025-04-15,0
d3e12772-ce3c-4b41-806a-cc8a54d1414d,MLV1-R08208,MLV1-A0895,documentación,publico,alta,digital,inundación,ausencia de políticas,1,5,aceptar,2025-04-15,0
b6dc0187-bb0e-4d03-8db7-56f31d0e422c,MLV1-R09089,MLV1-A0006,servicios ti,interno,media,digital,pérdida de información,ausencia de respaldos,4,2,aceptar,2025-04-15,0
a54fb99a-acf8-4a6b-ab1b-ddb27d1c6f25,MLV1-R01086,MLV1-A0278,servicios ti,interno,critica,digital,malware,configuración incorrecta,4,5,mitigar,2025-04-16,0
a5ebd56e-83d8-4daf-95d5-5ad9aba18861,MLV1-R01199,MLV1-A0523,documentación,interno,baja,digital,pérdida de información,almacenamiento inadecuado,3,4,evitar,2025-04-16,0
02a89e2f-b515-4ed1-97bc-1e635bd4ce43,MLV1-R05939,MLV1-A0529,información,interno,media,digital,acceso no autorizado,contraseñas débiles,2,2,aceptar,2025-04-16,0
2709b8ab-792b-48b6-bf26-15397c0eec6b,MLV1-R06843,MLV1-A0497,documentación,publico,alta,digital,daño físico,sin mantenimiento,4,3,mitigar,2025-04-16,0
d0861c53-d6fe-4af3-88f3-11bfb2b241ae,MLV1-R07128,MLV1-A0616,servicios ti,restringido,critica,digital,malware,antivirus desactualizado,5,4,mitigar,2025-04-16,0
6e29f50a-f663-4dae-9160-743ca3d1325d,MLV1-R02185,MLV1-A0747,hardware,interno,alta,físico,daño físico,sin mantenimiento,1,3,aceptar,2025-04-17,0
9ec6d551-1e28-44e0-b761-1c602129a269,MLV1-R03355,MLV1-A0463,hardware,publico,media,físico,error humano,configuración incorrecta,4,5,mitigar,2025-04-17,0
a4853f27-a9a3-4691-af49-c38973d1b986,MLV1-R03435,MLV1-A0747,hardware,interno,alta,físico,robo,falta de controles de acceso,4,4,mitigar,2025-04-17,0
47d46891-07ca-4fde-a0e7-6d5083d3bf24,MLV1-R07209,MLV1-A0710,software,interno,baja,digital,error humano,falta de capacitación,5,2,transferir,2025-04-17,0
88349f87-902a-4ccf-8336-785a021f0f3c,MLV1-R08288,MLV1-A0747,hardware,interno,alta,físico,falla eléctrica,sin mantenimiento,1,4,aceptar,2025-04-17,0
d5e82825-eaf3-430a-b4ed-550352918880,MLV1-R08927,MLV1-A0747,hardware,interno,alta,físico,malware,falta de capacitación,4,3,evitar,2025-04-17,0
5e49d12e-1243-4cdf-8161-1f534f7b6f1e,MLV1-R01162,MLV1-A0313,servicios ti,confidencial,media,digital,error humano,ausencia de políticas,3,3,aceptar,2025-04-18,0
321fdf28-d5b5-44bd-89fe-4ef784e8e464,MLV1-R02994,MLV1-A0313,servicios ti,confidencial,media,digital,malware,falta de capacitación,3,2,mitigar,2025-04-18,0
046cc9ad-2e7c-46ec-8f99-fa00cb3fca13,MLV1-R03217,MLV1-A0615,software,confidencial,critica,digital,pérdida de información,almacenamiento inadecuado,4,5,evitar,2025-04-18,0
ec4d02b6-db52-43fb-a9e5-38bcd05d25f1,MLV1-R04593,MLV1-A0485,software,publico,media,digital,interrupción del servicio,sin mantenimiento,2,2,aceptar,2025-04-18,0
4f8adbd7-30dc-4515-b3b8-0c985ff6f65f,MLV1-R04948,MLV1-A0017,información,interno,media,digital,pérdida de información,ausencia de respaldos,5,3,mitigar,2025-04-18,0
ea0b32ce-f41f-43d2-8486-bdf7bd775960,MLV1-R05051,MLV1-A0313,servicios ti,confidencial,media,digital,error humano,falta de capacitación,3,3,mitigar,2025-04-18,0
7064f225-ff91-4c2b-93a4-34c870846ec2,MLV1-R05097,MLV1-A0485,software,publico,media,digital,pérdida de información,configuración incorrecta,3,3,transferir,2025-04-18,0
05d838e4-ab36-4001-b0ad-34de94b85438,MLV1-R05698,MLV1-A0313,servicios ti,confidencial,media,digital,ransomware,falta de capacitación,4,5,mitigar,2025-04-18,0
cb6c402d-8e8a-4720-b26e-efbf8a4d7240,MLV1-R07218,MLV1-A0976,hardware,interno,alta,físico,error humano,configuración incorrecta,1,5,aceptar,2025-04-18,0
bd076172-e737-41c3-a5f6-b1a792bd60a0,MLV1-R08162,MLV1-A0313,servicios ti,confidencial,media,digital,error humano,configuración incorrecta,4,1,mitigar,2025-04-18,0
867dd77c-613d-4e1c-b079-73355f646e75,MLV1-R08521,MLV1-A0313,servicios ti,confidencial,media,digital,error humano,ausencia de políticas,1,4,aceptar,2025-04-18,0
28d42f86-0012-4f6d-8f4c-939f1939bcbc,MLV1-R09973,MLV1-A0456,información,confidencial,media,digital,ransomware,configuración incorrecta,3,3,mitigar,2025-04-18,0
d692fb7c-fc6d-41fb-864d-fbcf237f3aa1,MLV1-R03646,MLV1-A0160,hardware,interno,critica,físico,incendio,ausencia de políticas,3,5,mitigar,2025-04-19,0
70b1a34e-25f5-4c4d-b780-df22f1cce3bc,MLV1-R04305,MLV1-A0909,documentación,interno,media,digital,robo,falta de controles de acceso,2,3,aceptar,2025-04-19,0
ffddfc9a-9d67-4436-bee9-912deb604780,MLV1-R05926,MLV1-A0618,servicios ti,restringido,media,digital,error humano,ausencia de políticas,3,2,mitigar,2025-04-19,0
11682830-1e31-4245-9ff4-26be1a911636,MLV1-R08065,MLV1-A0599,software,confidencial,alta,digital,interrupción del servicio,equipos obsoletos,5,3,mitigar,2025-04-19,0
a45c1738-3f43-4025-8a35-8794139f13ce,MLV1-R00328,MLV1-A0271,hardware,publico,critica,físico,robo,ausencia de políticas,1,5,aceptar,2025-04-20,0
17c972c9-1766-4986-beb0-4498a8fc0c23,MLV1-R01955,MLV1-A0851,documentación,publico,critica,digital,error humano,falta de capacitación,1,4,aceptar,2025-04-20,0
ae452b1b-40d6-41ce-bfd1-6b88b754ff1d,MLV1-R02892,MLV1-A0059,otros,confidencial,alta,físico,interrupción del servicio,configuración incorrecta,3,4,mitigar,2025-04-20,0
e3d4df90-25ba-43d7-bd44-e40158cf1abb,MLV1-R05172,MLV1-A0798,software,confidencial,critica,digital,acceso no autorizado,contraseñas débiles,3,5,mitigar,2025-04-20,0
230a751f-4437-47a6-b09a-5be0bbb5ff55,MLV1-R07305,MLV1-A0964,información,interno,media,digital,ransomware,falta de capacitación,2,4,mitigar,2025-04-20,0
68cc75da-5da0-40df-8b32-f8101e47c403,MLV1-R08811,MLV1-A0993,software,interno,media,digital,malware,antivirus desactualizado,3,3,mitigar,2025-04-20,0
16ff7de8-43b9-41b4-9318-5cf1d9775a67,MLV1-R00308,MLV1-A0752,documentación,interno,alta,digital,divulgación de información,contraseñas débiles,5,3,mitigar,2025-04-21,0
4c33b03a-7cdd-4205-a2ae-09d6cd687f90,MLV1-R01147,MLV1-A0752,documentación,interno,alta,digital,divulgación de información,ausencia de políticas,4,2,mitigar,2025-04-21,0
67ec84e4-7892-4ef5-a5ed-8520d90c081f,MLV1-R01249,MLV1-A0594,documentación,interno,media,digital,divulgación de información,falta de controles de acceso,2,2,mitigar,2025-04-21,0
2d5f82fb-9f4e-4028-a8d6-45d9e872c0a2,MLV1-R01284,MLV1-A0914,documentación,interno,alta,digital,daño físico,almacenamiento inadecuado,3,4,mitigar,2025-04-21,0
8283cf94-e835-426c-96ca-55f2dd3b1b3e,MLV1-R01291,MLV1-A0752,documentación,interno,alta,digital,robo,falta de controles de acceso,5,4,mitigar,2025-04-21,0
3a64d4cb-4959-40e4-a4a7-c3f8606ec3e4,MLV1-R02217,MLV1-A0594,documentación,interno,media,digital,error humano,configuración incorrecta,1,2,aceptar,2025-04-21,0
2f25214a-e300-4248-9b3c-ac587f8fb665,MLV1-R02860,MLV1-A0594,documentación,interno,media,digital,error humano,configuración incorrecta,2,4,mitigar,2025-04-21,1
22a7366d-5750-40ca-b0e2-bb89617b219b,MLV1-R06090,MLV1-A0462,información,publico,critica,digital,pérdida de información,almacenamiento inadecuado,2,3,mitigar,2025-04-21,0
74bb8490-940d-45d0-87b2-bc1204db49b0,MLV1-R07387,MLV1-A0090,documentación,confidencial,alta,digital,error humano,falta de capacitación,4,4,mitigar,2025-04-21,0
afbf94a1-cf13-4149-a0af-7d61e0fc301d,MLV1-R01049,MLV1-A0393,servicios ti,interno,media,digital,acceso no autorizado,falta de controles de acceso,5,3,mitigar,2025-04-22,0
57b27159-ee35-449d-b814-70851a370da1,MLV1-R01501,MLV1-A0390,hardware,confidencial,media,físico,daño físico,sin mantenimiento,3,3,mitigar,2025-04-22,0
1e5a48c9-c0eb-4b0c-b5e4-0bf431d40983,MLV1-R02118,MLV1-A0437,redes y comunicaciones,interno,critica,físico,acceso no autorizado,falta de controles de acceso,5,5,mitigar,2025-04-22,1
76f0b48e-397b-4e29-bce9-54af89e268a4,MLV1-R02461,MLV1-A0393,servicios ti,interno,media,digital,interrupción del servicio,sin mantenimiento,3,2,mitigar,2025-04-22,0
77c0a6a4-54a8-4b52-b9c3-faadab221e48,MLV1-R03304,MLV1-A0976,hardware,interno,alta,físico,robo,falta de controles de acceso,4,4,mitigar,2025-04-22,0
8fec3266-10d4-486a-a3b2-ba17e4d7fded,MLV1-R05154,MLV1-A0393,servicios ti,interno,media,digital,interrupción del servicio,sin mantenimiento,3,3,mitigar,2025-04-22,0
5b184f1c-bcbd-433e-b218-4d7a7809253e,MLV1-R05537,MLV1-A0523,documentación,interno,baja,digital,error humano,configuración incorrecta,4,1,mitigar,2025-04-22,0
9ecb3bf9-4ab9-445a-9428-782d11a546a4,MLV1-R08509,MLV1-A0393,servicios ti,interno,media,digital,malware,configuración incorrecta,3,3,aceptar,2025-04-22,0
6a541fe1-55c2-4c4d-974c-9fea15fa6a10,MLV1-R08904,MLV1-A0123,documentación,interno,media,físico,inundación,ausencia de políticas,3,4,mitigar,2025-04-22,1
93877a2e-d826-41f1-9111-88346f5d8072,MLV1-R09356,MLV1-A0206,información,interno,alta,digital,error humano,configuración incorrecta,2,4,mitigar,2025-04-22,0
eb568659-c7c1-4492-bb93-d6abdfa1f3d8,MLV1-R00273,MLV1-A0869,servicios ti,interno,alta,digital,interrupción del servicio,sin mantenimiento,1,3,aceptar,2025-04-23,0
7da9ba07-5097-45ef-a74a-8717eda6d863,MLV1-R01134,MLV1-A0033,información,confidencial,media,digital,pérdida de información,configuración incorrecta,3,3,mitigar,2025-04-23,0
d97e6c23-b42d-48eb-a011-083aceccb228,MLV1-R01504,MLV1-A0869,servicios ti,interno,alta,digital,malware,configuración incorrecta,1,3,aceptar,2025-04-23,0
bc8c5f46-7a37-4234-8992-819c9c8faab2,MLV1-R03241,MLV1-A0042,software,confidencial,alta,digital,ransomware,ausencia de respaldos,4,4,mitigar,2025-04-23,0
ef6cb42c-ceb5-4e2a-97f2-b553df4e4fec,MLV1-R03567,MLV1-A0179,hardware,interno,media,físico,robo,ausencia de políticas,5,2,aceptar,2025-04-23,0
e994614b-3d76-4abd-92fb-343fc4da2cc7,MLV1-R03754,MLV1-A0042,software,confidencial,alta,digital,error humano,ausencia de políticas,3,4,mitigar,2025-04-23,0
41421897-76c8-416e-a5ff-3eebaf859ac4,MLV1-R03960,MLV1-A0463,hardware,publico,media,físico,error humano,falta de capacitación,2,4,transferir,2025-04-23,0
8a6ba758-05c4-4ea3-a476-1f924dc497e2,MLV1-R04864,MLV1-A0042,software,confidencial,alta,digital,interrupción del servicio,sin mantenimiento,3,4,mitigar,2025-04-23,0
ca3faaa5-4fd7-4448-8ec3-5c05fa2af698,MLV1-R04938,MLV1-A0042,software,confidencial,alta,digital,acceso no autorizado,falta de controles de acceso,4,3,mitigar,2025-04-23,0
de256c94-7568-4ff9-8cc5-2adf5514346c,MLV1-R05740,MLV1-A0391,hardware,interno,critica,físico,acceso no autorizado,falta de controles de acceso,5,5,transferir,2025-04-23,0
5aeadd41-91ed-44f8-af82-83b4efaf281d,MLV1-R06146,MLV1-A0869,servicios ti,interno,alta,digital,interrupción del servicio,sin mantenimiento,1,2,aceptar,2025-04-23,0
40e0bcc7-4d9c-4e93-b05c-d25c52aad3e6,MLV1-R00632,MLV1-A0260,hardware,interno,media,físico,daño físico,equipos obsoletos,2,2,mitigar,2025-04-24,0
01336f25-8d1b-4155-a566-5983c65a599a,MLV1-R03254,MLV1-A0260,hardware,interno,media,físico,falla eléctrica,sin mantenimiento,1,3,aceptar,2025-04-24,0
5a1c607b-c6ed-406a-a243-d9b6607f04c9,MLV1-R03455,MLV1-A0895,documentación,publico,alta,digital,robo,falta de controles de acceso,2,4,mitigar,2025-04-24,0
3da16202-5af1-42a0-b3e0-3ad0e1500034,MLV1-R03500,MLV1-A0508,información,interno,alta,digital,pérdida de información,configuración incorrecta,5,4,mitigar,2025-04-24,0
68b28eb3-45bc-4e17-a7b2-b507511b259a,MLV1-R03921,MLV1-A0260,hardware,interno,media,físico,inundación,ausencia de políticas,1,3,aceptar,2025-04-24,0
f8126ed6-415b-48f0-8412-f17b8f618ae9,MLV1-R05498,MLV1-A0508,información,interno,alta,digital,ransomware,ausencia de respaldos,3,4,mitigar,2025-04-24,0
78f3fc3b-c488-4bbb-8025-44f61dbd8872,MLV1-R05540,MLV1-A0260,hardware,interno,media,físico,incendio,almacenamiento inadecuado,3,2,mitigar,2025-04-24,1
66b776cb-3467-41b8-97d3-0c43f0ed7cb8,MLV1-R06260,MLV1-A0738,hardware,interno,alta,físico,robo,falta de controles de acceso,3,5,mitigar,2025-04-24,0
b584935d-f46c-426d-8d3d-6a1eb146db6b,MLV1-R09571,MLV1-A0260,hardware,interno,media,físico,incendio,ausencia de políticas,3,2,aceptar,2025-04-24,0
56f422b8-f8b1-4d93-bf89-a43561309c12,MLV1-R00055,MLV1-A0829,servicios ti,confidencial,media,digital,ransomware,ausencia de respaldos,3,5,mitigar,2025-04-25,0
845e905c-f9a4-495e-a58b-7a0f07320d48,MLV1-R00173,MLV1-A0384,hardware,publico,alta,físico,falla eléctrica,sin mantenimiento,3,3,mitigar,2025-04-25,0
f96245ce-5a4a-4612-ba58-7741c197b704,MLV1-R00430,MLV1-A0384,hardware,publico,alta,físico,malware,falta de capacitación,1,5,aceptar,2025-04-25,0
39cdb0d7-ddba-41c8-b8c0-2d8b665afcb2,MLV1-R00795,MLV1-A0327,servicios ti,confidencial,media,digital,pérdida de información,ausencia de respaldos,4,2,aceptar,2025-04-25,0
712ec335-b03d-40cb-83c8-e95dabff2411,MLV1-R01737,MLV1-A0384,hardware,publico,alta,físico,falla eléctrica,sin mantenimiento,3,5,transferir,2025-04-25,1
2eb6017d-5335-4eaf-a4ef-be58993d2b37,MLV1-R01796,MLV1-A0565,software,publico,media,digital,error humano,ausencia de políticas,2,3,aceptar,2025-04-25,1
8943ddef-bb3d-4f66-b217-3f6d6abdc435,MLV1-R03484,MLV1-A0384,hardware,publico,alta,físico,daño físico,sin mantenimiento,2,5,mitigar,2025-04-25,0
a165b146-0742-43b4-94d6-7b4c59125db8,MLV1-R04798,MLV1-A0326,otros,confidencial,alta,físico,daño físico,equipos obsoletos,2,4,aceptar,2025-04-25,0
ce6d89b8-2450-4de8-a304-265e504dcc46,MLV1-R05624,MLV1-A0327,servicios ti,confidencial,media,digital,interrupción del servicio,equipos obsoletos,4,3,evitar,2025-04-25,0
96e64dfa-3c0e-47ea-b9f5-0d460703b60d,MLV1-R07900,MLV1-A0327,servicios ti,confidencial,media,digital,ransomware,antivirus desactualizado,2,3,aceptar,2025-04-25,0
a58366a2-8417-4f41-9590-79842e6933df,MLV1-R08182,MLV1-A0724,software,publico,alta,digital,error humano,falta de capacitación,1,4,aceptar,2025-04-25,0
3058e90a-67f1-4ae4-905d-9d6c463a1d16,MLV1-R08916,MLV1-A0724,software,publico,alta,digital,malware,falta de capacitación,5,3,mitigar,2025-04-25,1
35c09008-c520-4a88-87bd-bf58e0bce708,MLV1-R09888,MLV1-A0901,redes y comunicaciones,interno,alta,físico,error humano,configuración incorrecta,2,4,aceptar,2025-04-25,0
052a2d64-fc89-4657-8b83-e5dbfe1da8d4,MLV1-R01498,MLV1-A0749,servicios ti,confidencial,alta,digital,malware,antivirus desactualizado,5,4,mitigar,2025-04-26,0
1a1ec8ca-3d53-433b-8cde-33dc0e6829d7,MLV1-R06979,MLV1-A0576,documentación,interno,critica,físico,error humano,ausencia de políticas,4,5,mitigar,2025-04-26,1
e9a6b11c-f05a-4d19-972e-7b44ee478c0c,MLV1-R01045,MLV1-A0837,hardware,confidencial,media,físico,error humano,falta de capacitación,1,4,aceptar,2025-04-27,0
de14960b-01fc-4a0d-96a6-593d990f036f,MLV1-R01632,MLV1-A0690,hardware,confidencial,media,físico,daño físico,almacenamiento inadecuado,3,2,transferir,2025-04-27,0
97b356d7-3b46-43dd-a9ec-e8429ac5f753,MLV1-R03788,MLV1-A0422,hardware,interno,alta,físico,falla eléctrica,equipos obsoletos,2,4,mitigar,2025-04-27,0
f62bdf37-6aa9-4836-a740-c06d99ee13e8,MLV1-R04853,MLV1-A0125,servicios ti,interno,alta,digital,acceso no autorizado,falta de controles de acceso,3,3,mitigar,2025-04-27,0
56d371b1-a83a-4e13-aab4-b13149bd61d1,MLV1-R01353,MLV1-A0011,hardware,interno,critica,físico,falla eléctrica,equipos obsoletos,4,3,transferir,2025-04-28,0
855edea3-b91a-486d-a52d-4fd334ba1248,MLV1-R01479,MLV1-A0895,documentación,publico,alta,digital,pérdida de información,almacenamiento inadecuado,2,4,aceptar,2025-04-28,0
029d1ee0-90e6-4332-9b1c-d0de81a57e10,MLV1-R02672,MLV1-A0011,hardware,interno,critica,físico,error humano,configuración incorrecta,3,5,mitigar,2025-04-28,0
71c29599-70b7-4980-8bec-a2328c6ee7d5,MLV1-R03419,MLV1-A0993,software,interno,media,digital,acceso no autorizado,ausencia de políticas,3,3,aceptar,2025-04-28,0
6e62c249-5820-45e2-8a5f-54c7a80d8484,MLV1-R05717,MLV1-A0011,hardware,interno,critica,físico,error humano,falta de capacitación,3,3,transferir,2025-04-28,0
0a2f93c5-abda-44ad-a717-402d1057bb1c,MLV1-R07093,MLV1-A0993,software,interno,media,digital,error humano,ausencia de políticas,2,3,mitigar,2025-04-28,0
8765b5fc-ea11-479c-b59e-eb53eaad4573,MLV1-R07493,MLV1-A0313,servicios ti,confidencial,media,digital,malware,antivirus desactualizado,4,3,mitigar,2025-04-28,1
81399c3b-f548-4ab9-8357-1b2a209f3015,MLV1-R07706,MLV1-A0895,documentación,publico,alta,digital,robo,ausencia de políticas,5,5,transferir,2025-04-28,0
f88d271b-9e0c-4818-a1ca-b50fd62fcce1,MLV1-R00592,MLV1-A0849,software,interno,media,digital,interrupción del servicio,sin mantenimiento,3,3,transferir,2025-04-29,0
f218efc1-95e6-4fc9-8c44-76e943ee247b,MLV1-R00630,MLV1-A0713,software,interno,alta,digital,acceso no autorizado,falta de controles de acceso,5,4,mitigar,2025-04-29,1
e362355c-7a06-499a-9f8d-18dbdf960433,MLV1-R00901,MLV1-A0408,hardware,interno,media,físico,incendio,ausencia de políticas,3,1,aceptar,2025-04-29,0
9ad66f0d-8990-4363-b946-0ebf0c41a810,MLV1-R01364,MLV1-A0408,hardware,interno,media,físico,robo,falta de controles de acceso,3,3,mitigar,2025-04-29,1
60eca932-e2f8-4159-b893-bc8eee65bd6b,MLV1-R02011,MLV1-A0713,software,interno,alta,digital,malware,falta de capacitación,5,3,mitigar,2025-04-29,0
97b646c7-965c-4711-83ff-3df349417c05,MLV1-R02843,MLV1-A0848,redes y comunicaciones,confidencial,critica,físico,falla eléctrica,sin mantenimiento,3,4,transferir,2025-04-29,0
38b29a0c-ffba-43ea-849d-e11c9fd91dc1,MLV1-R03132,MLV1-A0051,servicios ti,interno,critica,digital,interrupción del servicio,equipos obsoletos,5,4,mitigar,2025-04-29,1
a01b2351-6bc3-4845-81d5-032f79afcaf7,MLV1-R04481,MLV1-A0240,software,interno,media,digital,malware,configuración incorrecta,4,3,mitigar,2025-04-29,1
be867eb2-d0f8-483e-ba3f-6aea28b02522,MLV1-R04571,MLV1-A0057,hardware,interno,critica,físico,malware,falta de capacitación,4,4,mitigar,2025-04-29,0
050ec242-7cb2-42f9-9823-76668fc1f451,MLV1-R05558,MLV1-A0408,hardware,interno,media,físico,robo,falta de controles de acceso,4,3,mitigar,2025-04-29,0
1d8aa423-b02c-41a6-8418-73db962b1729,MLV1-R05993,MLV1-A0713,software,interno,alta,digital,interrupción del servicio,sin mantenimiento,1,3,aceptar,2025-04-29,0
013322b8-80b4-4094-b6b2-a0ac8022040a,MLV1-R08078,MLV1-A0547,redes y comunicaciones,confidencial,alta,físico,interrupción del servicio,equipos obsoletos,2,4,aceptar,2025-04-29,0
a45f6600-70a3-4f3a-a247-a770014124ab,MLV1-R08561,MLV1-A0344,hardware,publico,media,físico,acceso no autorizado,contraseñas débiles,3,1,aceptar,2025-04-29,0
bb570b5a-3067-4dd9-b0b5-2f3a63348eb2,MLV1-R01532,MLV1-A0447,hardware,interno,alta,físico,falla eléctrica,equipos obsoletos,1,3,aceptar,2025-04-30,0
ff29f7b5-021b-467c-b7df-c6a1a354270d,MLV1-R02365,MLV1-A0611,servicios ti,interno,critica,digital,pérdida de información,ausencia de respaldos,2,3,mitigar,2025-04-30,0
d6449f5a-08f6-4360-a0c8-98b824daacd6,MLV1-R04264,MLV1-A0580,servicios ti,publico,critica,digital,acceso no autorizado,ausencia de políticas,2,3,mitigar,2025-04-30,0
b895ba76-9b09-4781-ad4c-bc029789a6c2,MLV1-R06562,MLV1-A0869,servicios ti,interno,alta,digital,error humano,falta de capacitación,2,5,mitigar,2025-04-30,0
5e633ee9-c615-46ed-a59e-261521f11a2c,MLV1-R06661,MLV1-A0281,información,interno,media,digital,acceso no autorizado,falta de controles de acceso,5,4,mitigar,2025-04-30,0
4b3d039a-d851-4504-8ddb-557d8225edf4,MLV1-R08472,MLV1-A0014,software,interno,critica,digital,ransomware,antivirus desactualizado,3,5,mitigar,2025-04-30,0
21b67dbf-1ba2-4726-bfa5-59292f1e7c82,MLV1-R01929,MLV1-A0563,hardware,interno,alta,físico,malware,antivirus desactualizado,4,4,mitigar,2025-05-01,0
6df7207a-c320-4f7a-b163-1872a465b8fc,MLV1-R02191,MLV1-A0270,software,confidencial,media,digital,acceso no autorizado,contraseñas débiles,3,2,aceptar,2025-05-01,0
311d2ca2-744e-44fd-8842-94c1cab0d60d,MLV1-R05490,MLV1-A0308,hardware,confidencial,baja,físico,acceso no autorizado,falta de controles de acceso,3,1,aceptar,2025-05-01,0
37c21207-cba5-4c69-9c90-fc465450b01e,MLV1-R05745,MLV1-A0100,redes y comunicaciones,interno,media,físico,interrupción del servicio,configuración incorrecta,3,2,transferir,2025-05-01,0
90c8f06f-2c45-4455-a811-be546d250bb7,MLV1-R07238,MLV1-A0680,documentación,confidencial,critica,físico,inundación,almacenamiento inadecuado,5,3,mitigar,2025-05-01,0
2938f44e-461d-4bb7-b80f-f9a1ea746865,MLV1-R01088,MLV1-A0242,documentación,publico,alta,digital,inundación,ausencia de políticas,4,5,transferir,2025-05-02,0
8abf8644-837b-4141-b71e-521332563aa9,MLV1-R02464,MLV1-A0242,documentación,publico,alta,digital,inundación,almacenamiento inadecuado,2,2,aceptar,2025-05-02,0
93c75edd-17ca-44cc-a7a0-2f8375c058b1,MLV1-R03123,MLV1-A0929,hardware,interno,media,físico,daño físico,equipos obsoletos,3,2,mitigar,2025-05-02,1
83186098-26ce-465a-8f35-14c77fd93bca,MLV1-R05000,MLV1-A0929,hardware,interno,media,físico,malware,falta de capacitación,1,4,aceptar,2025-05-02,0
1a832f0d-4568-4dbf-8d09-1e6872136075,MLV1-R06344,MLV1-A0242,documentación,publico,alta,digital,incendio,almacenamiento inadecuado,2,2,aceptar,2025-05-02,0
d2586fc1-8db6-4d02-b8cd-9d2e4a6983d1,MLV1-R06959,MLV1-A0929,hardware,interno,media,físico,daño físico,equipos obsoletos,3,2,mitigar,2025-05-02,0
7ceeb956-5c6b-457e-b041-015597fa2fc1,MLV1-R08249,MLV1-A0242,documentación,publico,alta,digital,robo,ausencia de políticas,3,5,mitigar,2025-05-02,0
2410b39b-9b7b-43be-aaa5-f5fe6b197b28,MLV1-R08267,MLV1-A0526,hardware,restringido,alta,físico,error humano,falta de capacitación,3,5,mitigar,2025-05-02,0
f99d7d9d-c653-4105-9741-ea1e43f9f42b,MLV1-R03640,MLV1-A0556,hardware,confidencial,media,físico,falla eléctrica,sin mantenimiento,2,2,mitigar,2025-05-03,0
01f1f7b5-8330-4489-829f-656936f06db8,MLV1-R04550,MLV1-A0353,servicios ti,interno,alta,digital,malware,antivirus desactualizado,3,3,transferir,2025-05-03,0
cf854db6-58cd-439f-81cf-f157d8897a54,MLV1-R04779,MLV1-A0811,software,publico,alta,digital,error humano,falta de capacitación,2,5,mitigar,2025-05-03,0
6dabb98e-534c-41dd-b73d-e709ef1350f5,MLV1-R04834,MLV1-A0611,servicios ti,interno,critica,digital,error humano,configuración incorrecta,1,5,aceptar,2025-05-03,0
799f3370-da37-4735-ab60-3dc705614824,MLV1-R05118,MLV1-A0135,hardware,confidencial,media,físico,falla eléctrica,sin mantenimiento,3,2,transferir,2025-05-03,0
f364a376-8347-4724-bd66-25ebab969262,MLV1-R05441,MLV1-A0515,redes y comunicaciones,interno,critica,físico,falla eléctrica,equipos obsoletos,2,5,transferir,2025-05-03,0
a3018d7f-3972-4e91-a9d6-f03212f4ecf8,MLV1-R06815,MLV1-A0294,hardware,interno,alta,físico,daño físico,sin mantenimiento,4,4,mitigar,2025-05-03,0
c1ae464e-4502-4731-b5f5-ffb40c20d864,MLV1-R09011,MLV1-A0090,documentación,confidencial,alta,digital,pérdida de información,almacenamiento inadecuado,1,5,mitigar,2025-05-03,0
109f1c90-527a-45db-afb2-fe12e0613522,MLV1-R00648,MLV1-A0125,servicios ti,interno,alta,digital,acceso no autorizado,falta de controles de acceso,5,5,mitigar,2025-05-04,0
db396cb5-14a1-419c-b8a4-cf8304d0eabd,MLV1-R01766,MLV1-A0740,hardware,confidencial,critica,físico,daño físico,sin mantenimiento,3,5,mitigar,2025-05-04,0
634ac32d-6275-40b8-89f5-abf0c7fd845d,MLV1-R04746,MLV1-A0414,servicios ti,interno,critica,digital,acceso no autorizado,falta de controles de acceso,3,5,evitar,2025-05-04,0
aca843f8-7fea-42f7-8fd3-969b3d7f80e6,MLV1-R05637,MLV1-A0740,hardware,confidencial,critica,físico,robo,ausencia de políticas,1,3,aceptar,2025-05-04,1
74306728-bd01-4d5d-b74d-61e7eb66ca49,MLV1-R07716,MLV1-A0423,redes y comunicaciones,confidencial,media,físico,interrupción del servicio,sin mantenimiento,3,3,aceptar,2025-05-04,0
461d2d14-f67b-4a03-acd3-081625528745,MLV1-R08799,MLV1-A0423,redes y comunicaciones,confidencial,media,físico,falla eléctrica,sin mantenimiento,5,4,mitigar,2025-05-04,0
815d4cc1-47fe-4734-8647-c67a86fab915,MLV1-R09121,MLV1-A0793,información,interno,media,digital,divulgación de información,falta de controles de acceso,5,3,transferir,2025-05-04,0
3876dbd9-cbbf-425f-80a4-959bbf8c4411,MLV1-R09357,MLV1-A0423,redes y comunicaciones,confidencial,media,físico,interrupción del servicio,equipos obsoletos,4,4,mitigar,2025-05-04,0
154b4300-5b57-47e8-80b1-12be319fa9f1,MLV1-R09389,MLV1-A0435,información,restringido,baja,digital,ransomware,antivirus desactualizado,5,4,mitigar,2025-05-04,0
d40270f8-804e-4bb0-901f-da2bafc4c7ce,MLV1-R04619,MLV1-A0852,hardware,interno,critica,físico,falla eléctrica,equipos obsoletos,1,4,aceptar,2025-05-05,0
871fb970-186d-4071-8265-4b27eb1459ef,MLV1-R05116,MLV1-A0237,hardware,confidencial,baja,físico,daño físico,sin mantenimiento,4,3,mitigar,2025-05-05,0
d15a321e-8b84-4756-8e31-708d609cac39,MLV1-R00227,MLV1-A0343,documentación,interno,alta,físico,pérdida de información,configuración incorrecta,2,4,transferir,2025-05-06,0
37c4c648-a3fe-4c6d-ad7f-b62c3d294b36,MLV1-R00392,MLV1-A0250,documentación,interno,critica,digital,inundación,almacenamiento inadecuado,2,5,mitigar,2025-05-06,0
c04277ff-6703-4a5a-b51c-8aab4f889828,MLV1-R00640,MLV1-A0987,hardware,interno,baja,físico,daño físico,sin mantenimiento,2,2,aceptar,2025-05-06,0
dc4298fe-eb45-4be4-aa85-377c40fdb1a8,MLV1-R01742,MLV1-A0343,documentación,interno,alta,físico,inundación,almacenamiento inadecuado,3,5,transferir,2025-05-06,0
4c5585f5-9666-49d3-bb94-ad6211ec5f70,MLV1-R02432,MLV1-A0343,documentación,interno,alta,físico,pérdida de información,ausencia de respaldos,4,4,mitigar,2025-05-06,0
649a21ba-ad0a-4bd7-99f4-79f9461455b9,MLV1-R02996,MLV1-A0980,hardware,interno,alta,físico,incendio,almacenamiento inadecuado,3,4,mitigar,2025-05-06,0
7b259b1b-9368-434c-a7c0-2010a7dbafcb,MLV1-R03468,MLV1-A0342,redes y comunicaciones,restringido,alta,físico,error humano,configuración incorrecta,2,4,mitigar,2025-05-06,0
eb64b942-5a01-4140-8dd5-b678ddfcbb87,MLV1-R03886,MLV1-A0956,información,interno,baja,digital,ransomware,falta de capacitación,3,1,mitigar,2025-05-06,0
b59b6240-1410-4038-a15b-90a1d847c028,MLV1-R05243,MLV1-A0201,servicios ti,interno,critica,digital,pérdida de información,ausencia de respaldos,2,5,mitigar,2025-05-06,0
2eb07d24-6d5d-412d-bcca-8bf93f83c7a9,MLV1-R06096,MLV1-A0793,información,interno,media,digital,error humano,ausencia de políticas,2,3,mitigar,2025-05-06,0
5ca67450-6fe1-4887-b870-a8799154675a,MLV1-R06844,MLV1-A0829,servicios ti,confidencial,media,digital,pérdida de información,ausencia de respaldos,2,5,aceptar,2025-05-06,0
40edc629-7844-4836-9a12-da7ab6661b50,MLV1-R08873,MLV1-A0474,documentación,interno,media,físico,daño físico,equipos obsoletos,4,3,mitigar,2025-05-06,1
2dc82a0b-78fe-4e8b-89bf-6bdd9cf85f8c,MLV1-R09673,MLV1-A0343,documentación,interno,alta,físico,daño físico,equipos obsoletos,4,3,mitigar,2025-05-06,0
28882162-c379-44ee-9ba0-d312e6f45362,MLV1-R01268,MLV1-A0528,software,confidencial,critica,digital,malware,antivirus desactualizado,4,5,mitigar,2025-05-07,0
aa582aed-89c7-4c1c-bc3f-ea66087a2ae0,MLV1-R01869,MLV1-A0528,software,confidencial,critica,digital,interrupción del servicio,sin mantenimiento,3,3,mitigar,2025-05-07,0
6f834c50-3c54-41e9-89e7-1d6bdaa35861,MLV1-R03565,MLV1-A0984,redes y comunicaciones,interno,alta,físico,error humano,ausencia de políticas,2,5,mitigar,2025-05-07,0
f167bb76-a72a-4078-bdf2-8eae76da77eb,MLV1-R03663,MLV1-A0947,otros,interno,alta,físico,error humano,ausencia de políticas,2,4,aceptar,2025-05-07,1
553a6f16-ec5f-4c45-bfea-169728271cf5,MLV1-R06424,MLV1-A0528,software,confidencial,critica,digital,acceso no autorizado,contraseñas débiles,4,4,mitigar,2025-05-07,0
4e932c9e-655d-4002-a43e-98c536047732,MLV1-R09502,MLV1-A0944,redes y comunicaciones,confidencial,baja,físico,interrupción del servicio,equipos obsoletos,2,3,mitigar,2025-05-07,0
37516b7e-9e27-4a43-84b8-f219808b4051,MLV1-R00427,MLV1-A0250,documentación,interno,critica,digital,inundación,almacenamiento inadecuado,3,3,mitigar,2025-05-08,0
fb2e41d9-4223-4732-a9fb-cc964dc91897,MLV1-R00919,MLV1-A0164,información,restringido,alta,digital,acceso no autorizado,contraseñas débiles,4,5,mitigar,2025-05-08,0
4cfc9b4f-4ad8-4934-befb-69ad2ee88488,MLV1-R00992,MLV1-A0947,otros,interno,alta,físico,daño físico,equipos obsoletos,2,2,mitigar,2025-05-08,0
6eaa0a54-4448-44b8-8ea7-55a51f5e5766,MLV1-R01517,MLV1-A0148,documentación,interno,alta,físico,pérdida de información,ausencia de respaldos,2,4,mitigar,2025-05-08,0
0ee9d2fd-6323-4376-9744-bf25d0e079a7,MLV1-R02166,MLV1-A0206,información,interno,alta,digital,pérdida de información,configuración incorrecta,3,4,mitigar,2025-05-08,0
eac21977-c572-4f0e-b80f-0cdb637baeca,MLV1-R03441,MLV1-A0343,documentación,interno,alta,físico,inundación,almacenamiento inadecuado,2,4,aceptar,2025-05-08,0
00872bd3-3796-4e40-a21c-93b1bb933df7,MLV1-R03558,MLV1-A0026,servicios ti,interno,baja,digital,pérdida de información,configuración incorrecta,2,1,aceptar,2025-05-08,1
eda77d71-d78d-44f0-acd3-84935c9214a0,MLV1-R04049,MLV1-A0148,documentación,interno,alta,físico,robo,falta de controles de acceso,3,5,mitigar,2025-05-08,0
a22d1aeb-ea1e-4acd-aee6-bd122daedd5e,MLV1-R04600,MLV1-A0026,servicios ti,interno,baja,digital,error humano,ausencia de políticas,1,1,aceptar,2025-05-08,0
e7db0212-d9e4-47b6-a856-686644fa7638,MLV1-R04990,MLV1-A0164,información,restringido,alta,digital,ransomware,antivirus desactualizado,3,4,evitar,2025-05-08,1
52784a22-9c9d-45cb-ae58-a3568c563a59,MLV1-R05235,MLV1-A0631,otros,interno,critica,físico,robo,falta de controles de acceso,4,4,mitigar,2025-05-08,0
631c853f-8895-441d-8f02-ec51f2551e0b,MLV1-R05263,MLV1-A0529,información,interno,media,digital,pérdida de información,almacenamiento inadecuado,3,3,mitigar,2025-05-08,0
fb9f535b-ced3-481b-a5b7-1f6c090e684b,MLV1-R05818,MLV1-A0482,documentación,confidencial,alta,físico,divulgación de información,falta de controles de acceso,4,4,evitar,2025-05-08,0
17acaf22-1d00-45c7-a7db-ce6faf7a56b6,MLV1-R05942,MLV1-A0148,documentación,interno,alta,físico,pérdida de información,almacenamiento inadecuado,1,2,aceptar,2025-05-08,0
c4782c28-f37e-43c6-9e65-5bf00930b821,MLV1-R06818,MLV1-A0026,servicios ti,interno,baja,digital,acceso no autorizado,falta de controles de acceso,4,2,mitigar,2025-05-08,0
507c6ace-a3c0-460f-8ecf-2cbd55b794c9,MLV1-R08010,MLV1-A0164,información,restringido,alta,digital,ransomware,falta de capacitación,3,3,transferir,2025-05-08,0
0cb067b7-f012-4aa7-8f6f-e9b0f2b3c8b6,MLV1-R08626,MLV1-A0164,información,restringido,alta,digital,ransomware,configuración incorrecta,3,4,mitigar,2025-05-08,1
38ba34fa-3934-4ea0-a06f-642a0df8fe44,MLV1-R09125,MLV1-A0740,hardware,confidencial,critica,físico,error humano,falta de capacitación,1,4,aceptar,2025-05-08,0
2b604c7d-cd92-4130-a2c6-f45de7f398b8,MLV1-R00687,MLV1-A0880,servicios ti,confidencial,alta,digital,malware,falta de capacitación,3,3,mitigar,2025-05-09,0
68126251-2fe6-4ad3-acbd-b9326c310647,MLV1-R01759,MLV1-A0711,documentación,interno,critica,digital,robo,ausencia de políticas,4,5,transferir,2025-05-09,0
66894565-fad7-4dc4-9dcf-ad1b95b4b853,MLV1-R01975,MLV1-A0598,redes y comunicaciones,interno,media,físico,malware,configuración incorrecta,3,3,transferir,2025-05-09,0
f36b3339-6bdc-4d13-9481-6609137c4653,MLV1-R02302,MLV1-A0186,información,interno,alta,digital,pérdida de información,ausencia de respaldos,3,4,transferir,2025-05-09,0
48052207-a1ce-43b1-bbeb-322c2899068e,MLV1-R03485,MLV1-A0169,hardware,interno,alta,físico,daño físico,sin mantenimiento,1,5,aceptar,2025-05-09,0
528871a6-cbf3-4cba-9f00-7b4bcc9a9a75,MLV1-R03639,MLV1-A0491,software,confidencial,baja,digital,ransomware,antivirus desactualizado,5,2,transferir,2025-05-09,0
3b87035a-d05a-42c4-b585-8dbaa3af41a1,MLV1-R03842,MLV1-A0334,hardware,interno,alta,físico,daño físico,almacenamiento inadecuado,2,5,aceptar,2025-05-09,0
5e3ca904-2f89-4957-9f6c-83ff39d9c754,MLV1-R03919,MLV1-A0435,información,restringido,baja,digital,pérdida de información,ausencia de respaldos,3,3,mitigar,2025-05-09,0
5c9d1232-702d-4e18-90b4-b74bc0bf7dd0,MLV1-R05571,MLV1-A0491,software,confidencial,baja,digital,pérdida de información,ausencia de respaldos,3,1,mitigar,2025-05-09,0
3e4df4e2-82c9-48ec-8512-ea20b86220c7,MLV1-R05754,MLV1-A0491,software,confidencial,baja,digital,error humano,falta de capacitación,3,2,aceptar,2025-05-09,0
393c648a-cbce-4930-9cae-f6e47c5f759f,MLV1-R05976,MLV1-A0235,servicios ti,restringido,alta,digital,error humano,falta de capacitación,1,4,aceptar,2025-05-09,0
729179c1-4baa-429d-be15-7d496477759c,MLV1-R07753,MLV1-A0598,redes y comunicaciones,interno,media,físico,falla eléctrica,equipos obsoletos,2,4,mitigar,2025-05-09,0
86d21eb4-1db2-4ada-9143-ae25dff57bcb,MLV1-R09488,MLV1-A0491,software,confidencial,baja,digital,malware,configuración incorrecta,2,4,mitigar,2025-05-09,0
c6351861-1333-4a40-8773-1b673ef64aa2,MLV1-R09787,MLV1-A0725,software,interno,alta,digital,malware,antivirus desactualizado,2,4,aceptar,2025-05-09,1
b9fda12c-6d01-4853-8b72-30aa1f9b5bef,MLV1-R03549,MLV1-A0491,software,confidencial,baja,digital,error humano,falta de capacitación,3,2,mitigar,2025-05-10,0
5c568d65-32e4-4403-94b3-8e30b7746685,MLV1-R03667,MLV1-A0956,información,interno,baja,digital,acceso no autorizado,falta de controles de acceso,2,2,mitigar,2025-05-10,0
1d94710e-a9f0-4584-b9b1-4e0ac51963e4,MLV1-R03809,MLV1-A0913,servicios ti,confidencial,media,digital,error humano,configuración incorrecta,3,2,mitigar,2025-05-10,0
a987b043-9af6-475b-bb8b-6cc2d2e74687,MLV1-R04448,MLV1-A0951,información,interno,media,digital,pérdida de información,configuración incorrecta,1,5,aceptar,2025-05-10,0
cfd9baf0-5bbb-4a28-93a6-92058d687f8c,MLV1-R06075,MLV1-A0976,hardware,interno,alta,físico,daño físico,equipos obsoletos,2,3,mitigar,2025-05-10,0
27833579-5f81-4f57-b79f-df375a1ca3d9,MLV1-R06897,MLV1-A0601,servicios ti,confidencial,alta,digital,ransomware,antivirus desactualizado,3,3,aceptar,2025-05-10,0
4e9ab18b-fe19-47f2-a87e-0226e05e7d5a,MLV1-R08482,MLV1-A0951,información,interno,media,digital,pérdida de información,almacenamiento inadecuado,3,2,mitigar,2025-05-10,0
13c6631e-2b72-40f5-a34a-247d17fe1efa,MLV1-R01633,MLV1-A0580,servicios ti,publico,critica,digital,pérdida de información,ausencia de respaldos,4,5,mitigar,2025-05-11,0
d37851d3-9258-46d7-8683-640278985a5d,MLV1-R01718,MLV1-A0783,hardware,interno,media,físico,malware,configuración incorrecta,1,2,aceptar,2025-05-11,0
31b8e9b8-5100-49a1-aef5-de2c2bab87d9,MLV1-R03324,MLV1-A0415,documentación,interno,media,digital,error humano,falta de capacitación,2,3,aceptar,2025-05-11,0
54f21461-5207-4aa2-97aa-cafb3548e57f,MLV1-R03811,MLV1-A0783,hardware,interno,media,físico,acceso no autorizado,contraseñas débiles,4,3,evitar,2025-05-11,0
b3e2d575-93db-4f75-b0d3-1fe893bd5fd8,MLV1-R04028,MLV1-A0783,hardware,interno,media,físico,acceso no autorizado,contraseñas débiles,3,3,mitigar,2025-05-11,0
69e6e505-bff4-491d-948d-3b3ae81a01c5,MLV1-R04281,MLV1-A0783,hardware,interno,media,físico,falla eléctrica,sin mantenimiento,3,3,aceptar,2025-05-11,0
02881116-2f8c-4c0b-a3e3-5c4bb9430e78,MLV1-R05253,MLV1-A0852,hardware,interno,critica,físico,error humano,falta de capacitación,3,3,mitigar,2025-05-11,0
da231ace-6b93-4712-9925-f0ecaa5835cf,MLV1-R05973,MLV1-A0783,hardware,interno,media,físico,incendio,almacenamiento inadecuado,3,3,mitigar,2025-05-11,0
9205f325-c57f-43d9-b332-4fb043c8a8c3,MLV1-R06460,MLV1-A0635,redes y comunicaciones,interno,media,físico,acceso no autorizado,ausencia de políticas,3,5,mitigar,2025-05-11,0
1521dfce-9abb-466d-92b8-98b2fcadbda0,MLV1-R06857,MLV1-A0786,información,interno,alta,digital,ransomware,configuración incorrecta,1,5,mitigar,2025-05-11,0
f808d730-b678-41e5-ab81-690599e981f3,MLV1-R07760,MLV1-A0383,servicios ti,restringido,alta,digital,pérdida de información,configuración incorrecta,5,4,mitigar,2025-05-11,0
a31c42cb-aa75-4226-b3de-ffca96402159,MLV1-R08808,MLV1-A0783,hardware,interno,media,físico,inundación,ausencia de políticas,3,4,mitigar,2025-05-11,0
1f98d065-3409-46fa-a3bc-67f4f9067a8e,MLV1-R01549,MLV1-A0555,información,confidencial,baja,digital,divulgación de información,ausencia de políticas,1,3,aceptar,2025-05-12,1
dd2d786a-5c09-4614-a227-8a926d5c1209,MLV1-R02142,MLV1-A0694,hardware,interno,media,físico,falla eléctrica,equipos obsoletos,2,3,mitigar,2025-05-12,0
147b899f-28e6-43a4-b1ab-8a3c2acd9a0f,MLV1-R03233,MLV1-A0242,documentación,publico,alta,digital,error humano,falta de capacitación,3,4,mitigar,2025-05-12,0
deea6d28-56fe-4202-ad33-2202511027aa,MLV1-R03977,MLV1-A0784,documentación,confidencial,alta,físico,daño físico,sin mantenimiento,1,4,aceptar,2025-05-12,0
e6a605c2-ba7a-4293-9b1a-d9686beb319b,MLV1-R04911,MLV1-A0555,información,confidencial,baja,digital,ransomware,ausencia de respaldos,2,1,aceptar,2025-05-12,0
b6f3a45f-4a26-4455-ba89-31efcfe6100f,MLV1-R05045,MLV1-A0539,hardware,publico,media,físico,acceso no autorizado,falta de controles de acceso,5,3,transferir,2025-05-12,0
aa76119f-aa54-462b-b926-7346d676b141,MLV1-R05252,MLV1-A0456,información,confidencial,media,digital,acceso no autorizado,contraseñas débiles,4,3,mitigar,2025-05-12,0
3868200e-29ea-43b4-8795-a30787edf5e3,MLV1-R07836,MLV1-A0539,hardware,publico,media,físico,malware,configuración incorrecta,3,3,mitigar,2025-05-12,0
7842bb2f-1a09-42a7-ba66-b48acba7aba6,MLV1-R07838,MLV1-A0539,hardware,publico,media,físico,error humano,configuración incorrecta,4,1,aceptar,2025-05-12,0
a8e8978c-44ab-496d-b9d4-1b8a35b9c60f,MLV1-R00425,MLV1-A0929,hardware,interno,media,físico,malware,antivirus desactualizado,4,5,transferir,2025-05-13,0
b6342c84-2ace-4db6-bb56-5ca66f4717a5,MLV1-R02409,MLV1-A0444,redes y comunicaciones,publico,media,físico,falla eléctrica,sin mantenimiento,2,4,mitigar,2025-05-13,0
2f516c27-c406-4683-9604-1620fac4a065,MLV1-R04599,MLV1-A0444,redes y comunicaciones,publico,media,físico,interrupción del servicio,configuración incorrecta,4,1,aceptar,2025-05-13,0
b7884695-e79b-4939-b6d4-52629bb62806,MLV1-R05066,MLV1-A0444,redes y comunicaciones,publico,media,físico,malware,antivirus desactualizado,2,3,aceptar,2025-05-13,0
8ed06079-3cb8-4303-8abc-91cce14d00bc,MLV1-R06710,MLV1-A0444,redes y comunicaciones,publico,media,físico,error humano,falta de capacitación,2,3,mitigar,2025-05-13,1
b55f504f-befc-4060-8ac7-5a6edaed96d6,MLV1-R07504,MLV1-A0444,redes y comunicaciones,publico,media,físico,acceso no autorizado,contraseñas débiles,4,3,evitar,2025-05-13,0
9f5b8fdc-fcbf-4a63-b3d5-1c2538452844,MLV1-R00639,MLV1-A0074,información,interno,media,digital,pérdida de información,almacenamiento inadecuado,2,1,mitigar,2025-05-14,1
e9c818c8-aba0-4c53-bf8e-3df26429ddf9,MLV1-R03105,MLV1-A0844,servicios ti,confidencial,media,digital,malware,antivirus desactualizado,4,2,mitigar,2025-05-14,0
25327946-c077-4d40-9d3e-13e615512f14,MLV1-R04016,MLV1-A0717,redes y comunicaciones,interno,baja,físico,falla eléctrica,sin mantenimiento,4,2,aceptar,2025-05-14,0
dffbb4a5-a9f0-4276-bc8e-d39ab6c3ae4e,MLV1-R05351,MLV1-A0358,hardware,interno,baja,físico,error humano,falta de capacitación,1,1,aceptar,2025-05-14,0
338db210-2bf4-4591-bc80-74089be1b5c1,MLV1-R06086,MLV1-A0717,redes y comunicaciones,interno,baja,físico,error humano,falta de capacitación,2,3,mitigar,2025-05-14,0
d44e26c0-ab50-42a4-a354-a3b05638e740,MLV1-R06956,MLV1-A0474,documentación,interno,media,físico,divulgación de información,falta de controles de acceso,4,3,evitar,2025-05-14,0
68a901f9-fca7-4092-9a22-4c52528de355,MLV1-R08661,MLV1-A0717,redes y comunicaciones,interno,baja,físico,falla eléctrica,equipos obsoletos,2,1,mitigar,2025-05-14,0
a6f45a69-7dc3-42a6-bd93-84be5c7efe71,MLV1-R09706,MLV1-A0717,redes y comunicaciones,interno,baja,físico,interrupción del servicio,configuración incorrecta,5,4,transferir,2025-05-14,0
b0fe3bea-eb6b-4f05-8bb7-b1bb23ccaf8f,MLV1-R02255,MLV1-A0919,servicios ti,confidencial,alta,digital,acceso no autorizado,contraseñas débiles,5,5,mitigar,2025-05-15,0
ee620d4e-c835-47e6-a0ff-fd5d70aa7280,MLV1-R02910,MLV1-A0749,servicios ti,confidencial,alta,digital,acceso no autorizado,contraseñas débiles,5,4,mitigar,2025-05-15,0
e702703b-ac94-4742-ac91-d5acc49ab703,MLV1-R03170,MLV1-A0642,documentación,interno,media,digital,incendio,ausencia de políticas,1,2,mitigar,2025-05-15,0
b9ede29c-089c-42d8-bee5-808e7ecacefd,MLV1-R04589,MLV1-A0919,servicios ti,confidencial,alta,digital,error humano,falta de capacitación,2,4,mitigar,2025-05-15,0
d064f1ce-bce4-4e79-afbc-8268c4941576,MLV1-R05108,MLV1-A0919,servicios ti,confidencial,alta,digital,pérdida de información,ausencia de respaldos,3,4,mitigar,2025-05-15,0
56941832-ddbd-4a38-acb5-b7c4bd4d3324,MLV1-R06335,MLV1-A0369,hardware,interno,media,físico,incendio,ausencia de políticas,2,3,mitigar,2025-05-15,0
3544d78a-5a71-4601-9311-1de16e16ad33,MLV1-R06753,MLV1-A0919,servicios ti,confidencial,alta,digital,error humano,configuración incorrecta,2,3,aceptar,2025-05-15,1
f4329065-5cc4-4f28-bba3-38badfe01975,MLV1-R07323,MLV1-A0385,software,interno,alta,digital,interrupción del servicio,configuración incorrecta,2,4,mitigar,2025-05-15,0
3a94a1ae-e0c0-4006-8208-6ff49968ed75,MLV1-R09418,MLV1-A0919,servicios ti,confidencial,alta,digital,pérdida de información,almacenamiento inadecuado,1,3,aceptar,2025-05-15,0
707f5237-ca0c-4ad2-b491-cc769d178f26,MLV1-R09450,MLV1-A0919,servicios ti,confidencial,alta,digital,ransomware,antivirus desactualizado,2,5,mitigar,2025-05-15,0
c5e7b501-a767-4129-b42f-1745117aa518,MLV1-R01770,MLV1-A0772,hardware,interno,baja,físico,falla eléctrica,sin mantenimiento,3,3,transferir,2025-05-16,0
fb24a645-bc3b-4272-9775-37eed010ec4a,MLV1-R02320,MLV1-A0921,otros,interno,media,físico,robo,falta de controles de acceso,4,5,mitigar,2025-05-16,0
c9bcb345-f3c6-44b6-84af-34880c042427,MLV1-R03555,MLV1-A0569,servicios ti,interno,baja,digital,error humano,ausencia de políticas,1,1,mitigar,2025-05-16,0
f98d1df9-bb72-470e-b81a-9f3055f818c2,MLV1-R08488,MLV1-A0597,hardware,interno,baja,físico,daño físico,sin mantenimiento,1,2,aceptar,2025-05-16,0
69299d29-2940-4746-a63e-8637ce426d0c,MLV1-R09984,MLV1-A0772,hardware,interno,baja,físico,daño físico,almacenamiento inadecuado,5,1,aceptar,2025-05-16,0
c66b0f0b-bf60-4243-b2ef-19e165be1958,MLV1-R00132,MLV1-A0979,redes y comunicaciones,interno,alta,físico,falla eléctrica,equipos obsoletos,1,4,aceptar,2025-05-17,0
b1dc5a60-f247-41bf-8349-68dcbc52a08c,MLV1-R00525,MLV1-A0448,servicios ti,interno,media,digital,ransomware,ausencia de respaldos,3,3,mitigar,2025-05-17,0
c3f1d22a-0c4c-4e80-bb1e-52bf778a0fc1,MLV1-R02519,MLV1-A0333,redes y comunicaciones,restringido,alta,físico,malware,configuración incorrecta,5,3,mitigar,2025-05-17,0
21de411d-38f9-46d4-8e47-4c5b5cc72632,MLV1-R02764,MLV1-A0213,software,confidencial,baja,digital,acceso no autorizado,falta de controles de acceso,4,3,mitigar,2025-05-17,1
24b6db9b-aded-45d6-84b3-3043fa263332,MLV1-R04240,MLV1-A0495,servicios ti,interno,media,digital,pérdida de información,almacenamiento inadecuado,3,4,mitigar,2025-05-17,0
b3663221-fdcd-495a-85b8-e5c5f666692a,MLV1-R04438,MLV1-A0447,hardware,interno,alta,físico,incendio,ausencia de políticas,1,4,aceptar,2025-05-17,0
01bfae2f-e37b-4024-a585-f4601e553dff,MLV1-R04871,MLV1-A0631,otros,interno,critica,físico,acceso no autorizado,contraseñas débiles,3,4,mitigar,2025-05-17,0
60c6c59e-92e9-4894-9f8d-688318658e49,MLV1-R05276,MLV1-A0448,servicios ti,interno,media,digital,pérdida de información,ausencia de respaldos,4,3,mitigar,2025-05-17,0
ffd7dd06-b94a-4e6d-b137-f75cfa1dc11e,MLV1-R06892,MLV1-A0141,redes y comunicaciones,interno,critica,físico,falla eléctrica,equipos obsoletos,3,3,mitigar,2025-05-17,0
beace73c-a8f4-46d1-9c3c-4bd0e4aabf34,MLV1-R07102,MLV1-A0052,redes y comunicaciones,restringido,media,físico,acceso no autorizado,falta de controles de acceso,4,1,aceptar,2025-05-17,0
d9317f46-2a3a-409a-8b23-6efabdacf159,MLV1-R08141,MLV1-A0552,software,interno,baja,digital,ransomware,falta de capacitación,4,1,mitigar,2025-05-17,0
3755a79f-0a85-4f6e-ac6a-247a036512ca,MLV1-R09197,MLV1-A0448,servicios ti,interno,media,digital,interrupción del servicio,sin mantenimiento,4,3,mitigar,2025-05-17,0
8a440da1-78fe-4da1-8ed3-5bab4a365435,MLV1-R00783,MLV1-A0037,documentación,confidencial,alta,físico,inundación,ausencia de políticas,2,4,transferir,2025-05-18,0
6e350bb5-c539-4f25-8c53-c09c5f8f8d70,MLV1-R00870,MLV1-A0474,documentación,interno,media,físico,incendio,almacenamiento inadecuado,1,1,aceptar,2025-05-18,0
9900cf3b-bd48-4567-be9e-29b606c233ac,MLV1-R01264,MLV1-A0520,información,confidencial,media,digital,malware,configuración incorrecta,1,3,mitigar,2025-05-18,0
c5c9d1e2-7b2e-4c96-ac10-f81103c9ac62,MLV1-R07908,MLV1-A0216,redes y comunicaciones,interno,critica,físico,interrupción del servicio,sin mantenimiento,2,5,mitigar,2025-05-18,0
200a0a40-4eb4-4253-84e1-d11389c197f7,MLV1-R09379,MLV1-A0747,hardware,interno,alta,físico,incendio,almacenamiento inadecuado,2,4,mitigar,2025-05-18,0
847e37be-f9c8-4772-ad23-458490208746,MLV1-R00070,MLV1-A0149,hardware,interno,alta,físico,error humano,ausencia de políticas,2,4,aceptar,2025-05-19,0
27c44729-0d4e-4220-9ac1-80c883e85d5c,MLV1-R01405,MLV1-A0867,hardware,interno,media,físico,daño físico,equipos obsoletos,2,1,aceptar,2025-05-19,0
7cb3c3a8-f193-4744-bcf1-f96aa2c428c3,MLV1-R02872,MLV1-A0638,información,interno,critica,digital,acceso no autorizado,contraseñas débiles,5,5,mitigar,2025-05-19,0
f68f967a-7fc7-42cc-b78f-bd93d4d164e9,MLV1-R02979,MLV1-A0984,redes y comunicaciones,interno,alta,físico,falla eléctrica,equipos obsoletos,5,5,mitigar,2025-05-19,0
161be728-96cb-419d-8a85-af9c77b14fd8,MLV1-R03569,MLV1-A0854,hardware,publico,media,físico,falla eléctrica,equipos obsoletos,2,3,mitigar,2025-05-19,0
1dd506e9-17b0-4733-b795-50c499cce4a8,MLV1-R04716,MLV1-A0638,información,interno,critica,digital,ransomware,configuración incorrecta,3,3,transferir,2025-05-19,0
52641084-0c0f-43c6-84cf-1a81b2948c65,MLV1-R06513,MLV1-A0911,redes y comunicaciones,confidencial,media,físico,error humano,falta de capacitación,1,4,aceptar,2025-05-19,0
3cb06d47-8673-4d78-b298-d75b01678106,MLV1-R08414,MLV1-A0975,redes y comunicaciones,interno,critica,físico,falla eléctrica,sin mantenimiento,3,5,evitar,2025-05-19,0
78ad7e67-c79b-48e7-b082-600606d26676,MLV1-R09822,MLV1-A0638,información,interno,critica,digital,divulgación de información,ausencia de políticas,2,4,transferir,2025-05-19,0
8e104047-ed1c-4388-a2f0-337dec868689,MLV1-R09933,MLV1-A0638,información,interno,critica,digital,pérdida de información,almacenamiento inadecuado,1,5,aceptar,2025-05-19,0
8e06a5ab-4f70-4ac3-8841-4f6d80bfb650,MLV1-R00213,MLV1-A0063,servicios ti,interno,media,digital,malware,falta de capacitación,4,5,mitigar,2025-05-20,0
a00d9a9f-f562-452e-ab6c-a8a0813e4a8e,MLV1-R00314,MLV1-A0648,software,confidencial,baja,digital,interrupción del servicio,sin mantenimiento,1,1,aceptar,2025-05-20,0
0cccbe3e-f569-4086-9801-a398daa597ad,MLV1-R03243,MLV1-A0759,información,interno,media,digital,acceso no autorizado,ausencia de políticas,1,3,aceptar,2025-05-20,0
2be58204-9a9b-4a90-9985-541cf5f15c33,MLV1-R03750,MLV1-A0759,información,interno,media,digital,acceso no autorizado,falta de controles de acceso,4,3,mitigar,2025-05-20,0
e42a7a72-57f2-43b1-87fa-2cb7a2379d94,MLV1-R04354,MLV1-A0964,información,interno,media,digital,acceso no autorizado,contraseñas débiles,4,3,mitigar,2025-05-20,0
949577ac-533b-4435-bfdc-b5e00a4d7927,MLV1-R04558,MLV1-A0826,otros,publico,media,físico,robo,ausencia de políticas,2,2,aceptar,2025-05-20,0
1c74e02d-198b-4b9a-b3b1-d88da4e49d07,MLV1-R04765,MLV1-A0063,servicios ti,interno,media,digital,acceso no autorizado,falta de controles de acceso,3,3,mitigar,2025-05-20,0
1b2312c2-7227-4363-a59c-4f17d662711f,MLV1-R05162,MLV1-A0063,servicios ti,interno,media,digital,error humano,falta de capacitación,3,4,transferir,2025-05-20,1
3609ed64-4e82-4084-a474-ea97b69884b5,MLV1-R06671,MLV1-A0826,otros,publico,media,físico,pérdida de información,configuración incorrecta,3,3,mitigar,2025-05-20,0
b945b9b9-a42d-44bf-9aba-617f5c9a5f8a,MLV1-R06782,MLV1-A0802,hardware,interno,baja,físico,daño físico,sin mantenimiento,4,4,mitigar,2025-05-20,0
d050ff5d-89aa-4f5f-b3f4-8712fbd371bd,MLV1-R07156,MLV1-A0898,información,interno,critica,digital,pérdida de información,almacenamiento inadecuado,2,4,mitigar,2025-05-20,0
b2e4c392-c9e3-462d-b304-2fb28e288cbc,MLV1-R07193,MLV1-A0854,hardware,publico,media,físico,daño físico,equipos obsoletos,3,2,mitigar,2025-05-20,0
4755cc42-233b-4992-ab9c-dc5a6e3b7b54,MLV1-R08532,MLV1-A0063,servicios ti,interno,media,digital,pérdida de información,almacenamiento inadecuado,4,1,aceptar,2025-05-20,0
f27cb162-dc0b-4904-89a3-91e41d1bbe5d,MLV1-R08795,MLV1-A0528,software,confidencial,critica,digital,ransomware,falta de capacitación,2,5,mitigar,2025-05-20,0
12f3f391-8669-41dd-91e4-fd61b6496b32,MLV1-R09669,MLV1-A0206,información,interno,alta,digital,malware,antivirus desactualizado,3,3,transferir,2025-05-20,0
ec26da49-68a4-418b-a1ff-b23a2d78e254,MLV1-R09850,MLV1-A0063,servicios ti,interno,media,digital,interrupción del servicio,sin mantenimiento,1,2,aceptar,2025-05-20,0
95e0f3ba-3090-431e-821e-e12524e65996,MLV1-R09960,MLV1-A0631,otros,interno,critica,físico,acceso no autorizado,contraseñas débiles,4,5,mitigar,2025-05-20,0
6a2239aa-7e82-40fd-867a-e7832e9cac43,MLV1-R00345,MLV1-A0335,servicios ti,confidencial,media,digital,ransomware,antivirus desactualizado,4,1,aceptar,2025-05-21,1
bb5bde3a-4d29-4652-8088-a267cefbe76e,MLV1-R00799,MLV1-A0472,redes y comunicaciones,interno,media,físico,error humano,falta de capacitación,1,4,aceptar,2025-05-21,0
f6f9e94d-e7b1-450d-857a-61df5f001f3f,MLV1-R01081,MLV1-A0472,redes y comunicaciones,interno,media,físico,interrupción del servicio,sin mantenimiento,4,4,mitigar,2025-05-21,0
1279fa14-089d-463e-90ea-55fd781ad34f,MLV1-R03195,MLV1-A0472,redes y comunicaciones,interno,media,físico,error humano,ausencia de políticas,4,3,mitigar,2025-05-21,0
336e1854-9a87-485b-bed3-34ad20550602,MLV1-R04846,MLV1-A0520,información,confidencial,media,digital,ransomware,ausencia de respaldos,2,1,aceptar,2025-05-21,0
1a507650-009e-4788-8bd5-a0c738367aa5,MLV1-R06091,MLV1-A0820,software,interno,critica,digital,malware,configuración incorrecta,2,4,mitigar,2025-05-21,0
57599a32-4b66-4858-bb59-881cf2b901d2,MLV1-R08435,MLV1-A0939,información,confidencial,alta,digital,ransomware,ausencia de respaldos,3,3,mitigar,2025-05-21,0
cfdc0c36-201e-418f-941a-e574f5e82b5a,MLV1-R09554,MLV1-A0237,hardware,confidencial,baja,físico,error humano,falta de capacitación,3,1,aceptar,2025-05-21,0
7dfba956-78cd-438e-bd5c-770bb13bb598,MLV1-R01440,MLV1-A0339,software,publico,alta,digital,interrupción del servicio,equipos obsoletos,4,4,mitigar,2025-05-22,0
919e0885-36b3-4a5c-a7b0-b8fc9d609e94,MLV1-R01628,MLV1-A0581,redes y comunicaciones,interno,critica,físico,acceso no autorizado,contraseñas débiles,3,5,transferir,2025-05-22,0
5778ab8e-b070-4d63-898e-4b8abbf0becb,MLV1-R04612,MLV1-A0745,software,interno,alta,digital,malware,antivirus desactualizado,5,5,mitigar,2025-05-22,0
04787544-1f22-4692-b426-747d24d4549f,MLV1-R06153,MLV1-A0929,hardware,interno,media,físico,falla eléctrica,sin mantenimiento,2,5,mitigar,2025-05-22,0
f3b14bfa-9d51-4ba2-85e0-8935ebc4fb72,MLV1-R07095,MLV1-A0276,documentación,interno,alta,digital,daño físico,equipos obsoletos,2,4,mitigar,2025-05-22,0
358c3107-1562-4f72-ac02-ec970542fcd9,MLV1-R07881,MLV1-A0367,hardware,confidencial,alta,físico,malware,configuración incorrecta,4,4,mitigar,2025-05-22,1
a20583ac-a65c-4d9a-98e5-c0a2da29e1e3,MLV1-R08335,MLV1-A0335,servicios ti,confidencial,media,digital,acceso no autorizado,contraseñas débiles,4,3,mitigar,2025-05-22,0
32cb2dcf-b4d1-4e6b-85f9-b18a8655348c,MLV1-R09650,MLV1-A0206,información,interno,alta,digital,error humano,falta de capacitación,4,3,transferir,2025-05-22,0
94733173-5dfc-43e0-9d62-21af4e57d0e4,MLV1-R00174,MLV1-A0761,hardware,confidencial,media,físico,malware,configuración incorrecta,2,3,transferir,2025-05-23,0
989a25a9-7f57-45ec-bde0-99c8f4c78779,MLV1-R02040,MLV1-A0484,software,restringido,media,digital,error humano,falta de capacitación,3,3,mitigar,2025-05-23,0
957e8937-88bd-424c-8667-6cb24ee37657,MLV1-R03889,MLV1-A0033,información,confidencial,media,digital,acceso no autorizado,contraseñas débiles,5,2,mitigar,2025-05-23,0
7bf2ae00-c099-42e1-a37e-22819859aed4,MLV1-R03907,MLV1-A0369,hardware,interno,media,físico,daño físico,almacenamiento inadecuado,1,3,aceptar,2025-05-23,0
49a3e452-f359-4ab8-87fc-53f6166ca192,MLV1-R07302,MLV1-A0103,información,confidencial,media,digital,divulgación de información,ausencia de políticas,5,2,aceptar,2025-05-23,0
8f864585-ee78-4cf1-85f1-3a85e3eb8620,MLV1-R07915,MLV1-A0914,documentación,interno,alta,digital,incendio,almacenamiento inadecuado,3,2,transferir,2025-05-23,1
6a8b9ed1-cdd2-4ebb-8708-6c5e17033f0e,MLV1-R00032,MLV1-A0817,documentación,interno,alta,físico,divulgación de información,falta de controles de acceso,5,4,mitigar,2025-05-24,0
40f26ed6-904b-48b9-bc28-c1c19438022b,MLV1-R00319,MLV1-A0044,servicios ti,confidencial,alta,digital,pérdida de información,almacenamiento inadecuado,4,4,mitigar,2025-05-24,0
ab6731c4-3b6b-4c64-93bc-035fbc6030cd,MLV1-R01550,MLV1-A0817,documentación,interno,alta,físico,inundación,ausencia de políticas,3,5,transferir,2025-05-24,0
ed027f4a-eac6-4999-95d5-344ee3477f2a,MLV1-R01809,MLV1-A0309,hardware,interno,critica,físico,falla eléctrica,sin mantenimiento,2,5,mitigar,2025-05-24,0
968eceae-e6a3-4b1a-a0a5-4a37699af59f,MLV1-R02339,MLV1-A0755,servicios ti,interno,media,digital,interrupción del servicio,configuración incorrecta,2,2,aceptar,2025-05-24,0
98ca70be-da6d-4328-8ee3-e2e52c9ff5ae,MLV1-R04239,MLV1-A0128,software,interno,alta,digital,interrupción del servicio,equipos obsoletos,1,2,aceptar,2025-05-24,0
52bc590c-9468-4f50-943f-745d9c32c3bd,MLV1-R04352,MLV1-A0474,documentación,interno,media,físico,pérdida de información,ausencia de respaldos,5,1,aceptar,2025-05-24,0
0cddddfe-eb6b-4daa-b1c6-170e6d39ea7d,MLV1-R05375,MLV1-A0817,documentación,interno,alta,físico,inundación,almacenamiento inadecuado,3,3,aceptar,2025-05-24,0
5402b248-ae7f-48ad-a65a-7b9f598ba244,MLV1-R06693,MLV1-A0045,información,interno,baja,digital,pérdida de información,almacenamiento inadecuado,1,1,aceptar,2025-05-24,0
438948cb-e310-4dcf-a96c-03d76a1d6b0b,MLV1-R07013,MLV1-A0377,documentación,interno,alta,digital,error humano,configuración incorrecta,1,3,mitigar,2025-05-24,0
5e5817c3-8ee6-4b62-bcf7-2757eae17b25,MLV1-R07829,MLV1-A0044,servicios ti,confidencial,alta,digital,malware,configuración incorrecta,4,3,transferir,2025-05-24,0
31e28103-8d44-4d1a-a139-45cb344aee9c,MLV1-R08211,MLV1-A0302,información,confidencial,media,digital,error humano,ausencia de políticas,3,3,aceptar,2025-05-24,0
2a053f10-4429-4770-92c9-861972c69ef5,MLV1-R09149,MLV1-A0817,documentación,interno,alta,físico,pérdida de información,ausencia de respaldos,5,4,mitigar,2025-05-24,0
10059626-1c80-465c-be36-6396093bc1b2,MLV1-R01072,MLV1-A0326,otros,confidencial,alta,físico,interrupción del servicio,configuración incorrecta,3,3,aceptar,2025-05-25,0
fb77bca9-bb53-4c0b-9cb9-603227c0b515,MLV1-R02790,MLV1-A0749,servicios ti,confidencial,alta,digital,pérdida de información,ausencia de respaldos,3,4,mitigar,2025-05-25,0
d74a7398-aed5-40a0-88f1-5f457403e489,MLV1-R03208,MLV1-A0006,servicios ti,interno,media,digital,interrupción del servicio,sin mantenimiento,3,3,transferir,2025-05-25,1
19a4b9e2-694e-4688-8062-42de27b8b3da,MLV1-R03322,MLV1-A0275,hardware,interno,media,físico,acceso no autorizado,contraseñas débiles,3,4,mitigar,2025-05-25,0
689c52c3-04a4-41aa-b90c-dcf9a9558d4e,MLV1-R04963,MLV1-A0857,hardware,confidencial,media,físico,falla eléctrica,sin mantenimiento,4,4,mitigar,2025-05-25,0
134d6b7a-68a5-42d5-ad2a-48af5da76e29,MLV1-R05835,MLV1-A0857,hardware,confidencial,media,físico,falla eléctrica,equipos obsoletos,2,3,mitigar,2025-05-25,0
96b959cf-ab17-4c4a-936c-608d4bfeb6c2,MLV1-R06267,MLV1-A0080,información,confidencial,media,digital,ransomware,antivirus desactualizado,3,2,aceptar,2025-05-25,0
8d799cfd-cddc-4716-9bfd-9c7b579400ce,MLV1-R08387,MLV1-A0283,hardware,interno,critica,físico,daño físico,equipos obsoletos,3,5,transferir,2025-05-25,0
a6675728-7e8d-454f-8176-5582a3a3dbe3,MLV1-R00264,MLV1-A0649,software,interno,alta,digital,malware,antivirus desactualizado,3,4,mitigar,2025-05-26,0
1ac0b938-f651-4dd6-ac59-762d4e4974fc,MLV1-R03033,MLV1-A0048,redes y comunicaciones,interno,alta,físico,acceso no autorizado,ausencia de políticas,4,4,mitigar,2025-05-26,0
328e536c-b7f4-428a-8894-7a13c670dda3,MLV1-R04572,MLV1-A0048,redes y comunicaciones,interno,alta,físico,error humano,ausencia de políticas,1,4,mitigar,2025-05-26,0
9b1ae723-77ca-463d-a86a-af01e1e2cbc1,MLV1-R05523,MLV1-A0976,hardware,interno,alta,físico,falla eléctrica,equipos obsoletos,2,5,transferir,2025-05-26,0
98573a06-73a3-4e89-9792-41d3f9b21011,MLV1-R07993,MLV1-A0761,hardware,confidencial,media,físico,falla eléctrica,sin mantenimiento,4,2,transferir,2025-05-26,0
81dcb41a-2b65-46f9-af4e-0e66a28a822b,MLV1-R08375,MLV1-A0894,software,interno,media,digital,error humano,configuración incorrecta,2,3,transferir,2025-05-26,0
654d60f1-5f96-464f-b967-07f839fefbbe,MLV1-R08752,MLV1-A0523,documentación,interno,baja,digital,daño físico,sin mantenimiento,3,1,aceptar,2025-05-26,1
2afa3c54-5f9e-4a5b-879d-d2481d7b5a62,MLV1-R09630,MLV1-A0242,documentación,publico,alta,digital,robo,ausencia de políticas,3,2,aceptar,2025-05-26,0
71303e2f-179d-4f53-a1ef-16091a890310,MLV1-R02649,MLV1-A0704,servicios ti,interno,baja,digital,acceso no autorizado,contraseñas débiles,3,1,aceptar,2025-05-27,0
ba7205a3-4e39-4ffe-8bdf-ad7fa0f63e08,MLV1-R02882,MLV1-A0675,información,confidencial,alta,digital,divulgación de información,falta de controles de acceso,4,3,mitigar,2025-05-27,1
c1e7f69d-1adb-421d-a0f5-828d93578ef7,MLV1-R04409,MLV1-A0749,servicios ti,confidencial,alta,digital,error humano,ausencia de políticas,2,4,aceptar,2025-05-27,0
01831fb1-9bdb-464b-ad74-74255addb8a5,MLV1-R04756,MLV1-A0704,servicios ti,interno,baja,digital,malware,falta de capacitación,5,3,mitigar,2025-05-27,0
9163dada-f579-44e5-93c3-d0e7063d4f42,MLV1-R06395,MLV1-A0477,información,confidencial,alta,digital,pérdida de información,ausencia de respaldos,2,4,aceptar,2025-05-27,0
7eb6f255-beab-430d-be22-e0d731ff7975,MLV1-R08042,MLV1-A0704,servicios ti,interno,baja,digital,error humano,configuración incorrecta,4,1,mitigar,2025-05-27,0
63a29858-91cc-4e5c-b399-5d9faeba21a5,MLV1-R08193,MLV1-A0276,documentación,interno,alta,digital,pérdida de información,ausencia de respaldos,2,4,transferir,2025-05-27,1
d8d4770e-0a14-44d2-8305-92c2e8ffce2c,MLV1-R08298,MLV1-A0704,servicios ti,interno,baja,digital,interrupción del servicio,equipos obsoletos,4,2,transferir,2025-05-27,0
1b734d81-d136-4417-bc7f-2e84933c4023,MLV1-R08600,MLV1-A0704,servicios ti,interno,baja,digital,pérdida de información,configuración incorrecta,3,1,mitigar,2025-05-27,0
1df0801c-b830-4328-9d40-ab13e2d27abb,MLV1-R00095,MLV1-A0445,servicios ti,interno,alta,digital,ransomware,antivirus desactualizado,4,5,mitigar,2025-05-28,0
06a0d479-bae2-4405-bc48-ad0cb41dae61,MLV1-R02653,MLV1-A0445,servicios ti,interno,alta,digital,error humano,ausencia de políticas,4,2,mitigar,2025-05-28,0
547f21f9-f3d8-4c2b-84ec-17c8b4cb9a6e,MLV1-R03401,MLV1-A0021,otros,publico,media,físico,acceso no autorizado,contraseñas débiles,4,2,aceptar,2025-05-28,0
febed239-89a7-4cbc-868d-c35a19469315,MLV1-R04237,MLV1-A0710,software,interno,baja,digital,acceso no autorizado,falta de controles de acceso,4,2,mitigar,2025-05-28,0
bc98db23-bac4-4628-aafa-dc3c5b64d346,MLV1-R04310,MLV1-A0616,servicios ti,restringido,critica,digital,error humano,configuración incorrecta,1,4,mitigar,2025-05-28,0
e43218dc-221d-4902-a01d-28deb00d7c48,MLV1-R04618,MLV1-A0445,servicios ti,interno,alta,digital,ransomware,configuración incorrecta,3,4,mitigar,2025-05-28,0
5e2c4818-735f-4fbd-8c34-d1e97e5e8952,MLV1-R06329,MLV1-A0993,software,interno,media,digital,error humano,configuración incorrecta,2,2,aceptar,2025-05-28,0
f871c7b0-6aed-4116-96e5-9b0ce0eabca4,MLV1-R07824,MLV1-A0445,servicios ti,interno,alta,digital,interrupción del servicio,configuración incorrecta,1,5,aceptar,2025-05-28,0
ee98d0a7-01dd-44c5-8db7-83295d687841,MLV1-R08807,MLV1-A0784,documentación,confidencial,alta,físico,error humano,falta de capacitación,2,4,mitigar,2025-05-28,0
b6004500-21d9-4e5f-ae48-cc2c71e80605,MLV1-R09462,MLV1-A0445,servicios ti,interno,alta,digital,pérdida de información,ausencia de respaldos,3,4,mitigar,2025-05-28,0
3681305e-2c4c-4940-ab5a-1757d61ba940,MLV1-R09711,MLV1-A0459,hardware,interno,alta,físico,falla eléctrica,equipos obsoletos,2,2,mitigar,2025-05-28,0
5ec4f838-7472-4603-a607-ee874b835385,MLV1-R00627,MLV1-A0395,documentación,interno,alta,físico,incendio,ausencia de políticas,3,2,transferir,2025-05-29,0
3edde0a2-958c-4d0f-95a9-becbeb4b9bed,MLV1-R00722,MLV1-A0445,servicios ti,interno,alta,digital,malware,falta de capacitación,3,4,mitigar,2025-05-29,0
f50f2c72-68a0-429b-ac71-b2a6ddc1b883,MLV1-R00904,MLV1-A0264,software,confidencial,alta,digital,pérdida de información,ausencia de respaldos,4,3,mitigar,2025-05-29,0
caefdbda-5a0b-42e8-ba6e-421d7cecbcd1,MLV1-R04658,MLV1-A0979,redes y comunicaciones,interno,alta,físico,falla eléctrica,sin mantenimiento,3,4,mitigar,2025-05-29,0
5887e7c8-f960-4955-bd36-9b6d7cdcb72b,MLV1-R06323,MLV1-A0565,software,publico,media,digital,ransomware,ausencia de respaldos,5,5,mitigar,2025-05-29,1
e196f677-00f4-4c8c-808c-80e7231d0a14,MLV1-R06618,MLV1-A0395,documentación,interno,alta,físico,pérdida de información,ausencia de respaldos,3,2,mitigar,2025-05-29,0
4610556a-ff0c-4453-b482-a2db22daba25,MLV1-R06638,MLV1-A0786,información,interno,alta,digital,acceso no autorizado,falta de controles de acceso,5,3,transferir,2025-05-29,0
d8340989-392f-4297-9683-f93e3622c492,MLV1-R07617,MLV1-A0278,servicios ti,interno,critica,digital,pérdida de información,almacenamiento inadecuado,3,4,mitigar,2025-05-29,0
9b3f4fb3-d97e-4b6d-9790-0245e18339e0,MLV1-R07930,MLV1-A0865,software,interno,alta,digital,error humano,configuración incorrecta,2,3,mitigar,2025-05-29,0
d6b0f420-6e3d-41c2-ba72-ffaa06641e75,MLV1-R09052,MLV1-A0979,redes y comunicaciones,interno,alta,físico,falla eléctrica,equipos obsoletos,2,5,transferir,2025-05-29,1
731c1ee3-ebae-47d0-897c-d9c67edff861,MLV1-R09659,MLV1-A0035,información,confidencial,critica,digital,ransomware,antivirus desactualizado,3,3,aceptar,2025-05-29,0
cfc5d3ae-3396-4d1a-b8e8-a27a5b972fb4,MLV1-R00046,MLV1-A0335,servicios ti,confidencial,media,digital,pérdida de información,ausencia de respaldos,4,3,transferir,2025-05-30,0
9f0c55b6-1162-45c9-80da-d81e24a29d07,MLV1-R06532,MLV1-A0006,servicios ti,interno,media,digital,error humano,falta de capacitación,3,4,mitigar,2025-05-30,0
fc18f292-c1a1-421b-a688-98f9d755fb16,MLV1-R08820,MLV1-A0212,información,confidencial,alta,digital,pérdida de información,ausencia de respaldos,5,3,mitigar,2025-05-30,0
ff655c5c-a779-43ae-95e2-fa9e43305c83,MLV1-R00935,MLV1-A0576,documentación,interno,critica,físico,divulgación de información,contraseñas débiles,3,5,evitar,2025-05-31,0
b3f6d78e-94c7-49e7-a84d-ef1ecb0f1b90,MLV1-R05954,MLV1-A0613,otros,interno,baja,físico,pérdida de información,almacenamiento inadecuado,4,1,mitigar,2025-05-31,1
285adea7-0c4c-46c3-b893-1d4cde4880d2,MLV1-R07772,MLV1-A0434,información,interno,media,digital,divulgación de información,contraseñas débiles,2,1,aceptar,2025-05-31,0
9d86625e-5acd-49f2-bdb6-ae55453bdc90,MLV1-R08164,MLV1-A0294,hardware,interno,alta,físico,error humano,falta de capacitación,1,3,aceptar,2025-05-31,0
39061af0-29cd-43c7-8087-6db0ce11a9d2,MLV1-R09663,MLV1-A0577,información,interno,critica,digital,divulgación de información,falta de controles de acceso,3,5,mitigar,2025-05-31,0
2de85313-d945-4d6c-a6d9-53e2f114f30e,MLV1-R00470,MLV1-A0821,servicios ti,confidencial,alta,digital,ransomware,antivirus desactualizado,4,3,mitigar,2025-06-01,0
b03fdea0-616d-41cf-9160-ce604d2055d6,MLV1-R08764,MLV1-A0644,hardware,interno,critica,físico,malware,falta de capacitación,2,4,aceptar,2025-06-01,0
bacd2a9e-c3b2-4101-875b-fc6434bce44b,MLV1-R09046,MLV1-A0713,software,interno,alta,digital,error humano,ausencia de políticas,2,2,aceptar,2025-06-01,0
8b9e1706-9ca7-4d6a-8976-eceeb1b184a8,MLV1-R03074,MLV1-A0033,información,confidencial,media,digital,pérdida de información,almacenamiento inadecuado,2,3,mitigar,2025-06-02,0
7d42c643-8a1b-4395-9f3e-a7c33b578380,MLV1-R03705,MLV1-A0561,hardware,interno,media,físico,acceso no autorizado,contraseñas débiles,5,2,transferir,2025-06-02,0
ec9ddfed-cd6a-4ec0-9104-beee43730dc4,MLV1-R06190,MLV1-A0382,redes y comunicaciones,confidencial,media,físico,acceso no autorizado,falta de controles de acceso,3,1,aceptar,2025-06-02,0
4f4acb9e-d8c6-43a1-a610-84825a8c091c,MLV1-R06225,MLV1-A0950,hardware,interno,critica,físico,incendio,ausencia de políticas,2,4,mitigar,2025-06-02,0
cdbf2227-1def-4bdf-b4a0-43c8aa79a4d6,MLV1-R07030,MLV1-A0309,hardware,interno,critica,físico,falla eléctrica,equipos obsoletos,3,5,transferir,2025-06-02,0
888d6aa2-aa6e-4ef1-ae84-56e3df127b05,MLV1-R07332,MLV1-A0280,servicios ti,interno,media,digital,malware,falta de capacitación,3,1,aceptar,2025-06-02,0
17c07eaf-a56d-489b-ba3c-129807556657,MLV1-R07957,MLV1-A0228,software,restringido,media,digital,acceso no autorizado,falta de controles de acceso,4,3,mitigar,2025-06-02,0
b7a57e44-0927-4484-bd55-a61fc8fbd651,MLV1-R02410,MLV1-A0589,hardware,interno,media,físico,daño físico,sin mantenimiento,2,3,mitigar,2025-06-03,0
d86a204a-5de1-4b57-9f21-40b0bc2edfe0,MLV1-R02435,MLV1-A0330,software,interno,media,digital,acceso no autorizado,contraseñas débiles,3,3,aceptar,2025-06-03,0
dff009ac-1c9d-496d-b9bf-14a492dd0cca,MLV1-R02453,MLV1-A0589,hardware,interno,media,físico,acceso no autorizado,falta de controles de acceso,5,4,mitigar,2025-06-03,1
1453af9a-4d5d-4d73-b630-94950c3dbbf8,MLV1-R02767,MLV1-A0330,software,interno,media,digital,pérdida de información,configuración incorrecta,5,3,mitigar,2025-06-03,0
74d59691-b96f-4788-8538-a8abeae3c0fd,MLV1-R02865,MLV1-A0589,hardware,interno,media,físico,falla eléctrica,sin mantenimiento,3,2,mitigar,2025-06-03,0
b3f1c00a-f18c-4d7d-a05c-278ada8d87c4,MLV1-R03470,MLV1-A0589,hardware,interno,media,físico,incendio,almacenamiento inadecuado,2,3,mitigar,2025-06-03,0
bb6d4122-d91f-4cd3-ad73-754fd9f3d826,MLV1-R04477,MLV1-A0589,hardware,interno,media,físico,error humano,configuración incorrecta,2,2,mitigar,2025-06-03,0
af769196-1c50-4cd6-b004-31d3d2e32796,MLV1-R05334,MLV1-A0648,software,confidencial,baja,digital,interrupción del servicio,sin mantenimiento,4,1,aceptar,2025-06-03,0
0f1b1edd-fd4b-4e1c-878e-0402f848e5a8,MLV1-R05861,MLV1-A0589,hardware,interno,media,físico,acceso no autorizado,contraseñas débiles,4,3,mitigar,2025-06-03,0
1a87601e-15c7-4742-980c-99a13ed50ba7,MLV1-R09633,MLV1-A0330,software,interno,media,digital,interrupción del servicio,sin mantenimiento,5,3,mitigar,2025-06-03,0
fad8ccf1-92fb-4f3a-a59a-3df12e7d33b8,MLV1-R09999,MLV1-A0330,software,interno,media,digital,ransomware,ausencia de respaldos,2,2,aceptar,2025-06-03,0
c8b6ee11-9b88-4b76-abc4-fef1afcea563,MLV1-R01667,MLV1-A0857,hardware,confidencial,media,físico,robo,falta de controles de acceso,5,1,aceptar,2025-06-04,0
70e117de-913e-4551-9214-656a0f587f77,MLV1-R01696,MLV1-A0921,otros,interno,media,físico,acceso no autorizado,contraseñas débiles,2,2,aceptar,2025-06-04,0
7a9a46e3-406c-4700-ab88-9c7bc589e4ff,MLV1-R02122,MLV1-A0833,software,interno,media,digital,malware,antivirus desactualizado,3,3,mitigar,2025-06-04,0
3755551b-2e01-47f2-b6fb-86888793a420,MLV1-R03461,MLV1-A0833,software,interno,media,digital,acceso no autorizado,ausencia de políticas,1,1,aceptar,2025-06-04,0
39a45f7a-cbfb-4f3f-95e6-c3ed3ceb7c2f,MLV1-R04136,MLV1-A0654,servicios ti,interno,media,digital,ransomware,antivirus desactualizado,3,3,mitigar,2025-06-04,0
e167bc0b-eea6-4301-8c8c-fffa8262eb05,MLV1-R05133,MLV1-A0755,servicios ti,interno,media,digital,malware,falta de capacitación,4,1,mitigar,2025-06-04,0
2141594f-0002-4b4e-b7c0-9007387f6ca6,MLV1-R05304,MLV1-A0833,software,interno,media,digital,error humano,ausencia de políticas,4,4,mitigar,2025-06-04,0
7acfb856-1105-41f5-9599-794304beebb0,MLV1-R06233,MLV1-A0241,información,interno,media,digital,acceso no autorizado,contraseñas débiles,2,2,mitigar,2025-06-04,0
f6b21527-607d-4b46-a989-74e2318a30a5,MLV1-R06665,MLV1-A0833,software,interno,media,digital,pérdida de información,ausencia de respaldos,5,3,evitar,2025-06-04,0
268eb3ff-cb99-40cb-811f-dc75bfb9b0da,MLV1-R08229,MLV1-A0833,software,interno,media,digital,malware,antivirus desactualizado,3,4,transferir,2025-06-04,0
d207eec9-7b8c-4311-a104-6bfec7c75359,MLV1-R08421,MLV1-A0500,servicios ti,publico,media,digital,malware,configuración incorrecta,2,3,mitigar,2025-06-04,0
7667cbed-d8dc-4ebc-8d0c-f27fe0685fd5,MLV1-R08982,MLV1-A0649,software,interno,alta,digital,error humano,configuración incorrecta,3,5,mitigar,2025-06-04,1
e60764e2-cbac-49b0-a30a-ad9d801f2d92,MLV1-R01865,MLV1-A0425,servicios ti,interno,critica,digital,interrupción del servicio,equipos obsoletos,2,5,mitigar,2025-06-05,0
b8e83deb-88fd-40a8-91d1-58994976c200,MLV1-R03256,MLV1-A0939,información,confidencial,alta,digital,malware,falta de capacitación,5,4,transferir,2025-06-05,1
41846f48-c048-4a4d-b1f2-9a82288c8dca,MLV1-R03453,MLV1-A0425,servicios ti,interno,critica,digital,error humano,falta de capacitación,4,5,mitigar,2025-06-05,0
f52a26e2-4500-4a53-925a-90d46ddb401d,MLV1-R06711,MLV1-A0425,servicios ti,interno,critica,digital,interrupción del servicio,sin mantenimiento,3,4,mitigar,2025-06-05,1
8e4e0770-1a05-48a3-a7ed-25b34fef5d8e,MLV1-R09677,MLV1-A0851,documentación,publico,critica,digital,error humano,falta de capacitación,3,4,mitigar,2025-06-05,0
aa4532af-2fbe-418f-aea5-cb0ef443cced,MLV1-R00452,MLV1-A0939,información,confidencial,alta,digital,malware,falta de capacitación,4,2,mitigar,2025-06-06,0
3e7fdd97-876b-43d0-bfdb-4aad29ee892a,MLV1-R00586,MLV1-A0017,información,interno,media,digital,error humano,ausencia de políticas,3,2,mitigar,2025-06-06,0
95463bde-7a79-4e1e-bc83-2da6c73c1445,MLV1-R02966,MLV1-A0322,redes y comunicaciones,confidencial,critica,físico,interrupción del servicio,sin mantenimiento,3,4,mitigar,2025-06-06,0
38cb6c05-a1c3-4a30-8d51-d815fb212856,MLV1-R04555,MLV1-A0035,información,confidencial,critica,digital,error humano,ausencia de políticas,2,4,transferir,2025-06-06,0
037f75d0-b265-4359-b3b6-1d6357985bf9,MLV1-R07980,MLV1-A0921,otros,interno,media,físico,pérdida de información,ausencia de respaldos,5,2,transferir,2025-06-06,0
7f0f870b-5540-4fb1-a96d-0f68da3ac06b,MLV1-R06599,MLV1-A0466,hardware,interno,media,físico,robo,ausencia de políticas,4,3,evitar,2025-06-07,1
859a02e5-8603-457a-b67a-c7ff4962d518,MLV1-R03055,MLV1-A0353,servicios ti,interno,alta,digital,ransomware,ausencia de respaldos,3,5,mitigar,2025-06-08,0
665169d9-a952-4ca1-83df-adcb2f66b7e1,MLV1-R05215,MLV1-A0329,software,publico,alta,digital,acceso no autorizado,falta de controles de acceso,2,4,aceptar,2025-06-08,1
75f67ae7-c5cc-4172-b046-8c5d347c8cee,MLV1-R05844,MLV1-A0565,software,publico,media,digital,acceso no autorizado,contraseñas débiles,4,2,aceptar,2025-06-08,0
94743e50-42aa-4357-a4c2-5c2b7b6fae17,MLV1-R06814,MLV1-A0327,servicios ti,confidencial,media,digital,acceso no autorizado,contraseñas débiles,4,3,mitigar,2025-06-08,0
27e5610a-17cc-47bd-ae07-8cf9de8954da,MLV1-R08918,MLV1-A0746,software,interno,media,digital,malware,antivirus desactualizado,4,4,mitigar,2025-06-08,1
1463aa71-01fc-4e9a-b06f-76d936a8efb8,MLV1-R00635,MLV1-A0263,servicios ti,restringido,critica,digital,malware,antivirus desactualizado,5,5,mitigar,2025-06-09,1
56f73e98-0785-4afa-b819-e68f9dafd39f,MLV1-R00688,MLV1-A0932,otros,interno,alta,físico,daño físico,almacenamiento inadecuado,2,3,aceptar,2025-06-09,0
b6312f33-4e9f-489a-bd4f-ca973085ed1a,MLV1-R00999,MLV1-A0128,software,interno,alta,digital,ransomware,antivirus desactualizado,3,5,mitigar,2025-06-09,0
e3ff0612-6908-455b-b4f7-aedc1939dc16,MLV1-R01612,MLV1-A0263,servicios ti,restringido,critica,digital,acceso no autorizado,contraseñas débiles,5,4,mitigar,2025-06-09,0
2f613c6a-46eb-4fc4-864d-c6660952fc82,MLV1-R01722,MLV1-A0118,otros,interno,media,físico,error humano,falta de capacitación,4,3,mitigar,2025-06-09,1
86da30e2-b2e8-45c2-a91b-c7c6f563fc75,MLV1-R02477,MLV1-A0840,otros,restringido,critica,físico,error humano,ausencia de políticas,2,5,mitigar,2025-06-09,0
e080969d-581e-425b-ab55-e6d4530138ae,MLV1-R03015,MLV1-A0415,documentación,interno,media,digital,divulgación de información,ausencia de políticas,3,3,mitigar,2025-06-09,0
c995cf1e-2f98-4994-af9c-5df6ec881c43,MLV1-R04098,MLV1-A0118,otros,interno,media,físico,daño físico,sin mantenimiento,1,2,aceptar,2025-06-09,0
70cb7d68-41f2-4b21-a795-3ef664c2c5e0,MLV1-R04246,MLV1-A0932,otros,interno,alta,físico,daño físico,equipos obsoletos,4,2,mitigar,2025-06-09,0
9d43ed8a-53f3-4ad9-9e38-5c45743dfceb,MLV1-R04788,MLV1-A0840,otros,restringido,critica,físico,error humano,configuración incorrecta,4,4,mitigar,2025-06-09,0
2060d02b-44a5-4cd3-82ec-6b4396e346fb,MLV1-R05667,MLV1-A0840,otros,restringido,critica,físico,daño físico,sin mantenimiento,3,4,mitigar,2025-06-09,0
b12cc614-bdb4-4803-a8b4-963525ff2834,MLV1-R06046,MLV1-A0840,otros,restringido,critica,físico,robo,ausencia de políticas,2,3,transferir,2025-06-09,0
45be5669-a729-4656-9e0e-b88d40b6267a,MLV1-R06798,MLV1-A0895,documentación,publico,alta,digital,divulgación de información,falta de controles de acceso,3,5,mitigar,2025-06-09,0
c5cbb7f3-cc76-49be-b9ca-66fa1c649099,MLV1-R07497,MLV1-A0840,otros,restringido,critica,físico,robo,falta de controles de acceso,5,5,mitigar,2025-06-09,1
26abc97d-8ad0-4cfb-b6fe-cc134320457e,MLV1-R08119,MLV1-A0332,otros,interno,media,físico,error humano,falta de capacitación,1,2,aceptar,2025-06-09,0
6517eacc-3900-4765-a188-26a9518feed2,MLV1-R09434,MLV1-A0840,otros,restringido,critica,físico,acceso no autorizado,contraseñas débiles,5,4,mitigar,2025-06-09,1
d0473108-1b1d-42b5-ac34-6a95203fb443,MLV1-R09966,MLV1-A0840,otros,restringido,critica,físico,robo,falta de controles de acceso,3,4,mitigar,2025-06-09,0
ce1c94b5-d0f5-48dd-b811-21777771374a,MLV1-R01438,MLV1-A0268,otros,interno,alta,físico,daño físico,equipos obsoletos,4,4,mitigar,2025-06-10,0
0b90bca3-e245-47b2-9306-b768b048a3fb,MLV1-R01677,MLV1-A0985,hardware,interno,alta,físico,falla eléctrica,sin mantenimiento,4,3,mitigar,2025-06-10,1
ae76c7f6-c96d-4641-85da-3232c71dc670,MLV1-R01852,MLV1-A0268,otros,interno,alta,físico,daño físico,equipos obsoletos,3,5,mitigar,2025-06-10,0
fa94d898-3b1c-4574-b943-abc34744ba17,MLV1-R02423,MLV1-A0867,hardware,interno,media,físico,robo,falta de controles de acceso,5,2,mitigar,2025-06-10,0
d94a3cb2-22b0-4d5c-8ee5-19445227e679,MLV1-R05155,MLV1-A0268,otros,interno,alta,físico,pérdida de información,configuración incorrecta,3,4,mitigar,2025-06-10,0
14f0be6b-07c8-404a-9a3c-749bcccff417,MLV1-R05373,MLV1-A0913,servicios ti,confidencial,media,digital,acceso no autorizado,contraseñas débiles,4,5,mitigar,2025-06-10,1
f91b2895-dbf6-4412-a955-e8d297501771,MLV1-R05614,MLV1-A0268,otros,interno,alta,físico,interrupción del servicio,equipos obsoletos,1,4,aceptar,2025-06-10,0
02b7d2cd-ed76-495a-ac49-8fea1de33a37,MLV1-R06490,MLV1-A0523,documentación,interno,baja,digital,incendio,almacenamiento inadecuado,5,3,mitigar,2025-06-10,0
9a74a2f5-9776-4e98-8ffd-64cd808f1133,MLV1-R07759,MLV1-A0880,servicios ti,confidencial,alta,digital,interrupción del servicio,sin mantenimiento,4,4,mitigar,2025-06-10,0
1ffde7ef-dfb7-46d2-8499-e1b7dafccfc6,MLV1-R07791,MLV1-A0007,hardware,publico,alta,físico,daño físico,sin mantenimiento,3,4,mitigar,2025-06-10,0
10a30d7a-9af4-4945-a174-b2669fbd43cb,MLV1-R08692,MLV1-A0531,redes y comunicaciones,interno,media,físico,malware,falta de capacitación,2,2,aceptar,2025-06-10,0
476e4ec9-9195-418a-b595-4890cb7b92a8,MLV1-R08743,MLV1-A0837,hardware,confidencial,media,físico,daño físico,almacenamiento inadecuado,3,5,mitigar,2025-06-10,0
d27af545-8e8a-4f18-8667-0319d9c261ba,MLV1-R09230,MLV1-A0268,otros,interno,alta,físico,daño físico,equipos obsoletos,2,4,mitigar,2025-06-10,1
7c5dd6b6-aba5-48ff-a1b3-1a22b29c16dc,MLV1-R09412,MLV1-A0270,software,confidencial,media,digital,malware,configuración incorrecta,5,3,mitigar,2025-06-10,0
3b4b9808-4544-40b9-a40a-36c7ae05b4c5,MLV1-R01519,MLV1-A0339,software,publico,alta,digital,acceso no autorizado,contraseñas débiles,4,4,mitigar,2025-06-11,1
31b0921b-d3ac-46a9-bbcf-c37b1d67e3f7,MLV1-R02128,MLV1-A0497,documentación,publico,alta,digital,incendio,almacenamiento inadecuado,2,3,mitigar,2025-06-11,0
1e17d4d0-9879-4a33-8f3a-d22db57c46c1,MLV1-R02838,MLV1-A0193,software,interno,alta,digital,malware,falta de capacitación,2,3,mitigar,2025-06-11,0
a5e5d876-9951-4e0f-b409-a8dc445c640b,MLV1-R03421,MLV1-A0964,información,interno,media,digital,ransomware,antivirus desactualizado,3,5,mitigar,2025-06-11,0
745c377c-48fd-4979-97e4-2885dcdc2ca3,MLV1-R05156,MLV1-A0522,información,confidencial,media,digital,ransomware,antivirus desactualizado,3,3,aceptar,2025-06-11,0
5832bef4-b716-45fc-97d3-e01d99dbbd26,MLV1-R07129,MLV1-A0522,información,confidencial,media,digital,error humano,falta de capacitación,4,2,transferir,2025-06-11,0
014b46f5-041f-485f-9ac3-72ee85c4ae57,MLV1-R07642,MLV1-A0549,documentación,confidencial,media,físico,robo,ausencia de políticas,1,2,aceptar,2025-06-11,0
9cdf37f5-22d3-4827-9f7b-2b956b0d692f,MLV1-R08573,MLV1-A0015,servicios ti,restringido,alta,digital,pérdida de información,ausencia de respaldos,3,5,mitigar,2025-06-11,0
9fb702b9-7a5f-4e62-ae97-3b6e8bf39b11,MLV1-R09067,MLV1-A0549,documentación,confidencial,media,físico,robo,falta de controles de acceso,3,3,mitigar,2025-06-11,0
a4621508-6d6b-4fe5-b4c5-d6c8a85fbcdb,MLV1-R02630,MLV1-A0548,servicios ti,restringido,media,digital,error humano,configuración incorrecta,1,4,aceptar,2025-06-12,0
96863d06-b05f-4f08-9070-a79463c001ea,MLV1-R02862,MLV1-A0849,software,interno,media,digital,acceso no autorizado,ausencia de políticas,4,4,mitigar,2025-06-12,1
72ea3fff-bf54-44bd-9993-2eb43133f192,MLV1-R03635,MLV1-A0826,otros,publico,media,físico,daño físico,sin mantenimiento,5,3,mitigar,2025-06-12,0
714afc5a-04db-4628-b5c8-673324cd70c1,MLV1-R03962,MLV1-A0980,hardware,interno,alta,físico,malware,antivirus desactualizado,3,3,mitigar,2025-06-12,0
df0d65f6-17a5-49ad-91ba-feca94c82004,MLV1-R08378,MLV1-A0515,redes y comunicaciones,interno,critica,físico,interrupción del servicio,equipos obsoletos,2,5,mitigar,2025-06-12,0
0414045f-ed59-47cc-a636-1e120d53072a,MLV1-R00972,MLV1-A0281,información,interno,media,digital,acceso no autorizado,contraseñas débiles,3,3,mitigar,2025-06-13,1
d8a5413d-58ef-43fa-b99c-e892b8a7aa3b,MLV1-R01462,MLV1-A0379,hardware,interno,media,físico,inundación,ausencia de políticas,2,3,mitigar,2025-06-13,0
ace0fb44-c886-42b6-b753-fb279dda0243,MLV1-R02180,MLV1-A0631,otros,interno,critica,físico,daño físico,equipos obsoletos,1,5,mitigar,2025-06-13,0
efaf3748-8de4-4934-aef3-80985334beb2,MLV1-R03792,MLV1-A0895,documentación,publico,alta,digital,error humano,configuración incorrecta,2,4,mitigar,2025-06-13,0
3a5de2f7-ad52-441b-b484-2299b2f10cb0,MLV1-R05511,MLV1-A0680,documentación,confidencial,critica,físico,robo,falta de controles de acceso,5,4,mitigar,2025-06-13,1
8598ce99-f453-4d64-a6e2-8100d7c5fe99,MLV1-R05840,MLV1-A0796,software,interno,media,digital,ransomware,ausencia de respaldos,2,3,mitigar,2025-06-13,0
8370d95a-a272-4759-ae80-16a1a1fdb93a,MLV1-R06767,MLV1-A0079,redes y comunicaciones,publico,baja,físico,interrupción del servicio,sin mantenimiento,1,1,aceptar,2025-06-13,0
d89d5b14-12c0-4ba0-bdcc-60e0690fa11a,MLV1-R09641,MLV1-A0270,software,confidencial,media,digital,interrupción del servicio,equipos obsoletos,5,3,transferir,2025-06-13,0
f4c0c6a2-9bbd-42d8-ab2b-134bec740b9f,MLV1-R00528,MLV1-A0999,hardware,interno,media,físico,incendio,almacenamiento inadecuado,1,3,aceptar,2025-06-14,0
a8a69b8e-8ef1-4957-92a0-756df9a12df6,MLV1-R01196,MLV1-A0169,hardware,interno,alta,físico,inundación,ausencia de políticas,2,4,mitigar,2025-06-14,0
b0039971-7249-418d-aac4-8bb09eeeacf0,MLV1-R01377,MLV1-A0253,información,confidencial,media,digital,pérdida de información,configuración incorrecta,1,2,aceptar,2025-06-14,0
baa6b089-eb98-41bc-a67e-f844f106a0a0,MLV1-R02491,MLV1-A0433,información,interno,media,digital,ransomware,antivirus desactualizado,3,3,mitigar,2025-06-14,0
0c6b8441-b43c-4139-a886-759c8bf6ce8a,MLV1-R03645,MLV1-A0433,información,interno,media,digital,pérdida de información,ausencia de respaldos,4,1,mitigar,2025-06-14,0
4df9d986-2e3a-4a90-af8c-922e002de8eb,MLV1-R03653,MLV1-A0253,información,confidencial,media,digital,malware,antivirus desactualizado,2,3,transferir,2025-06-14,0
b94b7713-03fb-4897-af06-b5b3db17ad1d,MLV1-R03825,MLV1-A0433,información,interno,media,digital,acceso no autorizado,ausencia de políticas,2,3,transferir,2025-06-14,0
76ed728a-7a42-431b-aa04-739b380b1e35,MLV1-R04632,MLV1-A0869,servicios ti,interno,alta,digital,ransomware,configuración incorrecta,2,3,mitigar,2025-06-14,0
5b8be1db-49b8-4fd9-a786-9c3b75c98af1,MLV1-R06078,MLV1-A0528,software,confidencial,critica,digital,malware,configuración incorrecta,2,5,mitigar,2025-06-14,0
28943d4d-d990-4163-8ee3-63d41d68d3b9,MLV1-R07858,MLV1-A0349,redes y comunicaciones,restringido,media,físico,falla eléctrica,equipos obsoletos,1,3,aceptar,2025-06-14,0
06ec70fd-3321-4e81-a50b-6fc145bc7374,MLV1-R09674,MLV1-A0433,información,interno,media,digital,malware,configuración incorrecta,2,3,mitigar,2025-06-14,0
9f7505eb-f93e-4803-84a5-5a95bcae8bf2,MLV1-R09968,MLV1-A0253,información,confidencial,media,digital,pérdida de información,ausencia de respaldos,4,2,mitigar,2025-06-14,0
a0e3d930-7937-404f-a1d5-4d1fa1bedbda,MLV1-R00255,MLV1-A0601,servicios ti,confidencial,alta,digital,interrupción del servicio,configuración incorrecta,2,4,mitigar,2025-06-15,0
d7f6e188-e15a-4957-8d58-e5d0250647da,MLV1-R01141,MLV1-A0782,servicios ti,interno,alta,digital,acceso no autorizado,contraseñas débiles,3,3,transferir,2025-06-15,0
80d75217-fa6a-4967-ae39-9b6f29d697a5,MLV1-R04071,MLV1-A0980,hardware,interno,alta,físico,robo,ausencia de políticas,3,4,mitigar,2025-06-15,0
dfba1a93-77ed-4a15-8369-ed88d806da9c,MLV1-R05388,MLV1-A0706,documentación,publico,critica,físico,incendio,ausencia de políticas,1,5,aceptar,2025-06-15,0
e2635572-b019-446e-8dbb-c9ece33086e5,MLV1-R06144,MLV1-A0782,servicios ti,interno,alta,digital,acceso no autorizado,contraseñas débiles,4,4,mitigar,2025-06-15,0
66ef8ce7-b1c4-46a0-9bc2-76d1c2f0580e,MLV1-R08050,MLV1-A0842,software,interno,alta,digital,pérdida de información,ausencia de respaldos,4,5,mitigar,2025-06-15,0
3b7653ee-ffdb-4027-9ac7-dff1c1be7a94,MLV1-R00220,MLV1-A0662,otros,publico,critica,físico,daño físico,almacenamiento inadecuado,3,4,transferir,2025-06-16,1
5f94acca-0f8e-454b-82be-e334c7911ed3,MLV1-R00294,MLV1-A0411,documentación,publico,alta,digital,incendio,almacenamiento inadecuado,2,2,aceptar,2025-06-16,0
c905b519-d1fe-4bd2-8c73-ba3a5e345eb6,MLV1-R00413,MLV1-A0534,hardware,interno,alta,físico,robo,falta de controles de acceso,2,3,aceptar,2025-06-16,0
7c0ae5e6-0b95-4f3f-b416-68bf5180ba30,MLV1-R00742,MLV1-A0411,documentación,publico,alta,digital,pérdida de información,ausencia de respaldos,3,5,mitigar,2025-06-16,0
add18a22-5ef8-4f7f-ab17-929511b9c9af,MLV1-R00840,MLV1-A0662,otros,publico,critica,físico,acceso no autorizado,contraseñas débiles,2,3,mitigar,2025-06-16,1
a64a4be6-516b-4f88-b74c-f443cbb07543,MLV1-R01515,MLV1-A0198,software,interno,critica,digital,interrupción del servicio,equipos obsoletos,3,5,mitigar,2025-06-16,1
a5fe955c-fdf0-40fb-8306-3c1df8b1a3c9,MLV1-R01748,MLV1-A0664,servicios ti,interno,media,digital,acceso no autorizado,contraseñas débiles,2,1,aceptar,2025-06-16,0
315f5f0f-9f09-48d7-b860-0316f8c996f6,MLV1-R01781,MLV1-A0662,otros,publico,critica,físico,error humano,configuración incorrecta,3,5,mitigar,2025-06-16,0
7a770087-d585-4a72-9862-b0d996c1d531,MLV1-R02235,MLV1-A0198,software,interno,critica,digital,ransomware,falta de capacitación,3,5,mitigar,2025-06-16,1
62bed51b-8424-4656-a2e0-c895acea9994,MLV1-R02595,MLV1-A0198,software,interno,critica,digital,acceso no autorizado,contraseñas débiles,5,5,evitar,2025-06-16,0
0e5d7809-ad1c-48f5-865c-b31481baf9fd,MLV1-R04502,MLV1-A0385,software,interno,alta,digital,malware,antivirus desactualizado,2,3,mitigar,2025-06-16,0
bb88ede3-d258-42bd-85a3-55149115eaac,MLV1-R05461,MLV1-A0358,hardware,interno,baja,físico,robo,falta de controles de acceso,4,1,aceptar,2025-06-16,1
e44091f1-aa9a-4e74-bcaa-1f9bb54ee1c2,MLV1-R05866,MLV1-A0411,documentación,publico,alta,digital,daño físico,equipos obsoletos,2,4,transferir,2025-06-16,0
3a8b78cd-ec20-4f42-9ae7-2b7f4c25559a,MLV1-R05956,MLV1-A0198,software,interno,critica,digital,pérdida de información,ausencia de respaldos,4,5,mitigar,2025-06-16,0
ad7acc63-dafc-4b9f-a306-17efe1807509,MLV1-R06212,MLV1-A0198,software,interno,critica,digital,acceso no autorizado,contraseñas débiles,4,5,mitigar,2025-06-16,0
e7224a39-6566-4073-8c90-3294c329edae,MLV1-R07696,MLV1-A0411,documentación,publico,alta,digital,pérdida de información,ausencia de respaldos,4,3,mitigar,2025-06-16,0
36349036-db37-405c-b312-406f8b854a8f,MLV1-R07866,MLV1-A0411,documentación,publico,alta,digital,pérdida de información,ausencia de respaldos,5,4,mitigar,2025-06-16,0
9585abf7-9e25-4c3b-aa97-43f0a002ae69,MLV1-R08037,MLV1-A0198,software,interno,critica,digital,acceso no autorizado,contraseñas débiles,3,5,mitigar,2025-06-16,0
60a40980-1c1e-4bd2-9355-1fd97bf7bcc7,MLV1-R08381,MLV1-A0419,hardware,interno,media,físico,daño físico,sin mantenimiento,4,3,mitigar,2025-06-16,1
835e55e0-15b9-4753-8722-eb6cc04e390f,MLV1-R08737,MLV1-A0830,redes y comunicaciones,restringido,media,físico,acceso no autorizado,contraseñas débiles,3,3,mitigar,2025-06-16,0
078b5793-c1d5-4d30-bef1-5a6088f5636e,MLV1-R09361,MLV1-A0198,software,interno,critica,digital,acceso no autorizado,ausencia de políticas,2,4,mitigar,2025-06-16,0
a6eb3434-3a10-427e-98a6-6ee65fb45b69,MLV1-R00017,MLV1-A0689,información,interno,alta,digital,acceso no autorizado,ausencia de políticas,3,5,transferir,2025-06-17,0
7b6e7964-2654-4421-b29b-ea80961d985b,MLV1-R00234,MLV1-A0370,redes y comunicaciones,interno,media,físico,interrupción del servicio,configuración incorrecta,3,3,mitigar,2025-06-17,0
0ccb1bc6-0ba5-4991-aa84-a63fd297fa82,MLV1-R01173,MLV1-A0037,documentación,confidencial,alta,físico,robo,falta de controles de acceso,5,3,mitigar,2025-06-17,0
07e6b224-eca6-42d0-8f93-682f8774dfe2,MLV1-R01545,MLV1-A0370,redes y comunicaciones,interno,media,físico,interrupción del servicio,equipos obsoletos,4,3,evitar,2025-06-17,0
1444d617-4c85-4524-9267-505f65441235,MLV1-R01561,MLV1-A0256,información,interno,baja,digital,pérdida de información,configuración incorrecta,3,1,aceptar,2025-06-17,0
46665c5b-be6c-4d4c-b121-047e40ff5718,MLV1-R04200,MLV1-A0605,documentación,interno,alta,físico,error humano,falta de capacitación,3,5,mitigar,2025-06-17,0
85226cd8-e35c-4d90-ba6e-0c56762678df,MLV1-R04472,MLV1-A0495,servicios ti,interno,media,digital,pérdida de información,configuración incorrecta,3,4,transferir,2025-06-17,0
23d19376-a885-49e0-9f43-695dfc3ba4d0,MLV1-R04547,MLV1-A0605,documentación,interno,alta,físico,robo,falta de controles de acceso,2,3,aceptar,2025-06-17,0
23c36abb-6b05-4401-b58f-6f86f123628a,MLV1-R06272,MLV1-A0909,documentación,interno,media,digital,inundación,almacenamiento inadecuado,4,3,transferir,2025-06-17,0
6dfe0476-fb34-4aa7-a4ba-6ca43b39d505,MLV1-R09962,MLV1-A0370,redes y comunicaciones,interno,media,físico,acceso no autorizado,contraseñas débiles,4,2,mitigar,2025-06-17,0
28f80118-0794-44a5-a839-328dfce4ac78,MLV1-R02158,MLV1-A0829,servicios ti,confidencial,media,digital,malware,falta de capacitación,1,4,aceptar,2025-06-18,0
0d1e9b7a-9d50-4746-9f8f-b5b5025e3d71,MLV1-R02364,MLV1-A0586,hardware,confidencial,critica,físico,daño físico,sin mantenimiento,4,3,mitigar,2025-06-18,0
2909bcde-bbaf-4cfc-91bc-045ea59e8052,MLV1-R02817,MLV1-A0586,hardware,confidencial,critica,físico,falla eléctrica,equipos obsoletos,4,4,mitigar,2025-06-18,0
5b824a5a-00b3-43b6-8793-4465581127d2,MLV1-R03019,MLV1-A0782,servicios ti,interno,alta,digital,ransomware,falta de capacitación,2,2,aceptar,2025-06-18,0
d0ff0d31-32e0-4738-b3b3-869ce1d476a0,MLV1-R04357,MLV1-A0586,hardware,confidencial,critica,físico,error humano,configuración incorrecta,3,3,mitigar,2025-06-18,0
fbcd232c-4899-4a36-985a-709df43a5cc6,MLV1-R05231,MLV1-A0338,información,interno,media,digital,divulgación de información,falta de controles de acceso,3,3,aceptar,2025-06-18,0
70e0e91b-2b84-4f9c-ae2d-c702be690cd7,MLV1-R05841,MLV1-A0586,hardware,confidencial,critica,físico,error humano,configuración incorrecta,4,4,mitigar,2025-06-18,1
8f5c7717-7309-4bd5-8d38-88e72e49dd04,MLV1-R00574,MLV1-A0746,software,interno,media,digital,pérdida de información,configuración incorrecta,2,3,mitigar,2025-06-19,0
6553e8e3-b094-432e-8c73-7f41cb6ebf81,MLV1-R01292,MLV1-A0820,software,interno,critica,digital,pérdida de información,ausencia de respaldos,3,4,mitigar,2025-06-19,0
f41a4593-186c-4003-a3ba-9bd066b81df5,MLV1-R04949,MLV1-A0082,servicios ti,interno,critica,digital,malware,configuración incorrecta,4,3,evitar,2025-06-19,1
1d62e75e-0253-4f64-b744-f8145106a4c6,MLV1-R06313,MLV1-A0070,información,confidencial,media,digital,acceso no autorizado,contraseñas débiles,5,4,mitigar,2025-06-19,1
5860d902-3c2a-4b9d-a37f-a5425bd4ce1c,MLV1-R06982,MLV1-A0070,información,confidencial,media,digital,pérdida de información,almacenamiento inadecuado,3,4,evitar,2025-06-19,0
e99bb38b-266b-4cee-b88a-f3627867cfe5,MLV1-R07068,MLV1-A0573,hardware,interno,alta,físico,malware,configuración incorrecta,3,5,mitigar,2025-06-19,0
5fb7bb53-4583-45e7-b1e8-3e3f327d3350,MLV1-R07133,MLV1-A0573,hardware,interno,alta,físico,daño físico,sin mantenimiento,4,4,mitigar,2025-06-19,0
ef8ea1c0-8e1b-4053-b7e7-7b6a24767e6b,MLV1-R07853,MLV1-A0573,hardware,interno,alta,físico,malware,configuración incorrecta,2,4,mitigar,2025-06-19,0
99d12d01-892e-4487-b5b6-e7c5e1df255e,MLV1-R08190,MLV1-A0573,hardware,interno,alta,físico,acceso no autorizado,falta de controles de acceso,3,5,transferir,2025-06-19,0
92b74ad4-ff4e-4e6e-a4b4-f10276af6c5f,MLV1-R08515,MLV1-A0573,hardware,interno,alta,físico,falla eléctrica,sin mantenimiento,2,5,mitigar,2025-06-19,0
a9e630e7-c812-4738-84ec-c96afbb16bfe,MLV1-R09992,MLV1-A0573,hardware,interno,alta,físico,falla eléctrica,equipos obsoletos,4,5,transferir,2025-06-19,0
f0a3eef5-ebe0-4d36-9767-e4fced510d5a,MLV1-R00205,MLV1-A0242,documentación,publico,alta,digital,robo,ausencia de políticas,4,5,mitigar,2025-06-20,0
3629c38f-f63c-4b45-bbe1-dbb5262e35ba,MLV1-R00569,MLV1-A0660,hardware,restringido,media,físico,acceso no autorizado,contraseñas débiles,3,2,mitigar,2025-06-20,0
66c42757-5c15-4911-b0ab-58379ff1badf,MLV1-R02104,MLV1-A0526,hardware,restringido,alta,físico,acceso no autorizado,contraseñas débiles,4,4,mitigar,2025-06-20,0
5e364376-52e7-4ee7-a7d3-5fdf486bfe20,MLV1-R02683,MLV1-A0660,hardware,restringido,media,físico,acceso no autorizado,falta de controles de acceso,5,3,mitigar,2025-06-20,0
001e1ac4-8ea7-4483-925f-4767f7b24e43,MLV1-R03058,MLV1-A0218,información,interno,media,digital,acceso no autorizado,contraseñas débiles,4,3,mitigar,2025-06-20,0
c082735e-d853-4c15-bf4f-66252982719d,MLV1-R04569,MLV1-A0660,hardware,restringido,media,físico,malware,configuración incorrecta,2,2,aceptar,2025-06-20,0
d7e1d95d-16af-496c-96f3-d44cab651b81,MLV1-R06485,MLV1-A0201,servicios ti,interno,critica,digital,pérdida de información,ausencia de respaldos,4,4,mitigar,2025-06-20,1
eb2bba15-f01e-41ed-b89c-1e5212884994,MLV1-R07008,MLV1-A0660,hardware,restringido,media,físico,error humano,configuración incorrecta,2,3,mitigar,2025-06-20,0
de64197c-a4b9-49cb-b9b4-1a3327790d13,MLV1-R00151,MLV1-A0534,hardware,interno,alta,físico,falla eléctrica,sin mantenimiento,3,4,evitar,2025-06-21,0
cb4bb56b-971e-436a-9a13-4ba335029fac,MLV1-R00940,MLV1-A0737,hardware,interno,alta,físico,malware,configuración incorrecta,3,4,transferir,2025-06-21,0
39ea26f8-bb49-4a48-b3c8-83d3d095a29b,MLV1-R01407,MLV1-A0406,hardware,interno,alta,físico,daño físico,equipos obsoletos,3,4,mitigar,2025-06-21,0
43889189-3a4e-4796-b544-5352c305606d,MLV1-R03370,MLV1-A0851,documentación,publico,critica,digital,incendio,almacenamiento inadecuado,3,5,transferir,2025-06-21,0
30b6b53f-0684-486a-946f-e8c532f73407,MLV1-R03602,MLV1-A0737,hardware,interno,alta,físico,daño físico,almacenamiento inadecuado,3,3,aceptar,2025-06-21,0
465f634e-4372-4d14-99bf-9e60e07f6526,MLV1-R04910,MLV1-A0737,hardware,interno,alta,físico,falla eléctrica,equipos obsoletos,3,4,mitigar,2025-06-21,0
e948f7aa-4e63-44fd-866b-1bb67d101984,MLV1-R05391,MLV1-A0160,hardware,interno,critica,físico,incendio,ausencia de políticas,4,5,mitigar,2025-06-21,0
2ac8bf3e-d2ff-4054-afcd-fc65b230f8cd,MLV1-R07710,MLV1-A0737,hardware,interno,alta,físico,falla eléctrica,sin mantenimiento,3,4,mitigar,2025-06-21,0
9a397f8f-ecd8-4378-bc0c-58f8449231d5,MLV1-R08166,MLV1-A0737,hardware,interno,alta,físico,error humano,ausencia de políticas,1,3,aceptar,2025-06-21,0
43595de2-e805-4751-89bb-16b1023bacbc,MLV1-R09064,MLV1-A0737,hardware,interno,alta,físico,daño físico,sin mantenimiento,3,2,mitigar,2025-06-21,0
73ee086e-9b2d-467c-a6ac-9bb7a46860e9,MLV1-R09874,MLV1-A0849,software,interno,media,digital,ransomware,ausencia de respaldos,4,3,mitigar,2025-06-21,0
e2aaaee5-4721-4719-81ff-cb0d66628a11,MLV1-R03143,MLV1-A0021,otros,publico,media,físico,error humano,falta de capacitación,1,3,aceptar,2025-06-22,0
232c3662-4eec-458a-a526-facfab6ba9cc,MLV1-R03255,MLV1-A0388,documentación,restringido,alta,digital,pérdida de información,ausencia de respaldos,4,4,mitigar,2025-06-22,0
8bf97d08-0d5f-41bc-8397-4eee0b7d2432,MLV1-R03379,MLV1-A0388,documentación,restringido,alta,digital,divulgación de información,contraseñas débiles,3,4,mitigar,2025-06-22,1
49051b2b-d4dc-46ef-98fc-3bf08c802cb2,MLV1-R03587,MLV1-A0211,documentación,confidencial,alta,físico,daño físico,sin mantenimiento,4,3,transferir,2025-06-22,0
0dbee955-eba2-482d-abc0-8761aa8136a2,MLV1-R03997,MLV1-A0388,documentación,restringido,alta,digital,incendio,almacenamiento inadecuado,3,4,mitigar,2025-06-22,0
cc6391b1-f27a-4148-88ad-457e61c66c67,MLV1-R05404,MLV1-A0195,software,publico,baja,digital,pérdida de información,configuración incorrecta,2,3,mitigar,2025-06-22,0
d6b044d8-35db-481c-9994-7308b7e7c4d1,MLV1-R08905,MLV1-A0539,hardware,publico,media,físico,robo,ausencia de políticas,2,3,mitigar,2025-06-22,0
b930ad8f-580a-401b-b35e-385258f5fe9c,MLV1-R00641,MLV1-A0527,hardware,interno,media,físico,acceso no autorizado,falta de controles de acceso,3,3,mitigar,2025-06-23,0
be4aeb0b-1dbc-49a6-9ee7-ecb20538d8e4,MLV1-R02055,MLV1-A0586,hardware,confidencial,critica,físico,error humano,ausencia de políticas,3,4,mitigar,2025-06-23,0
ac269887-d20f-4f12-9712-a1f44ec3c70f,MLV1-R02895,MLV1-A0446,hardware,confidencial,alta,físico,falla eléctrica,equipos obsoletos,3,4,evitar,2025-06-23,0
a34eb51b-37fc-4afe-a2b5-026a7a1166b1,MLV1-R03230,MLV1-A0211,documentación,confidencial,alta,físico,daño físico,sin mantenimiento,4,4,mitigar,2025-06-23,0
6ed7baf2-107b-4379-b718-e6ce292ea5a1,MLV1-R04245,MLV1-A0015,servicios ti,restringido,alta,digital,error humano,falta de capacitación,3,3,aceptar,2025-06-23,0
a47dda86-40c5-4505-8efb-beb6ede17182,MLV1-R05761,MLV1-A0241,información,interno,media,digital,malware,configuración incorrecta,5,5,mitigar,2025-06-23,1
8d3681b6-6f6b-4bb9-9a4f-dad100c6b11f,MLV1-R05910,MLV1-A0163,software,confidencial,alta,digital,pérdida de información,configuración incorrecta,3,4,mitigar,2025-06-23,0
83677247-9d5e-43ce-ab29-66468a2c7c36,MLV1-R06038,MLV1-A0501,hardware,interno,alta,físico,malware,antivirus desactualizado,4,3,mitigar,2025-06-23,1
8613ee49-80ee-4d9b-84ed-3bc38f4785a6,MLV1-R08815,MLV1-A0100,redes y comunicaciones,interno,media,físico,interrupción del servicio,equipos obsoletos,4,4,mitigar,2025-06-23,1
5e980240-b9c2-4fa2-a334-b7abc451d589,MLV1-R09952,MLV1-A0650,hardware,restringido,media,físico,robo,falta de controles de acceso,3,3,aceptar,2025-06-23,0
322eaeab-b853-4082-b02d-acfebe20a8fc,MLV1-R00035,MLV1-A0162,hardware,interno,media,físico,daño físico,sin mantenimiento,4,3,transferir,2025-06-24,0
d146ffd6-0c79-4ac0-89e6-cfe4a3638f54,MLV1-R00703,MLV1-A0017,información,interno,media,digital,malware,falta de capacitación,3,1,aceptar,2025-06-24,0
427191f6-2d50-4585-89f4-77932351d180,MLV1-R01542,MLV1-A0162,hardware,interno,media,físico,daño físico,equipos obsoletos,3,3,mitigar,2025-06-24,0
1c8afddb-9667-4eb1-9e26-bd7caef184bd,MLV1-R05595,MLV1-A0162,hardware,interno,media,físico,robo,ausencia de políticas,2,3,mitigar,2025-06-24,0
223dca70-b260-4489-9988-61bd1021f467,MLV1-R06350,MLV1-A0162,hardware,interno,media,físico,robo,falta de controles de acceso,3,4,transferir,2025-06-24,0
f2c0626d-8a29-4388-bfd4-4633bd4982c4,MLV1-R09699,MLV1-A0330,software,interno,media,digital,pérdida de información,ausencia de respaldos,3,2,transferir,2025-06-24,0
a263bd0d-1cbf-4779-8112-15e4038a5a2d,MLV1-R05124,MLV1-A0466,hardware,interno,media,físico,daño físico,almacenamiento inadecuado,2,3,transferir,2025-06-25,0
2ad8d92d-c7e3-4d4f-bf8d-fe2ad6e0e196,MLV1-R06353,MLV1-A0993,software,interno,media,digital,acceso no autorizado,ausencia de políticas,1,4,aceptar,2025-06-25,0
cee03bcd-51fd-4b84-9b2c-0b72737b0e1b,MLV1-R06962,MLV1-A0213,software,confidencial,baja,digital,acceso no autorizado,contraseñas débiles,3,1,aceptar,2025-06-25,0
2fbc87b9-ee8b-48ab-8173-83a72dd6b40f,MLV1-R07477,MLV1-A0371,hardware,interno,media,físico,robo,ausencia de políticas,3,1,aceptar,2025-06-25,0
f5fc91b3-1b2c-438a-ae7d-42a1bba75d25,MLV1-R09110,MLV1-A0268,otros,interno,alta,físico,pérdida de información,ausencia de respaldos,5,4,mitigar,2025-06-25,0
0e2095db-76a0-408e-b4bf-da51e59d58cf,MLV1-R00282,MLV1-A0580,servicios ti,publico,critica,digital,acceso no autorizado,ausencia de políticas,4,4,mitigar,2025-06-26,1
ad4ed36e-36c2-45ba-937e-39c835e986c6,MLV1-R00943,MLV1-A0472,redes y comunicaciones,interno,media,físico,error humano,ausencia de políticas,5,1,aceptar,2025-06-26,0
18124eb6-1e1c-4ef2-9e38-bf60604397f4,MLV1-R01805,MLV1-A0867,hardware,interno,media,físico,daño físico,equipos obsoletos,2,2,aceptar,2025-06-26,0
f8590252-39b9-4749-95a5-b24b8fbacd2d,MLV1-R02663,MLV1-A0033,información,confidencial,media,digital,error humano,configuración incorrecta,2,3,transferir,2025-06-26,0
716be1e8-d932-4d7f-8710-c6b16cb3d075,MLV1-R04175,MLV1-A0618,servicios ti,restringido,media,digital,error humano,falta de capacitación,5,5,mitigar,2025-06-26,0
64ba2db9-09ed-4297-8ea0-2af64a8da431,MLV1-R07672,MLV1-A0616,servicios ti,restringido,critica,digital,error humano,configuración incorrecta,3,3,mitigar,2025-06-26,0
ae499131-3a9f-48e8-993c-6c2c63c28af1,MLV1-R07773,MLV1-A0820,software,interno,critica,digital,malware,antivirus desactualizado,4,4,mitigar,2025-06-26,0
540d482a-ccdf-4912-8e18-401dea24825e,MLV1-R08497,MLV1-A0228,software,restringido,media,digital,ransomware,antivirus desactualizado,3,2,mitigar,2025-06-26,0
b7fa258e-172f-4354-b2f5-131cf17e6072,MLV1-R00277,MLV1-A0714,información,interno,alta,digital,acceso no autorizado,falta de controles de acceso,5,3,mitigar,2025-06-27,0
8c57c6a2-ef52-4d7a-af5d-96b529e837db,MLV1-R00825,MLV1-A0791,servicios ti,interno,media,digital,malware,falta de capacitación,3,3,mitigar,2025-06-27,0
5a28d3b8-c35b-4ee2-8f7b-8bc9a7a691a1,MLV1-R00843,MLV1-A0714,información,interno,alta,digital,acceso no autorizado,falta de controles de acceso,3,3,aceptar,2025-06-27,0
352c9d2e-a242-425f-b304-ef00308bbbdc,MLV1-R01165,MLV1-A0452,hardware,interno,critica,físico,malware,antivirus desactualizado,3,5,mitigar,2025-06-27,0
3c824ae4-deb5-4c18-8a15-76fb5c9aaaf3,MLV1-R02098,MLV1-A0714,información,interno,alta,digital,acceso no autorizado,contraseñas débiles,4,5,mitigar,2025-06-27,0
39dc0245-1188-42a2-9bc4-a34aec4e167a,MLV1-R02753,MLV1-A0714,información,interno,alta,digital,acceso no autorizado,contraseñas débiles,3,3,aceptar,2025-06-27,0
b83f282a-2032-4b47-a14e-70b606d62686,MLV1-R03524,MLV1-A0826,otros,publico,media,físico,interrupción del servicio,sin mantenimiento,3,3,mitigar,2025-06-27,0
0a1ace91-473b-47ed-b30f-730cd2f2f027,MLV1-R04177,MLV1-A0791,servicios ti,interno,media,digital,malware,configuración incorrecta,1,3,mitigar,2025-06-27,0
abcf4983-0611-4156-b4a2-5e4143e11c8f,MLV1-R04465,MLV1-A0791,servicios ti,interno,media,digital,interrupción del servicio,sin mantenimiento,2,2,mitigar,2025-06-27,0
a53188d3-b7db-42bb-a523-1668f09a790c,MLV1-R05039,MLV1-A0123,documentación,interno,media,físico,divulgación de información,falta de controles de acceso,4,4,mitigar,2025-06-27,0
a6bc3351-4290-4f4f-a9c2-71d3418f1670,MLV1-R06283,MLV1-A0791,servicios ti,interno,media,digital,ransomware,ausencia de respaldos,5,3,mitigar,2025-06-27,0
1c0b5826-26b6-4da5-ad93-75fa01e362cd,MLV1-R06521,MLV1-A0447,hardware,interno,alta,físico,falla eléctrica,equipos obsoletos,4,2,mitigar,2025-06-27,0
bbe8dddf-651e-4a58-b2c2-071d739b9dfc,MLV1-R07585,MLV1-A0826,otros,publico,media,físico,pérdida de información,ausencia de respaldos,4,3,evitar,2025-06-27,0
51b3f961-d88b-4140-aca5-514fda00bec3,MLV1-R08758,MLV1-A0258,software,interno,critica,digital,ransomware,antivirus desactualizado,4,4,mitigar,2025-06-27,0
1fa777c6-f885-40e2-93c8-ea2e896605cc,MLV1-R00678,MLV1-A0691,software,confidencial,media,digital,pérdida de información,almacenamiento inadecuado,2,3,transferir,2025-06-28,0
c1e69162-bd55-4f26-a9be-c19a6a536a0e,MLV1-R00929,MLV1-A0984,redes y comunicaciones,interno,alta,físico,error humano,falta de capacitación,2,3,mitigar,2025-06-28,0
1f07c1ea-365d-41ac-beaa-bbb219ac6140,MLV1-R01836,MLV1-A0445,servicios ti,interno,alta,digital,pérdida de información,almacenamiento inadecuado,1,5,aceptar,2025-06-28,0
9a8cebf7-519f-4b4e-9b90-3f2b0419cf24,MLV1-R01947,MLV1-A0691,software,confidencial,media,digital,malware,antivirus desactualizado,4,3,mitigar,2025-06-28,1
ba6cbc46-a816-4757-81c5-b4bf4c820ee3,MLV1-R02786,MLV1-A0691,software,confidencial,media,digital,error humano,falta de capacitación,5,1,aceptar,2025-06-28,1
a4bb4d25-e137-4681-8d9d-7346e68fa52d,MLV1-R04179,MLV1-A0694,hardware,interno,media,físico,error humano,falta de capacitación,4,1,aceptar,2025-06-28,0
d2b5a9e8-f4a4-4530-880f-331b857ff9be,MLV1-R06165,MLV1-A0426,servicios ti,publico,alta,digital,pérdida de información,configuración incorrecta,2,5,mitigar,2025-06-28,0
9225556c-0617-4c4d-ab54-57cb9477f073,MLV1-R07103,MLV1-A0691,software,confidencial,media,digital,acceso no autorizado,ausencia de políticas,1,3,aceptar,2025-06-28,0
6415a92a-55a4-41a2-9c03-aa72ef73a079,MLV1-R08617,MLV1-A0691,software,confidencial,media,digital,interrupción del servicio,configuración incorrecta,3,3,mitigar,2025-06-28,0
2bb62b8b-2265-484f-817d-18dbbed16bf0,MLV1-R08729,MLV1-A0562,software,interno,media,digital,error humano,falta de capacitación,3,2,mitigar,2025-06-28,0
82a0f2d5-9928-4cb1-b7c6-03780c1a4d1b,MLV1-R09477,MLV1-A0960,información,interno,media,digital,malware,antivirus desactualizado,2,1,aceptar,2025-06-28,0
65ed4aa5-5d28-4a00-9420-6e0cf4adf18c,MLV1-R02292,MLV1-A0453,información,interno,baja,digital,acceso no autorizado,ausencia de políticas,3,4,evitar,2025-06-29,0
d13306fa-8df4-4143-a1d8-6ed34285da11,MLV1-R03917,MLV1-A0785,hardware,interno,media,físico,acceso no autorizado,contraseñas débiles,3,4,mitigar,2025-06-29,0
0d8f5eba-1cc0-40d9-9fc3-2e0df05b87ea,MLV1-R06927,MLV1-A0785,hardware,interno,media,físico,acceso no autorizado,falta de controles de acceso,3,3,mitigar,2025-06-29,0
092862d8-0a88-4cb3-86cc-1fdf09a690a8,MLV1-R07576,MLV1-A0035,información,confidencial,critica,digital,ransomware,ausencia de respaldos,4,5,mitigar,2025-06-29,0
629f5e69-d8bb-4fee-96a7-d2ad9de7c15f,MLV1-R07909,MLV1-A0644,hardware,interno,critica,físico,falla eléctrica,equipos obsoletos,2,5,aceptar,2025-06-29,0
86a4a1e7-9945-44d0-9f26-9892cb130db2,MLV1-R08006,MLV1-A0580,servicios ti,publico,critica,digital,acceso no autorizado,ausencia de políticas,3,5,mitigar,2025-06-29,0
97502642-be81-4584-a45d-2b16200258b4,MLV1-R08181,MLV1-A0785,hardware,interno,media,físico,robo,falta de controles de acceso,5,2,aceptar,2025-06-29,0
b82406e0-9948-4476-97b4-a4bf732b286d,MLV1-R09731,MLV1-A0690,hardware,confidencial,media,físico,falla eléctrica,equipos obsoletos,3,4,mitigar,2025-06-29,0
5b9d76a9-87a5-4d38-9374-cdc692ab2b48,MLV1-R00535,MLV1-A0169,hardware,interno,alta,físico,inundación,ausencia de políticas,2,4,aceptar,2025-07-01,0
53c6a3ef-1b99-4a6c-9684-31f4f271e5a7,MLV1-R01263,MLV1-A0649,software,interno,alta,digital,interrupción del servicio,equipos obsoletos,2,4,mitigar,2025-07-01,0
0354f3c8-36ce-48bd-9d0f-86462df5297a,MLV1-R02415,MLV1-A0756,software,publico,media,digital,error humano,falta de capacitación,5,2,mitigar,2025-07-01,0
8b3a0447-1ffe-4bf7-b0c9-812cf5235a2f,MLV1-R03959,MLV1-A0891,otros,interno,media,físico,pérdida de información,ausencia de respaldos,3,1,aceptar,2025-07-01,0
e605b79c-86da-4818-ae5f-3a755fd53a52,MLV1-R04738,MLV1-A0052,redes y comunicaciones,restringido,media,físico,acceso no autorizado,contraseñas débiles,3,3,mitigar,2025-07-01,0
17edf542-18aa-4647-b558-0daadb18e065,MLV1-R04943,MLV1-A0756,software,publico,media,digital,interrupción del servicio,sin mantenimiento,3,1,aceptar,2025-07-01,0
913781f4-b8f0-4a87-8c62-3306b399930e,MLV1-R09076,MLV1-A0605,documentación,interno,alta,físico,incendio,almacenamiento inadecuado,3,4,mitigar,2025-07-01,0
f6c7a1fb-ba52-4def-a804-c9f904b97562,MLV1-R09108,MLV1-A0891,otros,interno,media,físico,acceso no autorizado,contraseñas débiles,2,3,aceptar,2025-07-01,0
bb0ec58d-0e14-4458-80bb-ef5cc7de1aaa,MLV1-R02171,MLV1-A0660,hardware,restringido,media,físico,robo,falta de controles de acceso,4,3,mitigar,2025-07-02,1
94624991-7849-477d-91b3-6fd96dd0b90e,MLV1-R03447,MLV1-A0833,software,interno,media,digital,acceso no autorizado,ausencia de políticas,3,3,mitigar,2025-07-02,0
acaec794-990c-41ce-b3eb-ec3a2b1a2ffa,MLV1-R04076,MLV1-A0183,redes y comunicaciones,interno,alta,físico,acceso no autorizado,contraseñas débiles,4,5,mitigar,2025-07-02,0
c41ddb13-6732-43ad-a440-54d38b4fe314,MLV1-R06550,MLV1-A0783,hardware,interno,media,físico,robo,ausencia de políticas,3,5,mitigar,2025-07-02,0
d99530a5-af44-4ff9-931c-3854375d8a5a,MLV1-R07142,MLV1-A0260,hardware,interno,media,físico,daño físico,almacenamiento inadecuado,4,3,transferir,2025-07-02,0
363d9388-d4ab-41b4-b1c4-00939eb58ede,MLV1-R08646,MLV1-A0648,software,confidencial,baja,digital,pérdida de información,ausencia de respaldos,3,2,transferir,2025-07-02,0
1bd9ccd5-5722-44fa-957b-6b2e05d7b131,MLV1-R00658,MLV1-A0619,información,confidencial,alta,digital,pérdida de información,almacenamiento inadecuado,5,4,mitigar,2025-07-03,0
aa2a379b-37c2-499e-8491-bb01210393ef,MLV1-R00975,MLV1-A0186,información,interno,alta,digital,error humano,falta de capacitación,3,3,mitigar,2025-07-03,0
cb9d9f45-5636-416a-a8a3-22fa21599174,MLV1-R01480,MLV1-A0220,hardware,restringido,critica,físico,malware,configuración incorrecta,3,5,evitar,2025-07-03,0
2814a007-6f05-44bf-a6ab-5fcddb01ae58,MLV1-R01917,MLV1-A0374,hardware,interno,alta,físico,robo,falta de controles de acceso,2,5,aceptar,2025-07-03,0
571a25dd-cf43-49b4-882b-9b0762ef8c75,MLV1-R03159,MLV1-A0374,hardware,interno,alta,físico,daño físico,sin mantenimiento,3,5,mitigar,2025-07-03,0
9ac478a1-53af-4827-9a02-cef44609184b,MLV1-R03583,MLV1-A0220,hardware,restringido,critica,físico,daño físico,sin mantenimiento,3,4,transferir,2025-07-03,0
3d57998b-7689-4ef4-9cbf-02fb3c266214,MLV1-R04531,MLV1-A0728,información,interno,media,digital,acceso no autorizado,contraseñas débiles,5,3,mitigar,2025-07-03,1
7786ce5e-a14a-450c-bc99-ba70665b68f2,MLV1-R05061,MLV1-A0707,redes y comunicaciones,restringido,media,físico,acceso no autorizado,contraseñas débiles,4,3,transferir,2025-07-03,0
fec22350-5205-44b5-9816-1933693d7b8f,MLV1-R05649,MLV1-A0374,hardware,interno,alta,físico,robo,ausencia de políticas,2,4,aceptar,2025-07-03,0
ca4ac522-7d25-4cd6-8277-971a0f5d54a0,MLV1-R06210,MLV1-A0374,hardware,interno,alta,físico,daño físico,sin mantenimiento,1,4,aceptar,2025-07-03,0
e45215cf-fcd1-4314-a342-09cebed11125,MLV1-R06606,MLV1-A0433,información,interno,media,digital,ransomware,antivirus desactualizado,4,1,aceptar,2025-07-03,0
adf0044b-15cc-4dab-9ef0-95eaedc358ea,MLV1-R06721,MLV1-A0374,hardware,interno,alta,físico,malware,configuración incorrecta,5,4,mitigar,2025-07-03,1
df821445-58a5-4433-a073-2237ab8286aa,MLV1-R07927,MLV1-A0220,hardware,restringido,critica,físico,daño físico,almacenamiento inadecuado,4,5,mitigar,2025-07-03,0
142c6d2c-1825-4183-9dc9-ed760d1d91c1,MLV1-R08054,MLV1-A0495,servicios ti,interno,media,digital,interrupción del servicio,equipos obsoletos,3,2,transferir,2025-07-03,0
8cdb0507-0861-442b-861c-3548e3495386,MLV1-R08080,MLV1-A0441,hardware,restringido,alta,físico,daño físico,almacenamiento inadecuado,1,3,aceptar,2025-07-03,0
357bf3a5-3b08-4a2a-8f65-8b3ecba13b46,MLV1-R08346,MLV1-A0642,documentación,interno,media,digital,divulgación de información,contraseñas débiles,5,2,transferir,2025-07-03,0
8e3ac310-d454-4b49-b940-34626ed3ce86,MLV1-R09097,MLV1-A0231,hardware,interno,alta,físico,error humano,ausencia de políticas,5,3,transferir,2025-07-03,1
be2cefd7-0228-40d7-a043-d9454d1aedf1,MLV1-R09783,MLV1-A0294,hardware,interno,alta,físico,malware,configuración incorrecta,3,3,mitigar,2025-07-03,0
fbc63eb5-debe-41a3-ad5f-54d6011194d7,MLV1-R01663,MLV1-A0747,hardware,interno,alta,físico,malware,antivirus desactualizado,5,4,transferir,2025-07-04,1
7aa8b41f-f726-4d1b-8b90-2c112aa5fcdb,MLV1-R03844,MLV1-A0674,servicios ti,interno,media,digital,interrupción del servicio,sin mantenimiento,3,3,mitigar,2025-07-04,0
40410e2e-224d-4412-98dc-a375ddcd8082,MLV1-R03995,MLV1-A0605,documentación,interno,alta,físico,divulgación de información,contraseñas débiles,4,3,mitigar,2025-07-04,0
96eb66a5-6395-4342-8999-a72eba5ed4e6,MLV1-R04480,MLV1-A0674,servicios ti,interno,media,digital,acceso no autorizado,ausencia de políticas,1,3,aceptar,2025-07-04,0
50bbe669-54ad-4ed5-b76f-b2f3f3632a0d,MLV1-R04552,MLV1-A0674,servicios ti,interno,media,digital,acceso no autorizado,ausencia de políticas,3,2,transferir,2025-07-04,0
d200c1aa-8859-4d89-a026-c4bb73c65195,MLV1-R04785,MLV1-A0849,software,interno,media,digital,error humano,ausencia de políticas,1,2,aceptar,2025-07-04,0
50956d1a-1dc9-4b4c-ab3e-cfa0fc808c1f,MLV1-R06308,MLV1-A0408,hardware,interno,media,físico,incendio,almacenamiento inadecuado,2,1,aceptar,2025-07-04,0
e61389bf-7dbf-4214-8ead-c3c0e01fa289,MLV1-R08205,MLV1-A0485,software,publico,media,digital,acceso no autorizado,contraseñas débiles,4,3,mitigar,2025-07-04,0
0a0292a4-abfe-4d9c-8e86-8f78955adc42,MLV1-R01736,MLV1-A0406,hardware,interno,alta,físico,malware,antivirus desactualizado,3,2,mitigar,2025-07-05,0
0955f4ae-58b4-4248-8cdc-61e3ab6ba6be,MLV1-R07557,MLV1-A0184,hardware,restringido,alta,físico,daño físico,almacenamiento inadecuado,3,5,transferir,2025-07-05,0
0cd66a42-4ada-4b4f-9224-2de2bd629c9e,MLV1-R08569,MLV1-A0327,servicios ti,confidencial,media,digital,acceso no autorizado,ausencia de políticas,1,1,aceptar,2025-07-05,0
df04f60f-2561-462a-8e44-e7a902271b9b,MLV1-R01119,MLV1-A0085,información,interno,critica,digital,error humano,configuración incorrecta,3,5,mitigar,2025-07-06,0
6dcc752c-66fb-4000-9fa4-b5ae41cd98e3,MLV1-R01140,MLV1-A0085,información,interno,critica,digital,malware,configuración incorrecta,4,5,mitigar,2025-07-06,0
3859b8be-e504-44ae-9d13-762fe4c7cb75,MLV1-R04107,MLV1-A0526,hardware,restringido,alta,físico,incendio,almacenamiento inadecuado,3,2,aceptar,2025-07-06,0
bce2217c-195a-4f4d-b8a7-996ff0580dda,MLV1-R04170,MLV1-A0757,servicios ti,restringido,alta,digital,error humano,ausencia de políticas,4,4,mitigar,2025-07-06,0
e262a3dc-9a28-4582-a5c8-716272c39916,MLV1-R04723,MLV1-A0085,información,interno,critica,digital,malware,antivirus desactualizado,5,5,mitigar,2025-07-06,0
99d56d21-721e-4d4c-a489-aec9f0442feb,MLV1-R05040,MLV1-A0563,hardware,interno,alta,físico,incendio,almacenamiento inadecuado,4,4,mitigar,2025-07-06,1
1a30361a-856b-467f-b52e-0c1382bbbd2c,MLV1-R05546,MLV1-A0873,servicios ti,confidencial,critica,digital,pérdida de información,almacenamiento inadecuado,1,5,aceptar,2025-07-06,0
afb41532-9cb2-4727-b718-a1b6010d20d1,MLV1-R06287,MLV1-A0383,servicios ti,restringido,alta,digital,acceso no autorizado,ausencia de políticas,2,5,mitigar,2025-07-06,0
933e88c9-24ad-44ca-9490-fa9da2965b2e,MLV1-R06417,MLV1-A0939,información,confidencial,alta,digital,acceso no autorizado,contraseñas débiles,2,3,mitigar,2025-07-06,0
0f41279a-2d8d-498e-abc8-9461483bdb1c,MLV1-R07395,MLV1-A0773,información,interno,baja,digital,acceso no autorizado,contraseñas débiles,5,2,transferir,2025-07-06,0
44dc68fd-1808-422b-9ec7-aa07e7375bf8,MLV1-R08427,MLV1-A0085,información,interno,critica,digital,acceso no autorizado,falta de controles de acceso,5,5,mitigar,2025-07-06,1
0721d180-b46d-4d73-a5e1-a9d4652eef98,MLV1-R09977,MLV1-A0327,servicios ti,confidencial,media,digital,malware,configuración incorrecta,4,4,mitigar,2025-07-06,0
280daa42-de46-4bc6-8958-3c6a52121e42,MLV1-R01078,MLV1-A0938,información,interno,baja,digital,malware,configuración incorrecta,4,2,mitigar,2025-07-07,1
37130fc9-9995-4c6a-8c2f-b9eceef7fb87,MLV1-R01115,MLV1-A0586,hardware,confidencial,critica,físico,robo,falta de controles de acceso,2,4,aceptar,2025-07-07,0
343a12ec-9b3d-4814-a28e-22b16d3e556e,MLV1-R01752,MLV1-A0662,otros,publico,critica,físico,robo,falta de controles de acceso,5,5,mitigar,2025-07-07,1
5b9806e5-79c7-4d55-affe-b1e55ca24209,MLV1-R01980,MLV1-A0308,hardware,confidencial,baja,físico,daño físico,sin mantenimiento,3,2,mitigar,2025-07-07,0
8822ccae-7e0f-418f-8ffa-d87c9639a1ac,MLV1-R04591,MLV1-A0989,hardware,interno,alta,físico,daño físico,equipos obsoletos,1,3,mitigar,2025-07-07,0
3b1bc20a-18e5-4862-9d57-c5e0017af37e,MLV1-R04825,MLV1-A0640,hardware,interno,critica,físico,falla eléctrica,equipos obsoletos,4,4,mitigar,2025-07-07,0
e9269924-87e1-48d5-b9c9-7da687cc889c,MLV1-R07485,MLV1-A0253,información,confidencial,media,digital,acceso no autorizado,contraseñas débiles,5,3,mitigar,2025-07-07,0
4df1883e-eac9-44b9-acd3-b53d710bca22,MLV1-R09985,MLV1-A0522,información,confidencial,media,digital,pérdida de información,almacenamiento inadecuado,3,3,aceptar,2025-07-07,0
8449020e-fc4e-46cd-b9f6-ae9a679eeb29,MLV1-R00607,MLV1-A0892,información,interno,alta,digital,error humano,falta de capacitación,3,4,mitigar,2025-07-08,0
c23c0c2d-7eb2-4c1a-9d8b-cbf461385310,MLV1-R01060,MLV1-A0235,servicios ti,restringido,alta,digital,pérdida de información,ausencia de respaldos,2,5,mitigar,2025-07-08,0
f05e28e9-b3ef-432d-93ec-c200ddeb5e2b,MLV1-R02474,MLV1-A0892,información,interno,alta,digital,acceso no autorizado,contraseñas débiles,5,2,mitigar,2025-07-08,0
4397851c-ea9a-4f77-a78b-f3effc1e408a,MLV1-R03526,MLV1-A0353,servicios ti,interno,alta,digital,acceso no autorizado,contraseñas débiles,3,4,mitigar,2025-07-08,0
cef9e26c-fe07-4a0a-98f2-fe08df6ff101,MLV1-R06203,MLV1-A0689,información,interno,alta,digital,pérdida de información,almacenamiento inadecuado,2,5,mitigar,2025-07-08,0
ef9da098-b447-4d00-b146-1f3d348842b2,MLV1-R06325,MLV1-A0892,información,interno,alta,digital,error humano,falta de capacitación,2,4,aceptar,2025-07-08,0
268b2229-7cf4-4828-8c14-cf5cec0cdf45,MLV1-R07290,MLV1-A0048,redes y comunicaciones,interno,alta,físico,falla eléctrica,equipos obsoletos,2,2,aceptar,2025-07-08,0
e6aa7da3-f9ff-4506-8e02-58f2864f261d,MLV1-R07625,MLV1-A0256,información,interno,baja,digital,divulgación de información,falta de controles de acceso,4,4,mitigar,2025-07-08,0
10cc16a6-9adf-4c67-ad00-4ec3c1ea5229,MLV1-R08198,MLV1-A0638,información,interno,critica,digital,acceso no autorizado,contraseñas débiles,5,4,mitigar,2025-07-08,1
b1bd9cfd-1d5d-43fb-87be-2d162557a5ed,MLV1-R08237,MLV1-A0990,servicios ti,interno,media,digital,malware,falta de capacitación,2,1,aceptar,2025-07-08,0
cb5c2530-6a7c-4369-a771-ef9b35023858,MLV1-R08475,MLV1-A0562,software,interno,media,digital,malware,configuración incorrecta,1,1,aceptar,2025-07-08,0
34de29fd-6601-4195-a078-233858ae67b9,MLV1-R08800,MLV1-A0892,información,interno,alta,digital,acceso no autorizado,contraseñas débiles,5,5,mitigar,2025-07-08,1
5d585a9f-bdbe-4682-bd61-e1d77798e7ad,MLV1-R08850,MLV1-A0326,otros,confidencial,alta,físico,acceso no autorizado,falta de controles de acceso,4,2,mitigar,2025-07-08,0
5935ae8f-9071-4c0e-b2fe-e1bd4847fac0,MLV1-R09306,MLV1-A0042,software,confidencial,alta,digital,malware,falta de capacitación,1,4,aceptar,2025-07-08,0
7dc14f1d-6b67-4232-b3c4-05ca91ffcf74,MLV1-R00232,MLV1-A0383,servicios ti,restringido,alta,digital,interrupción del servicio,configuración incorrecta,2,2,aceptar,2025-07-09,0
a77a337f-59d8-4f6f-8052-7b9999214c6b,MLV1-R00518,MLV1-A0714,información,interno,alta,digital,acceso no autorizado,ausencia de políticas,1,4,aceptar,2025-07-09,0
c2a92797-a07c-42a5-a174-042ac5c7b9f3,MLV1-R00829,MLV1-A0795,documentación,publico,critica,físico,pérdida de información,almacenamiento inadecuado,3,4,mitigar,2025-07-09,1
30ecf982-5b1c-4d83-9912-15c521c8b4b6,MLV1-R01745,MLV1-A0706,documentación,publico,critica,físico,incendio,almacenamiento inadecuado,2,4,aceptar,2025-07-09,0
d712e400-2917-410d-9c7e-69110ef6d0b1,MLV1-R03000,MLV1-A0460,documentación,interno,alta,físico,pérdida de información,ausencia de respaldos,3,3,mitigar,2025-07-09,0
fdc2212e-9fed-402f-87ae-c7ffdf5dd405,MLV1-R03912,MLV1-A0200,documentación,interno,media,físico,pérdida de información,almacenamiento inadecuado,3,2,mitigar,2025-07-09,0
8a57eef7-3d6d-44a1-b7dd-2b4b96953791,MLV1-R03990,MLV1-A0460,documentación,interno,alta,físico,robo,falta de controles de acceso,3,3,transferir,2025-07-09,0
213b0744-9487-4e04-838d-89592257b097,MLV1-R04434,MLV1-A0200,documentación,interno,media,físico,inundación,almacenamiento inadecuado,3,4,mitigar,2025-07-09,0
ea982943-474b-4502-8688-27ec470c76c2,MLV1-R05065,MLV1-A0263,servicios ti,restringido,critica,digital,interrupción del servicio,configuración incorrecta,1,4,aceptar,2025-07-09,0
4bba28fe-b911-4722-8573-3443a2edd953,MLV1-R06039,MLV1-A0200,documentación,interno,media,físico,daño físico,equipos obsoletos,4,3,transferir,2025-07-09,0
9adfef38-c4f8-4815-9c19-46832456fe10,MLV1-R06333,MLV1-A0460,documentación,interno,alta,físico,pérdida de información,ausencia de respaldos,2,5,mitigar,2025-07-09,0
63b4238f-bde6-43b1-9373-0d9a3767b28d,MLV1-R07819,MLV1-A0200,documentación,interno,media,físico,robo,ausencia de políticas,1,2,aceptar,2025-07-09,0
4fd85a35-0103-4d5f-a5a3-e09f772926f1,MLV1-R08471,MLV1-A0795,documentación,publico,critica,físico,daño físico,sin mantenimiento,3,3,aceptar,2025-07-09,0
02abba6e-bceb-45ec-89fb-edbd37af4e7c,MLV1-R09080,MLV1-A0875,servicios ti,interno,alta,digital,interrupción del servicio,configuración incorrecta,5,2,transferir,2025-07-09,0
c0dc0fd9-89d4-405a-8a89-8fc95fc23a94,MLV1-R09372,MLV1-A0200,documentación,interno,media,físico,inundación,almacenamiento inadecuado,2,2,aceptar,2025-07-09,0
ef893854-10c2-4680-9212-ff75ea3c8b5b,MLV1-R09687,MLV1-A0200,documentación,interno,media,físico,robo,ausencia de políticas,2,1,mitigar,2025-07-09,0
9eebf4f0-7435-445d-b27e-c725479e2261,MLV1-R00517,MLV1-A0675,información,confidencial,alta,digital,ransomware,ausencia de respaldos,2,3,transferir,2025-07-10,0
8497333d-ef95-4a98-a218-1adc46f2d464,MLV1-R00524,MLV1-A0664,servicios ti,interno,media,digital,error humano,falta de capacitación,4,3,mitigar,2025-07-10,0
39b49ce5-0781-4679-b19d-a79b8cd1fd17,MLV1-R01338,MLV1-A0522,información,confidencial,media,digital,acceso no autorizado,falta de controles de acceso,4,3,transferir,2025-07-10,0
2ce513c2-8d0d-4fa7-88d7-6494734e7635,MLV1-R01431,MLV1-A0411,documentación,publico,alta,digital,pérdida de información,configuración incorrecta,2,4,transferir,2025-07-10,0
4cfff1cf-2a94-4e6c-b8f1-eaf0854a68cf,MLV1-R01764,MLV1-A0929,hardware,interno,media,físico,malware,antivirus desactualizado,4,3,mitigar,2025-07-10,0
11a8f446-fc11-4593-956c-f5b21d70abbe,MLV1-R05406,MLV1-A0281,información,interno,media,digital,acceso no autorizado,falta de controles de acceso,5,3,mitigar,2025-07-10,1
0efe5c8a-9bb7-4f39-a547-d53064c71e36,MLV1-R05448,MLV1-A0890,software,confidencial,alta,digital,malware,configuración incorrecta,5,4,mitigar,2025-07-10,1
90bb9405-6c54-4747-a9b9-9a543fd81e74,MLV1-R05936,MLV1-A0357,servicios ti,confidencial,media,digital,malware,antivirus desactualizado,5,3,evitar,2025-07-10,0
18b593e3-e38a-40c4-81f7-090f7b0ca695,MLV1-R08168,MLV1-A0343,documentación,interno,alta,físico,inundación,almacenamiento inadecuado,2,4,aceptar,2025-07-10,1
72c0403b-4535-43c2-903d-8c3e29ee0b4a,MLV1-R01871,MLV1-A0210,hardware,confidencial,alta,físico,daño físico,equipos obsoletos,5,5,mitigar,2025-07-11,0
b1a1ff1e-bf0b-4b06-b846-1664d9af81d2,MLV1-R02214,MLV1-A0271,hardware,publico,critica,físico,error humano,falta de capacitación,2,4,mitigar,2025-07-11,0
84c1860b-73bb-4abd-bc4d-dea01a1e94fe,MLV1-R02324,MLV1-A0294,hardware,interno,alta,físico,daño físico,almacenamiento inadecuado,3,5,mitigar,2025-07-11,0
4dbe0f85-f06a-4300-8278-f547e057b44e,MLV1-R03286,MLV1-A0865,software,interno,alta,digital,acceso no autorizado,contraseñas débiles,2,4,mitigar,2025-07-11,0
da2d8314-aba6-467a-bc82-77a8d78069b0,MLV1-R04837,MLV1-A0759,información,interno,media,digital,acceso no autorizado,contraseñas débiles,4,3,mitigar,2025-07-11,1
9a13ff5e-c1d5-4162-99ea-56053a172225,MLV1-R05752,MLV1-A0228,software,restringido,media,digital,acceso no autorizado,contraseñas débiles,3,1,aceptar,2025-07-11,0
dbe4743b-3892-45d1-a0b0-868f275b8311,MLV1-R07107,MLV1-A0210,hardware,confidencial,alta,físico,falla eléctrica,sin mantenimiento,2,3,mitigar,2025-07-11,0
f73bea88-5baf-450f-b793-eead7bcab083,MLV1-R07111,MLV1-A0728,información,interno,media,digital,pérdida de información,ausencia de respaldos,4,1,aceptar,2025-07-11,0
994962cd-39df-4f94-9dda-c2bbb5fdc759,MLV1-R07797,MLV1-A0585,hardware,interno,baja,físico,incendio,ausencia de políticas,4,3,mitigar,2025-07-11,0
4b6b6f6f-b6d8-4704-98e1-55b3a6398226,MLV1-R08765,MLV1-A0210,hardware,confidencial,alta,físico,falla eléctrica,equipos obsoletos,1,3,aceptar,2025-07-11,0
9700f1ab-a8fa-4936-9692-cf335617b442,MLV1-R09155,MLV1-A0210,hardware,confidencial,alta,físico,error humano,configuración incorrecta,1,5,aceptar,2025-07-11,1
c6dfd5cb-2394-4924-a36c-b86e4118d662,MLV1-R09492,MLV1-A0691,software,confidencial,media,digital,ransomware,ausencia de respaldos,3,3,aceptar,2025-07-11,0
c72a465b-0029-42c9-9d8d-978b15aa0081,MLV1-R03770,MLV1-A0999,hardware,interno,media,físico,falla eléctrica,sin mantenimiento,2,3,aceptar,2025-07-12,0
84968789-a8ae-4567-85b9-43604bd4d13e,MLV1-R03953,MLV1-A0599,software,confidencial,alta,digital,acceso no autorizado,contraseñas débiles,3,2,aceptar,2025-07-12,0
0e26dd30-784b-4ee0-817e-a4a3aed29268,MLV1-R05946,MLV1-A0580,servicios ti,publico,critica,digital,interrupción del servicio,equipos obsoletos,3,3,aceptar,2025-07-12,0
a463daf7-d606-41d1-8e63-7056167a1f82,MLV1-R09505,MLV1-A0456,información,confidencial,media,digital,malware,configuración incorrecta,3,3,mitigar,2025-07-12,0
dc812e80-d347-4c4c-acd4-095f7ca7d293,MLV1-R00305,MLV1-A0252,documentación,publico,media,físico,daño físico,equipos obsoletos,1,3,aceptar,2025-07-13,0
567d9c10-95bd-4a7c-96ce-a342ecdef247,MLV1-R00676,MLV1-A0252,documentación,publico,media,físico,daño físico,equipos obsoletos,3,5,mitigar,2025-07-13,1
c4e366dd-808e-4dca-8686-3d2ca1770334,MLV1-R01650,MLV1-A0252,documentación,publico,media,físico,daño físico,equipos obsoletos,3,3,aceptar,2025-07-13,1
3783d90e-0583-4fe8-90bd-ddac0941da90,MLV1-R01738,MLV1-A0252,documentación,publico,media,físico,robo,ausencia de políticas,1,2,aceptar,2025-07-13,0
17338408-0071-4ad6-bd7b-78df85f37a35,MLV1-R01741,MLV1-A0252,documentación,publico,media,físico,error humano,ausencia de políticas,1,3,aceptar,2025-07-13,0
bd87fb00-2c7a-4077-8b58-515cbd286e44,MLV1-R05244,MLV1-A0252,documentación,publico,media,físico,pérdida de información,ausencia de respaldos,4,2,aceptar,2025-07-13,0
8e508190-b3de-48f0-bf59-3a35b403f369,MLV1-R05309,MLV1-A0660,hardware,restringido,media,físico,robo,falta de controles de acceso,4,3,mitigar,2025-07-13,0
cc98c33f-7ef3-491f-8a4d-e59c455549bb,MLV1-R05565,MLV1-A0252,documentación,publico,media,físico,divulgación de información,ausencia de políticas,3,4,mitigar,2025-07-13,0
eda457dc-258e-4c31-b75b-59d1591bb513,MLV1-R06726,MLV1-A0837,hardware,confidencial,media,físico,acceso no autorizado,contraseñas débiles,4,3,mitigar,2025-07-13,0
c57bcf37-24bb-4f19-8523-d8f0e5ffac86,MLV1-R08434,MLV1-A0495,servicios ti,interno,media,digital,malware,falta de capacitación,5,4,mitigar,2025-07-13,0
0acea33e-ca7c-4a22-a9b9-13875412078e,MLV1-R01019,MLV1-A0301,redes y comunicaciones,publico,alta,físico,interrupción del servicio,sin mantenimiento,1,2,aceptar,2025-07-14,0
a4c03c3a-1b63-4f2e-9e35-54e6c4e0756e,MLV1-R01168,MLV1-A0898,información,interno,critica,digital,acceso no autorizado,contraseñas débiles,4,3,mitigar,2025-07-14,0
6daca88f-790f-4316-bd06-6c5f26e4e9ec,MLV1-R01976,MLV1-A0301,redes y comunicaciones,publico,alta,físico,interrupción del servicio,sin mantenimiento,3,5,transferir,2025-07-14,1
fbef281b-12f1-49e0-bb03-eaae13209aa8,MLV1-R02200,MLV1-A0919,servicios ti,confidencial,alta,digital,error humano,configuración incorrecta,3,5,mitigar,2025-07-14,0
1ef395e5-9474-46f7-9676-736dfa722aa6,MLV1-R02680,MLV1-A0301,redes y comunicaciones,publico,alta,físico,interrupción del servicio,sin mantenimiento,2,4,aceptar,2025-07-14,0
35fbba6a-4475-4ab6-badb-58ac34d4fe1c,MLV1-R02833,MLV1-A0301,redes y comunicaciones,publico,alta,físico,falla eléctrica,equipos obsoletos,3,2,mitigar,2025-07-14,0
ee8fc93e-a254-4cf8-ab10-2e7befc76d4d,MLV1-R03014,MLV1-A0787,hardware,publico,baja,físico,inundación,almacenamiento inadecuado,2,1,aceptar,2025-07-14,0
502bae83-b6f6-4251-a85e-53d6af47007f,MLV1-R03932,MLV1-A0044,servicios ti,confidencial,alta,digital,malware,falta de capacitación,1,5,aceptar,2025-07-14,0
ef4783c5-a9fb-4d61-a046-93588a035eb3,MLV1-R04397,MLV1-A0213,software,confidencial,baja,digital,acceso no autorizado,ausencia de políticas,3,2,transferir,2025-07-14,0
e021ccfd-41ac-4773-9162-3cd14577f622,MLV1-R05321,MLV1-A0820,software,interno,critica,digital,malware,configuración incorrecta,2,5,mitigar,2025-07-14,0
5093db60-275d-4c16-85ce-33408d98a98e,MLV1-R05864,MLV1-A0982,servicios ti,confidencial,media,digital,interrupción del servicio,sin mantenimiento,3,1,mitigar,2025-07-14,0
5eac5c74-6cf5-44cf-813b-0428665857cf,MLV1-R06097,MLV1-A0576,documentación,interno,critica,físico,divulgación de información,falta de controles de acceso,5,3,mitigar,2025-07-14,0
58bcc8de-7d9d-4927-856d-fefd4d78ef18,MLV1-R06438,MLV1-A0932,otros,interno,alta,físico,error humano,configuración incorrecta,2,2,aceptar,2025-07-14,0
20b7f5fe-ac86-464e-bddd-e77a5e4fb14d,MLV1-R07320,MLV1-A0301,redes y comunicaciones,publico,alta,físico,interrupción del servicio,sin mantenimiento,3,5,mitigar,2025-07-14,0
86c15729-2984-4c2b-945a-d3f586087adb,MLV1-R08171,MLV1-A0301,redes y comunicaciones,publico,alta,físico,falla eléctrica,sin mantenimiento,4,5,mitigar,2025-07-14,0
a52a79a4-4f89-4f2c-80af-e4d115fbb711,MLV1-R09539,MLV1-A0301,redes y comunicaciones,publico,alta,físico,interrupción del servicio,configuración incorrecta,3,3,mitigar,2025-07-14,0
4f39a58f-72bd-4525-913f-0cc064aa792f,MLV1-R09934,MLV1-A0074,información,interno,media,digital,divulgación de información,contraseñas débiles,4,2,mitigar,2025-07-14,0
71c33edf-f74d-4338-9e6a-51af3c116821,MLV1-R07180,MLV1-A0999,hardware,interno,media,físico,falla eléctrica,equipos obsoletos,4,1,aceptar,2025-07-15,0
44c4f903-ae05-4191-b6aa-fd1d5f5b5d0e,MLV1-R07650,MLV1-A0631,otros,interno,critica,físico,robo,ausencia de políticas,2,3,mitigar,2025-07-15,0
ea9d9b2e-43d5-4fcc-80e8-4e1073ed2c7c,MLV1-R00239,MLV1-A0411,documentación,publico,alta,digital,inundación,almacenamiento inadecuado,2,5,mitigar,2025-07-16,0
a371513e-9e9f-4a11-8253-0ec10cd38e8b,MLV1-R03066,MLV1-A0565,software,publico,media,digital,ransomware,antivirus desactualizado,3,1,mitigar,2025-07-16,0
1a29120e-78d2-4b05-93ab-4afc4df7e7dd,MLV1-R03517,MLV1-A0015,servicios ti,restringido,alta,digital,acceso no autorizado,contraseñas débiles,5,5,mitigar,2025-07-16,0
b0d2c9cf-f6b3-4e0e-9e9a-673038a9b631,MLV1-R08215,MLV1-A0857,hardware,confidencial,media,físico,daño físico,equipos obsoletos,3,3,mitigar,2025-07-16,0
f21d3b7c-6225-47f9-8a1d-74da194e0e7a,MLV1-R08840,MLV1-A0674,servicios ti,interno,media,digital,acceso no autorizado,falta de controles de acceso,3,3,mitigar,2025-07-16,0
978cf284-af3c-482e-8bf3-d4ed0ebae0e4,MLV1-R01022,MLV1-A0033,información,confidencial,media,digital,ransomware,configuración incorrecta,2,3,mitigar,2025-07-17,0
148233ea-f9b1-43da-b9ac-2ee639a478e1,MLV1-R01202,MLV1-A0989,hardware,interno,alta,físico,daño físico,almacenamiento inadecuado,3,4,transferir,2025-07-17,0
ace65754-1db6-4c06-9c76-6b433b0bcf81,MLV1-R01843,MLV1-A0911,redes y comunicaciones,confidencial,media,físico,error humano,ausencia de políticas,5,4,mitigar,2025-07-17,0
31711e03-35d6-455b-8bd7-795609bbd556,MLV1-R02367,MLV1-A0520,información,confidencial,media,digital,error humano,falta de capacitación,2,4,mitigar,2025-07-17,0
9f3d470b-184c-45a5-8ca3-44dad146759f,MLV1-R02834,MLV1-A0675,información,confidencial,alta,digital,error humano,ausencia de políticas,5,4,mitigar,2025-07-17,1
91e2be0e-02b3-47db-aac4-f51c0674bdb1,MLV1-R03160,MLV1-A0793,información,interno,media,digital,error humano,falta de capacitación,1,3,aceptar,2025-07-17,0
d3610f37-ffde-4f63-8b4d-7f945a9434a3,MLV1-R05134,MLV1-A0349,redes y comunicaciones,restringido,media,físico,error humano,ausencia de políticas,3,1,aceptar,2025-07-17,1
cbcb67e4-7ca9-4013-a03e-f7d3a6d5a5e5,MLV1-R07262,MLV1-A0793,información,interno,media,digital,acceso no autorizado,ausencia de políticas,2,2,aceptar,2025-07-17,0
022f9c85-8f1e-4f54-b609-2ebfb8a0fce3,MLV1-R08144,MLV1-A0082,servicios ti,interno,critica,digital,ransomware,falta de capacitación,2,4,mitigar,2025-07-17,0
15d5a9c1-76da-4a14-b62c-f4093427ab05,MLV1-R09523,MLV1-A0563,hardware,interno,alta,físico,incendio,almacenamiento inadecuado,2,5,aceptar,2025-07-17,0
cb73216a-a3e2-4ee8-8047-d85df0dc1737,MLV1-R09556,MLV1-A0710,software,interno,baja,digital,acceso no autorizado,contraseñas débiles,4,2,transferir,2025-07-17,0
62393082-3d85-4147-b8d6-578cf625f4b8,MLV1-R00852,MLV1-A0581,redes y comunicaciones,interno,critica,físico,error humano,falta de capacitación,5,5,mitigar,2025-07-18,1
2fa92861-35d5-4393-ab78-07ae57d8332f,MLV1-R01052,MLV1-A0689,información,interno,alta,digital,pérdida de información,ausencia de respaldos,4,5,mitigar,2025-07-18,1
a836bac1-286d-41a2-9841-62a4739b5746,MLV1-R02421,MLV1-A0833,software,interno,media,digital,ransomware,ausencia de respaldos,3,3,aceptar,2025-07-18,0
5ac552cc-3ec5-48fe-ab48-a96f69c8afc7,MLV1-R03498,MLV1-A0747,hardware,interno,alta,físico,malware,antivirus desactualizado,4,3,mitigar,2025-07-18,0
193477ba-5b0a-4d1c-b6f6-c226288e2898,MLV1-R03623,MLV1-A0737,hardware,interno,alta,físico,incendio,almacenamiento inadecuado,3,5,mitigar,2025-07-18,0
52d447e2-0243-47ca-bb1c-71853480246e,MLV1-R08281,MLV1-A0773,información,interno,baja,digital,error humano,configuración incorrecta,3,3,mitigar,2025-07-18,0
fdf9f4c8-dcd2-4317-891c-e0b62a6ac6dd,MLV1-R09873,MLV1-A0111,hardware,confidencial,media,físico,inundación,almacenamiento inadecuado,2,2,mitigar,2025-07-18,0
0a3f89df-7a60-4132-9b2a-27e860ea6797,MLV1-R09945,MLV1-A0253,información,confidencial,media,digital,malware,antivirus desactualizado,3,3,mitigar,2025-07-18,0
25b0a391-6341-419a-bd27-428647e76ae3,MLV1-R00331,MLV1-A0489,software,confidencial,alta,digital,error humano,falta de capacitación,2,3,aceptar,2025-07-19,0
3799e651-fb0c-455b-8470-d5b2fe8054aa,MLV1-R01047,MLV1-A0885,redes y comunicaciones,restringido,media,físico,error humano,ausencia de políticas,2,3,mitigar,2025-07-19,0
e955a312-0491-44e2-aa4d-6316ad8a8693,MLV1-R01203,MLV1-A0425,servicios ti,interno,critica,digital,interrupción del servicio,equipos obsoletos,2,5,aceptar,2025-07-19,0
3b98e9b2-7520-4159-a491-967d6de7b57c,MLV1-R01402,MLV1-A0539,hardware,publico,media,físico,robo,falta de controles de acceso,3,3,aceptar,2025-07-19,0
6c420bee-5f06-4f6b-af7b-a120c2658e1f,MLV1-R01595,MLV1-A0885,redes y comunicaciones,restringido,media,físico,acceso no autorizado,ausencia de políticas,2,3,aceptar,2025-07-19,0
8b014abd-a79a-4afb-b1a5-ac2fbcf752ad,MLV1-R03041,MLV1-A0885,redes y comunicaciones,restringido,media,físico,acceso no autorizado,contraseñas débiles,4,4,mitigar,2025-07-19,0
97c6e50f-949b-4671-ba56-fcab2206f0ab,MLV1-R03079,MLV1-A0145,servicios ti,interno,media,digital,pérdida de información,ausencia de respaldos,4,2,aceptar,2025-07-19,0
70a9e929-f7b1-4dff-b41f-072b254452f6,MLV1-R03525,MLV1-A0489,software,confidencial,alta,digital,ransomware,antivirus desactualizado,4,4,mitigar,2025-07-19,0
fe047157-741d-44f2-b8c9-ab5aa230b19c,MLV1-R04709,MLV1-A0145,servicios ti,interno,media,digital,interrupción del servicio,equipos obsoletos,2,1,aceptar,2025-07-19,0
629d562d-ee20-4e71-8373-01e19e2dc49b,MLV1-R06394,MLV1-A0379,hardware,interno,media,físico,robo,falta de controles de acceso,3,3,aceptar,2025-07-19,0
f9ae9e76-7c05-4b15-b767-b392802980c3,MLV1-R06712,MLV1-A0489,software,confidencial,alta,digital,pérdida de información,ausencia de respaldos,4,4,mitigar,2025-07-19,0
ffe3068e-957e-4853-9b80-288f57c66fa2,MLV1-R06728,MLV1-A0795,documentación,publico,critica,físico,inundación,almacenamiento inadecuado,2,3,mitigar,2025-07-19,0
f61032b1-69a3-49cc-b9c9-cbd7d973b9d9,MLV1-R07259,MLV1-A0441,hardware,restringido,alta,físico,acceso no autorizado,contraseñas débiles,4,4,mitigar,2025-07-19,0
783e5ae6-8c84-47cb-b52a-17e3bf1646ae,MLV1-R07574,MLV1-A0693,información,interno,alta,digital,ransomware,configuración incorrecta,3,3,mitigar,2025-07-19,0
15858b67-f54c-4927-8af7-d51c22f2529f,MLV1-R08825,MLV1-A0145,servicios ti,interno,media,digital,ransomware,ausencia de respaldos,3,2,aceptar,2025-07-19,0
7a57d500-a506-42b3-8822-34b7ba9ba00b,MLV1-R00121,MLV1-A0311,información,interno,media,digital,pérdida de información,almacenamiento inadecuado,4,2,aceptar,2025-07-20,0
d14c1fc0-a749-446b-b78f-15dde0c70a9f,MLV1-R01114,MLV1-A0326,otros,confidencial,alta,físico,acceso no autorizado,falta de controles de acceso,3,4,mitigar,2025-07-20,0
6d62e6bf-939c-4a9e-80c0-28fd6ced2f13,MLV1-R01516,MLV1-A0311,información,interno,media,digital,acceso no autorizado,ausencia de políticas,2,2,mitigar,2025-07-20,0
1d1f6a6c-903b-4caa-ab2f-cc713a82b345,MLV1-R01918,MLV1-A0011,hardware,interno,critica,físico,error humano,falta de capacitación,3,4,mitigar,2025-07-20,0
e121570b-0fd1-4a90-92f0-dc59366ae1ff,MLV1-R02267,MLV1-A0425,servicios ti,interno,critica,digital,interrupción del servicio,configuración incorrecta,3,5,mitigar,2025-07-20,1
b13ded98-bb92-4980-aa09-9cba956b73a1,MLV1-R02315,MLV1-A0291,hardware,confidencial,media,físico,incendio,ausencia de políticas,2,2,aceptar,2025-07-20,0
ca7e8be1-f103-456b-9cd9-45448632da7e,MLV1-R04218,MLV1-A0147,hardware,interno,media,físico,robo,falta de controles de acceso,4,1,aceptar,2025-07-20,0
fd09d00f-2f88-433a-ac9c-d4252998d26c,MLV1-R04393,MLV1-A0311,información,interno,media,digital,malware,antivirus desactualizado,4,4,mitigar,2025-07-20,0
f175fbe9-9bfc-442e-86b9-f853f7609ef4,MLV1-R04423,MLV1-A0384,hardware,publico,alta,físico,inundación,almacenamiento inadecuado,3,5,transferir,2025-07-20,0
9ac21403-a78e-4505-859c-f4057b2436d5,MLV1-R04748,MLV1-A0977,hardware,publico,media,físico,acceso no autorizado,contraseñas débiles,4,4,mitigar,2025-07-20,1
5a8670a0-52eb-46d0-ac5c-2ebbb3cbf7dc,MLV1-R05480,MLV1-A0977,hardware,publico,media,físico,daño físico,equipos obsoletos,1,3,aceptar,2025-07-20,0
d50f88c4-e575-4613-b550-d58d1700e85c,MLV1-R06070,MLV1-A0369,hardware,interno,media,físico,incendio,ausencia de políticas,4,1,aceptar,2025-07-20,0
3a72dbbb-56c1-4852-951a-57ddac511e96,MLV1-R06278,MLV1-A0308,hardware,confidencial,baja,físico,daño físico,equipos obsoletos,4,1,aceptar,2025-07-20,0
bf6e9a04-04e3-47a9-9a61-d5456446806b,MLV1-R06596,MLV1-A0447,hardware,interno,alta,físico,daño físico,equipos obsoletos,1,3,aceptar,2025-07-20,0
b013aca5-f526-4916-ab94-21a6bb301893,MLV1-R08383,MLV1-A0291,hardware,confidencial,media,físico,robo,falta de controles de acceso,4,5,mitigar,2025-07-20,0
7895cb8a-6631-44ae-9124-8c6931e754f0,MLV1-R08559,MLV1-A0530,hardware,interno,alta,físico,falla eléctrica,equipos obsoletos,3,3,mitigar,2025-07-20,0
d73627e6-592f-4828-8009-9879441305ad,MLV1-R08709,MLV1-A0311,información,interno,media,digital,pérdida de información,ausencia de respaldos,3,3,mitigar,2025-07-20,0
b2e6ee60-754c-463c-92cc-7d8a8f81da73,MLV1-R09585,MLV1-A0210,hardware,confidencial,alta,físico,falla eléctrica,equipos obsoletos,2,3,mitigar,2025-07-20,0
24a38f47-cef6-4b69-bf11-2aecaf6cb40d,MLV1-R09825,MLV1-A0311,información,interno,media,digital,malware,configuración incorrecta,5,4,mitigar,2025-07-20,0
72ed1570-9cad-4b1d-bd2c-cfea15cd1367,MLV1-R03081,MLV1-A0581,redes y comunicaciones,interno,critica,físico,interrupción del servicio,configuración incorrecta,2,4,mitigar,2025-07-21,1
e049a4b9-8d31-4306-aec1-f041c61136f6,MLV1-R06572,MLV1-A0005,servicios ti,interno,baja,digital,ransomware,ausencia de respaldos,3,2,aceptar,2025-07-21,0
bd29fbfc-0d6a-4ef1-8b72-107a8bf41f58,MLV1-R07283,MLV1-A0826,otros,publico,media,físico,robo,falta de controles de acceso,2,3,mitigar,2025-07-21,1
05f5194e-5d6a-4b27-af1f-6d710ed94dcd,MLV1-R07344,MLV1-A0791,servicios ti,interno,media,digital,acceso no autorizado,falta de controles de acceso,3,3,transferir,2025-07-21,0
fc89771b-d3bc-4ea7-9a39-ad3573bb45ef,MLV1-R08245,MLV1-A0804,información,restringido,alta,digital,pérdida de información,almacenamiento inadecuado,2,5,transferir,2025-07-21,1
f6c1b9bc-282d-4993-8994-1d083ebb7c6a,MLV1-R00368,MLV1-A0630,documentación,interno,alta,digital,pérdida de información,configuración incorrecta,2,4,transferir,2025-07-22,0
b40bddff-05e4-4750-836c-033980f6466f,MLV1-R01886,MLV1-A0630,documentación,interno,alta,digital,incendio,almacenamiento inadecuado,2,3,aceptar,2025-07-22,0
80342848-9c91-42f7-8bdf-ae5f721ebb10,MLV1-R03196,MLV1-A0271,hardware,publico,critica,físico,falla eléctrica,sin mantenimiento,2,5,aceptar,2025-07-22,0
0698cf5d-d3d6-4068-9c5e-00992133eaf6,MLV1-R03207,MLV1-A0630,documentación,interno,alta,digital,incendio,almacenamiento inadecuado,1,3,aceptar,2025-07-22,0
653b8e10-6267-4a17-a7bc-1a605d00fc78,MLV1-R03300,MLV1-A0041,información,interno,media,digital,pérdida de información,configuración incorrecta,2,1,aceptar,2025-07-22,0
d32ee584-871e-46bd-8132-a23ca208b04f,MLV1-R04366,MLV1-A0630,documentación,interno,alta,digital,error humano,configuración incorrecta,3,5,mitigar,2025-07-22,1
db226daf-bcaa-452b-8f89-d2535c2b3b6c,MLV1-R04419,MLV1-A0630,documentación,interno,alta,digital,daño físico,almacenamiento inadecuado,4,2,mitigar,2025-07-22,0
c565276a-6cf6-4ed2-a40a-f28caf906106,MLV1-R04608,MLV1-A0041,información,interno,media,digital,acceso no autorizado,contraseñas débiles,3,3,mitigar,2025-07-22,0
a0028264-cee7-4cfa-8949-571ca7722eea,MLV1-R04799,MLV1-A0041,información,interno,media,digital,acceso no autorizado,ausencia de políticas,4,3,mitigar,2025-07-22,1
d33491ba-ea09-4ed0-9ed1-bc4b3a5ec3fa,MLV1-R05239,MLV1-A0630,documentación,interno,alta,digital,pérdida de información,configuración incorrecta,5,5,evitar,2025-07-22,0
a4f66526-e423-48d4-af89-a76a17ed9d8e,MLV1-R05425,MLV1-A0837,hardware,confidencial,media,físico,error humano,configuración incorrecta,3,2,transferir,2025-07-22,0
900f5361-3348-4bb0-a9a4-18c3d469242e,MLV1-R06384,MLV1-A0765,hardware,interno,media,físico,falla eléctrica,equipos obsoletos,3,2,mitigar,2025-07-22,0
c426eeee-0818-4939-8e81-beff991aa3f7,MLV1-R09255,MLV1-A0630,documentación,interno,alta,digital,daño físico,sin mantenimiento,1,5,aceptar,2025-07-22,0
154b5b67-a0d3-4479-a22a-442b82643894,MLV1-R09921,MLV1-A0041,información,interno,media,digital,acceso no autorizado,contraseñas débiles,3,3,mitigar,2025-07-22,0
b1b9222e-aabf-4535-b179-1f5d47721d5a,MLV1-R00009,MLV1-A0698,redes y comunicaciones,confidencial,critica,físico,acceso no autorizado,falta de controles de acceso,3,4,mitigar,2025-07-23,0
1a67e1d6-933d-4a86-acff-709b3c8113ee,MLV1-R00057,MLV1-A0605,documentación,interno,alta,físico,daño físico,sin mantenimiento,5,2,mitigar,2025-07-23,1
e8410df5-13b7-4b18-8b00-2dd459e88193,MLV1-R00200,MLV1-A0698,redes y comunicaciones,confidencial,critica,físico,interrupción del servicio,sin mantenimiento,2,5,mitigar,2025-07-23,1
ba0e5fb5-f1aa-4a86-9a32-22434db3701e,MLV1-R00860,MLV1-A0377,documentación,interno,alta,digital,divulgación de información,ausencia de políticas,1,3,mitigar,2025-07-23,0
93c17b02-2b0a-4462-b256-edfc61ba8ac4,MLV1-R01588,MLV1-A0965,servicios ti,publico,critica,digital,malware,antivirus desactualizado,4,5,mitigar,2025-07-23,0
a66ac50a-0d47-4291-8455-c2ac1d6b51f3,MLV1-R03117,MLV1-A0313,servicios ti,confidencial,media,digital,ransomware,falta de capacitación,3,3,mitigar,2025-07-23,0
40467d90-56da-4959-a2f1-0154680b4e2c,MLV1-R04103,MLV1-A0313,servicios ti,confidencial,media,digital,error humano,ausencia de políticas,2,4,mitigar,2025-07-23,0
4c83a611-67bf-4a80-a187-9905a2510794,MLV1-R04430,MLV1-A0965,servicios ti,publico,critica,digital,interrupción del servicio,configuración incorrecta,3,4,transferir,2025-07-23,1
bfd1df21-1013-4388-9699-f47bd36e0bc2,MLV1-R04570,MLV1-A0201,servicios ti,interno,critica,digital,ransomware,antivirus desactualizado,5,4,mitigar,2025-07-23,0
bca8033d-d343-42ad-a711-aa1a2dd048ac,MLV1-R04885,MLV1-A0364,hardware,interno,alta,físico,acceso no autorizado,contraseñas débiles,3,3,mitigar,2025-07-23,1
f312a308-17b3-4534-b856-1788302e056f,MLV1-R05311,MLV1-A0156,información,publico,critica,digital,divulgación de información,falta de controles de acceso,4,5,evitar,2025-07-23,0
b4be7142-0ad7-4579-a722-3674376ec41c,MLV1-R05572,MLV1-A0698,redes y comunicaciones,confidencial,critica,físico,falla eléctrica,equipos obsoletos,4,3,mitigar,2025-07-23,0
b844fc0e-43ae-4476-8986-919fb9e74ee2,MLV1-R05777,MLV1-A0156,información,publico,critica,digital,divulgación de información,falta de controles de acceso,3,5,mitigar,2025-07-23,1
8d481748-5c7e-4805-8b19-74915f68ddf2,MLV1-R06004,MLV1-A0156,información,publico,critica,digital,malware,configuración incorrecta,3,3,mitigar,2025-07-23,0
d82947b2-f969-4479-93fc-a7437c6a1419,MLV1-R06524,MLV1-A0999,hardware,interno,media,físico,robo,falta de controles de acceso,4,2,mitigar,2025-07-23,0
0061e651-40d1-4d82-800c-ef7176fa5bab,MLV1-R06668,MLV1-A0411,documentación,publico,alta,digital,robo,falta de controles de acceso,4,2,mitigar,2025-07-23,0
2eb7d953-d129-4922-b4ab-65f8b3da867e,MLV1-R07840,MLV1-A0698,redes y comunicaciones,confidencial,critica,físico,interrupción del servicio,equipos obsoletos,2,4,transferir,2025-07-23,0
e6f22ed3-aae5-4463-8109-563d5927caa5,MLV1-R08314,MLV1-A0965,servicios ti,publico,critica,digital,error humano,configuración incorrecta,4,5,mitigar,2025-07-23,0
e1241976-8851-4a0b-9c6f-60e98b553835,MLV1-R09803,MLV1-A0459,hardware,interno,alta,físico,robo,ausencia de políticas,3,5,mitigar,2025-07-23,0
60e0d184-e224-49af-8889-fb2235b64c3a,MLV1-R00250,MLV1-A0751,servicios ti,confidencial,alta,digital,acceso no autorizado,falta de controles de acceso,4,3,evitar,2025-07-24,0
2ac1fc2e-91ae-4464-be7f-f383e87591c5,MLV1-R00548,MLV1-A0625,redes y comunicaciones,interno,alta,físico,interrupción del servicio,equipos obsoletos,2,4,aceptar,2025-07-24,0
386e1b0a-d183-47be-b9ee-2c452e3672f0,MLV1-R00695,MLV1-A0369,hardware,interno,media,físico,robo,ausencia de políticas,3,3,aceptar,2025-07-24,0
b3f3c5a1-60b5-4c03-b9ce-42f1a2bdce75,MLV1-R01913,MLV1-A0751,servicios ti,confidencial,alta,digital,interrupción del servicio,equipos obsoletos,3,4,evitar,2025-07-24,0
6b564df9-4953-46e2-af7e-e1a9a2d1bf45,MLV1-R02306,MLV1-A0135,hardware,confidencial,media,físico,acceso no autorizado,contraseñas débiles,5,3,mitigar,2025-07-24,1
8d96aa30-cd1b-47f7-b14d-20117fe3f93a,MLV1-R02479,MLV1-A0133,otros,interno,critica,físico,acceso no autorizado,ausencia de políticas,1,5,aceptar,2025-07-24,0
d71304fc-8e76-4d07-962b-bab982dca06f,MLV1-R03199,MLV1-A0751,servicios ti,confidencial,alta,digital,interrupción del servicio,sin mantenimiento,1,3,mitigar,2025-07-24,0
f45cba0e-d246-4152-b9ed-f7137a6e5482,MLV1-R03433,MLV1-A0133,otros,interno,critica,físico,error humano,falta de capacitación,3,5,mitigar,2025-07-24,0
66ffb114-81ca-4737-bbc4-0c44fd2b1386,MLV1-R04112,MLV1-A0710,software,interno,baja,digital,acceso no autorizado,contraseñas débiles,4,2,aceptar,2025-07-24,0
3669a47d-f85a-4440-8470-a42ed1c041f5,MLV1-R04843,MLV1-A0610,hardware,interno,media,físico,incendio,almacenamiento inadecuado,3,2,mitigar,2025-07-24,0
13c26c8d-3b23-44ed-8747-25e1c549d7f8,MLV1-R05436,MLV1-A0751,servicios ti,confidencial,alta,digital,interrupción del servicio,sin mantenimiento,1,3,aceptar,2025-07-24,0
6a1e5aac-4c88-4627-9047-c998cbc15e19,MLV1-R06101,MLV1-A0231,hardware,interno,alta,físico,daño físico,sin mantenimiento,3,2,mitigar,2025-07-24,0
630be86c-d288-4d20-8097-b57b7f77d5b5,MLV1-R06706,MLV1-A0625,redes y comunicaciones,interno,alta,físico,interrupción del servicio,sin mantenimiento,1,4,aceptar,2025-07-24,0
a66f2a1f-efd7-41b1-b256-ebbd71924f51,MLV1-R07049,MLV1-A0751,servicios ti,confidencial,alta,digital,malware,falta de capacitación,4,4,transferir,2025-07-24,0
d8d5165f-2f98-4cc6-84d9-4e624f727372,MLV1-R08046,MLV1-A0625,redes y comunicaciones,interno,alta,físico,interrupción del servicio,equipos obsoletos,2,5,aceptar,2025-07-24,0
15392011-d97e-44dc-b99b-fab6b1c1ce41,MLV1-R08172,MLV1-A0133,otros,interno,critica,físico,error humano,ausencia de políticas,5,5,transferir,2025-07-24,0
558840ea-a0b8-46b9-b663-6b4509e69fd7,MLV1-R08605,MLV1-A0074,información,interno,media,digital,malware,antivirus desactualizado,4,2,transferir,2025-07-24,0
f63de0b7-8485-404e-a61a-f660c7e251a5,MLV1-R09069,MLV1-A0133,otros,interno,critica,físico,daño físico,sin mantenimiento,4,4,mitigar,2025-07-24,0
fa4a8d4f-89de-44b9-a7bc-9e6697630b70,MLV1-R09140,MLV1-A0625,redes y comunicaciones,interno,alta,físico,malware,falta de capacitación,3,4,evitar,2025-07-24,0
0d25cb97-cafb-415d-876f-f27c74398709,MLV1-R00249,MLV1-A0598,redes y comunicaciones,interno,media,físico,acceso no autorizado,falta de controles de acceso,2,3,aceptar,2025-07-25,0
33c1389d-2bdb-4851-9f94-0e8403251f25,MLV1-R00437,MLV1-A0435,información,restringido,baja,digital,divulgación de información,contraseñas débiles,5,3,mitigar,2025-07-25,0
156d8458-1a1a-4584-a487-1f66e62a80b4,MLV1-R00489,MLV1-A0549,documentación,confidencial,media,físico,pérdida de información,configuración incorrecta,3,3,aceptar,2025-07-25,0
d133ac71-c200-463b-aefb-06111ac88c7e,MLV1-R02928,MLV1-A0156,información,publico,critica,digital,error humano,falta de capacitación,3,5,evitar,2025-07-25,1
86e746e2-d020-43a6-ab99-9bd71343b528,MLV1-R04867,MLV1-A0806,hardware,interno,alta,físico,daño físico,sin mantenimiento,5,4,mitigar,2025-07-25,0
d747180a-fcb4-4fc4-93aa-d52cedd415f7,MLV1-R06061,MLV1-A0728,información,interno,media,digital,acceso no autorizado,falta de controles de acceso,4,2,mitigar,2025-07-25,0
9670b042-2cdb-4689-8158-8c8d39ad0e68,MLV1-R07335,MLV1-A0635,redes y comunicaciones,interno,media,físico,acceso no autorizado,falta de controles de acceso,4,2,aceptar,2025-07-25,0
f5ba4879-d62f-4c0d-ba87-3ba3c012c3f7,MLV1-R08528,MLV1-A0383,servicios ti,restringido,alta,digital,acceso no autorizado,falta de controles de acceso,5,5,mitigar,2025-07-25,0
bc996640-1239-4e60-a49b-df55770a67fb,MLV1-R07495,MLV1-A0872,redes y comunicaciones,interno,baja,físico,falla eléctrica,sin mantenimiento,3,3,mitigar,2025-07-26,0
d8d8e30f-557e-476a-89b8-4dee07c33d19,MLV1-R03106,MLV1-A0444,redes y comunicaciones,publico,media,físico,falla eléctrica,equipos obsoletos,4,2,mitigar,2025-07-27,0
7a6291df-61c3-49d3-a84e-cb0f4ad93bec,MLV1-R08252,MLV1-A0782,servicios ti,interno,alta,digital,malware,antivirus desactualizado,5,4,mitigar,2025-07-27,0
d24a5a48-92ea-4c39-906e-22cfd178dcbd,MLV1-R01344,MLV1-A0514,hardware,publico,alta,físico,malware,configuración incorrecta,4,4,mitigar,2025-07-28,1
794f1da7-5143-4dc7-b87a-13b76fd460ba,MLV1-R03314,MLV1-A0459,hardware,interno,alta,físico,robo,falta de controles de acceso,4,3,mitigar,2025-07-28,1
5ba14668-799e-4f21-a52f-098879ba1670,MLV1-R04882,MLV1-A0053,información,interno,critica,digital,pérdida de información,configuración incorrecta,4,3,mitigar,2025-07-28,0
eaa83ac0-c5a4-4f96-9d62-7e6faefbbcf7,MLV1-R05197,MLV1-A0017,información,interno,media,digital,malware,antivirus desactualizado,4,3,mitigar,2025-07-28,0
e02c0ef9-f723-4003-8f4a-fa01e29fc6e4,MLV1-R00372,MLV1-A0904,software,interno,media,digital,pérdida de información,configuración incorrecta,3,3,transferir,2025-07-29,0
7ad8d8bf-b1bb-4477-88c4-7ac625642dc9,MLV1-R00679,MLV1-A0373,información,confidencial,alta,digital,divulgación de información,contraseñas débiles,3,4,mitigar,2025-07-29,0
f840a8fe-2f29-4cf9-9468-f419df5fc1af,MLV1-R00821,MLV1-A0373,información,confidencial,alta,digital,divulgación de información,falta de controles de acceso,5,3,mitigar,2025-07-29,0
0ca1ee13-7a03-4ba6-8f11-dcd1603d1797,MLV1-R00911,MLV1-A0260,hardware,interno,media,físico,daño físico,equipos obsoletos,3,1,aceptar,2025-07-29,0
a956a338-8f30-4bea-9466-e94148a36961,MLV1-R01237,MLV1-A0616,servicios ti,restringido,critica,digital,acceso no autorizado,ausencia de políticas,2,4,transferir,2025-07-29,0
a40ab090-7e91-48c7-94ea-a4ea72f177a1,MLV1-R01499,MLV1-A0709,hardware,restringido,critica,físico,error humano,ausencia de políticas,1,3,mitigar,2025-07-29,0
6c89ab11-4bc6-4c31-a932-c549eac9e953,MLV1-R01862,MLV1-A0322,redes y comunicaciones,confidencial,critica,físico,error humano,falta de capacitación,5,5,mitigar,2025-07-29,1
ec0ff5a9-dd1d-4ecf-82f4-23ccadc780f9,MLV1-R02509,MLV1-A0709,hardware,restringido,critica,físico,falla eléctrica,equipos obsoletos,2,5,mitigar,2025-07-29,0
2e3d4480-f398-4cf7-b2b0-9acd026e5082,MLV1-R02880,MLV1-A0709,hardware,restringido,critica,físico,falla eléctrica,equipos obsoletos,4,4,mitigar,2025-07-29,0
c3d4efcd-90a1-4204-bb3e-aab918bbc036,MLV1-R02980,MLV1-A0373,información,confidencial,alta,digital,malware,falta de capacitación,4,4,mitigar,2025-07-29,0
cb71f910-6a55-4008-a55c-bfb20c4e993b,MLV1-R03672,MLV1-A0149,hardware,interno,alta,físico,falla eléctrica,equipos obsoletos,5,4,transferir,2025-07-29,0
fb3a1a72-b522-43c3-b225-4aaaa142f69a,MLV1-R03718,MLV1-A0709,hardware,restringido,critica,físico,falla eléctrica,sin mantenimiento,2,5,mitigar,2025-07-29,0
b76a36eb-5f58-480a-913e-8e49863a6766,MLV1-R06002,MLV1-A0904,software,interno,media,digital,ransomware,ausencia de respaldos,4,4,mitigar,2025-07-29,0
7f360028-b5d1-45c8-9bf0-92cb337d1178,MLV1-R06251,MLV1-A0904,software,interno,media,digital,acceso no autorizado,falta de controles de acceso,2,3,aceptar,2025-07-29,0
4f0852e4-efe0-41e3-80e9-6c5a3a46d7c5,MLV1-R07136,MLV1-A0904,software,interno,media,digital,acceso no autorizado,contraseñas débiles,3,3,mitigar,2025-07-29,0
edc01490-dc45-4f6c-859b-23f80ac58531,MLV1-R07610,MLV1-A0684,hardware,interno,media,físico,robo,falta de controles de acceso,2,3,mitigar,2025-07-29,0
fcec26f7-43ad-4532-98a8-aa21b9f2e54b,MLV1-R07635,MLV1-A0534,hardware,interno,alta,físico,incendio,almacenamiento inadecuado,2,4,transferir,2025-07-29,0
70e824dc-935c-4dec-a51a-f75e2b8d0ae6,MLV1-R08781,MLV1-A0373,información,confidencial,alta,digital,divulgación de información,ausencia de políticas,3,3,mitigar,2025-07-29,0
c797293b-541f-4dac-96f3-b3e8f471ef46,MLV1-R08819,MLV1-A0373,información,confidencial,alta,digital,pérdida de información,ausencia de respaldos,2,5,mitigar,2025-07-29,0
3e15f77f-b32a-42e4-b83f-0b4be3608bf8,MLV1-R09248,MLV1-A0489,software,confidencial,alta,digital,malware,antivirus desactualizado,3,4,mitigar,2025-07-29,0
58e439d8-a65a-44dc-a8c7-b4ea2aff2807,MLV1-R00459,MLV1-A0011,hardware,interno,critica,físico,robo,ausencia de políticas,1,4,aceptar,2025-07-30,0
478cd684-d3b5-4e97-9de3-55806bf18f57,MLV1-R00733,MLV1-A0489,software,confidencial,alta,digital,ransomware,ausencia de respaldos,4,5,mitigar,2025-07-30,0
16d5c7cc-cfdf-4ee9-9b05-6fd61371b25e,MLV1-R02785,MLV1-A0892,información,interno,alta,digital,divulgación de información,ausencia de políticas,5,5,mitigar,2025-07-30,0
4065b671-ee70-4de0-89d1-30b36d2ace99,MLV1-R03738,MLV1-A0864,información,confidencial,alta,digital,ransomware,configuración incorrecta,3,5,mitigar,2025-07-30,0
b482c914-bbc3-4dd2-9a92-88b77c55d2da,MLV1-R04118,MLV1-A0864,información,confidencial,alta,digital,pérdida de información,almacenamiento inadecuado,3,4,mitigar,2025-07-30,1
5f6aabca-c2b6-4fc2-83e7-0745e95bc56a,MLV1-R04278,MLV1-A0552,software,interno,baja,digital,malware,falta de capacitación,3,3,mitigar,2025-07-30,0
9cdb794a-f77e-4a02-9302-703b819c0350,MLV1-R04399,MLV1-A0800,información,interno,alta,digital,pérdida de información,almacenamiento inadecuado,2,3,mitigar,2025-07-30,0
b760e309-43e9-45bd-9c0e-670c5df85a51,MLV1-R06378,MLV1-A0800,información,interno,alta,digital,error humano,configuración incorrecta,4,5,mitigar,2025-07-30,0
40777e05-8ea2-4423-8303-426c547c7664,MLV1-R07950,MLV1-A0864,información,confidencial,alta,digital,pérdida de información,almacenamiento inadecuado,3,4,transferir,2025-07-30,0
14890a79-53d9-4422-afb8-50a9d257448a,MLV1-R08234,MLV1-A0800,información,interno,alta,digital,malware,falta de capacitación,3,4,transferir,2025-07-30,0
2e68de47-a6c5-4b11-a503-47c405a6f9d4,MLV1-R08506,MLV1-A0800,información,interno,alta,digital,divulgación de información,ausencia de políticas,3,5,mitigar,2025-07-30,0
5cf8d511-6284-4995-800f-e4a9d13a5f5e,MLV1-R08590,MLV1-A0811,software,publico,alta,digital,malware,configuración incorrecta,3,4,mitigar,2025-07-30,0
c129fd4a-1f9f-4e1a-9e19-30ecd49b0d51,MLV1-R09856,MLV1-A0864,información,confidencial,alta,digital,acceso no autorizado,contraseñas débiles,4,4,mitigar,2025-07-30,0
c1c23b55-763f-4ea7-9d75-594d6dda37a0,MLV1-R09928,MLV1-A0864,información,confidencial,alta,digital,error humano,configuración incorrecta,3,5,mitigar,2025-07-30,0
4f5a8171-d3e6-4ff2-85de-cdd8dac6e133,MLV1-R02160,MLV1-A0461,redes y comunicaciones,interno,media,físico,acceso no autorizado,contraseñas débiles,3,3,mitigar,2025-07-31,0
959f096b-7e93-467c-a6c0-6f2def1766ec,MLV1-R03894,MLV1-A0282,documentación,interno,media,digital,error humano,configuración incorrecta,4,4,mitigar,2025-07-31,0
32e22af0-62db-4c90-acd5-79f6eef0dbb9,MLV1-R04160,MLV1-A0738,hardware,interno,alta,físico,daño físico,equipos obsoletos,1,3,aceptar,2025-07-31,0
580fd8f0-8eaa-4e34-8950-1bab70391b5d,MLV1-R04442,MLV1-A0696,software,interno,critica,digital,malware,antivirus desactualizado,3,5,mitigar,2025-07-31,0
8262b173-39f0-4e82-9d6d-e0a19f5e73dc,MLV1-R05062,MLV1-A0446,hardware,confidencial,alta,físico,malware,falta de capacitación,2,3,aceptar,2025-07-31,0
9874fef4-c8a5-4333-8cf0-8afaa53fb0e6,MLV1-R06991,MLV1-A0987,hardware,interno,baja,físico,malware,antivirus desactualizado,4,2,aceptar,2025-07-31,0
3087da2a-8163-458a-b058-ff7585e84c17,MLV1-R07815,MLV1-A0258,software,interno,critica,digital,ransomware,antivirus desactualizado,5,5,mitigar,2025-07-31,0
81fe1063-880e-4a5e-8cce-08b88a619b05,MLV1-R09257,MLV1-A0648,software,confidencial,baja,digital,pérdida de información,ausencia de respaldos,4,2,mitigar,2025-07-31,0
2c8969a8-cdbf-462d-a518-fc44e541f68b,MLV1-R01195,MLV1-A0563,hardware,interno,alta,físico,daño físico,sin mantenimiento,3,5,mitigar,2025-08-01,0
4a66f2ac-e663-49cd-bbbe-d99d6f605571,MLV1-R02714,MLV1-A0097,redes y comunicaciones,confidencial,media,físico,falla eléctrica,sin mantenimiento,3,2,mitigar,2025-08-01,1
6824ade7-c116-4c01-bbfb-d03232fb8ad0,MLV1-R03078,MLV1-A0103,información,confidencial,media,digital,pérdida de información,ausencia de respaldos,4,5,mitigar,2025-08-01,0
1ca14bb5-df11-4d9f-b38e-56fc5dc984a9,MLV1-R03975,MLV1-A0260,hardware,interno,media,físico,incendio,ausencia de políticas,5,5,mitigar,2025-08-01,0
e86ad23e-93ae-4ca9-a3be-a832bcc0a0d2,MLV1-R05951,MLV1-A0349,redes y comunicaciones,restringido,media,físico,falla eléctrica,sin mantenimiento,3,4,mitigar,2025-08-01,0
0c4ce82a-90a6-4c83-aad7-e5ce86d88eec,MLV1-R06974,MLV1-A0275,hardware,interno,media,físico,incendio,almacenamiento inadecuado,3,2,mitigar,2025-08-01,0
177d93bb-d8bd-4020-90ea-c58d60f4fd91,MLV1-R00030,MLV1-A0590,información,interno,alta,digital,pérdida de información,almacenamiento inadecuado,4,3,mitigar,2025-08-02,1
6f7ea567-6973-481a-91a2-e9151d916edd,MLV1-R00184,MLV1-A0960,información,interno,media,digital,error humano,falta de capacitación,1,2,aceptar,2025-08-02,0
867ef82f-6da3-4598-908f-04d4d7c21d4d,MLV1-R00401,MLV1-A0590,información,interno,alta,digital,error humano,ausencia de políticas,2,3,mitigar,2025-08-02,0
31a8e875-468e-4796-b447-4bbe415b8fb2,MLV1-R00967,MLV1-A0054,hardware,publico,critica,físico,error humano,configuración incorrecta,2,3,mitigar,2025-08-02,0
ccd045b2-3263-4d1b-85ae-ed92362332a0,MLV1-R01063,MLV1-A0054,hardware,publico,critica,físico,malware,antivirus desactualizado,4,5,mitigar,2025-08-02,1
835d33f4-542d-4ffe-8c2e-58f51de9ae52,MLV1-R02814,MLV1-A0482,documentación,confidencial,alta,físico,daño físico,sin mantenimiento,3,4,transferir,2025-08-02,0
4d1e7fa9-63eb-4f9f-89f8-89cd4cf65fbc,MLV1-R03550,MLV1-A0590,información,interno,alta,digital,divulgación de información,falta de controles de acceso,4,5,mitigar,2025-08-02,0
5aef1564-308e-4070-96f5-5c2be5067567,MLV1-R04333,MLV1-A0930,software,interno,critica,digital,malware,configuración incorrecta,4,5,mitigar,2025-08-02,0
e1d3f4b4-8010-4ce9-9bcd-f58b7272935e,MLV1-R04515,MLV1-A0590,información,interno,alta,digital,divulgación de información,falta de controles de acceso,5,4,mitigar,2025-08-02,0
61834849-1dd2-41af-979b-542b8a2a58a2,MLV1-R04655,MLV1-A0054,hardware,publico,critica,físico,robo,ausencia de políticas,3,3,aceptar,2025-08-02,0
1a8e0e5d-fea3-4b7c-a7f4-ed57794ea080,MLV1-R04751,MLV1-A0590,información,interno,alta,digital,acceso no autorizado,falta de controles de acceso,3,4,mitigar,2025-08-02,0
c836a69a-7d94-4cff-b1c6-a58b9aba2767,MLV1-R05100,MLV1-A0301,redes y comunicaciones,publico,alta,físico,error humano,ausencia de políticas,3,4,mitigar,2025-08-02,0
64f45a55-7659-43c0-acc0-3acaa32fb845,MLV1-R05635,MLV1-A0590,información,interno,alta,digital,acceso no autorizado,contraseñas débiles,5,4,mitigar,2025-08-02,0
460c8bfa-951b-4001-8d97-3453b9b9a06e,MLV1-R05852,MLV1-A0706,documentación,publico,critica,físico,daño físico,sin mantenimiento,2,5,mitigar,2025-08-02,0
d11d93ca-0d2f-407f-a295-1d155996fbf4,MLV1-R06349,MLV1-A0054,hardware,publico,critica,físico,daño físico,almacenamiento inadecuado,2,4,mitigar,2025-08-02,0
5e136494-2008-45a1-a8e8-955704dbc2ce,MLV1-R06645,MLV1-A0649,software,interno,alta,digital,interrupción del servicio,configuración incorrecta,1,5,aceptar,2025-08-02,0
76acd2c0-d65b-413a-9c12-d0635c27a8f1,MLV1-R07075,MLV1-A0452,hardware,interno,critica,físico,malware,configuración incorrecta,2,5,mitigar,2025-08-02,0
649e3fd9-0c9a-4521-a4cd-1a4481f2b35e,MLV1-R07981,MLV1-A0914,documentación,interno,alta,digital,daño físico,sin mantenimiento,5,4,mitigar,2025-08-02,0
abbb716c-b11c-4c91-9e44-fd85146047b0,MLV1-R08075,MLV1-A0625,redes y comunicaciones,interno,alta,físico,falla eléctrica,equipos obsoletos,5,2,mitigar,2025-08-02,1
be616592-ac11-4a19-82d7-6d03d0ac32c8,MLV1-R08196,MLV1-A0590,información,interno,alta,digital,pérdida de información,ausencia de respaldos,4,3,mitigar,2025-08-02,1
c254592a-2d0b-4504-92d1-8c7e4a0bcaae,MLV1-R08947,MLV1-A0930,software,interno,critica,digital,interrupción del servicio,equipos obsoletos,1,5,aceptar,2025-08-02,0
1ac62029-8983-4150-bf33-ce35c6ba0faa,MLV1-R00150,MLV1-A0197,información,interno,alta,digital,divulgación de información,contraseñas débiles,3,3,mitigar,2025-08-03,0
ffc2d400-d8b1-4ed0-a137-84691469e493,MLV1-R00199,MLV1-A0727,información,interno,baja,digital,pérdida de información,almacenamiento inadecuado,2,2,aceptar,2025-08-03,0
dbec6ecd-2619-4cd4-9e3b-83cf7747d972,MLV1-R00202,MLV1-A0727,información,interno,baja,digital,divulgación de información,falta de controles de acceso,3,1,aceptar,2025-08-03,0
d7e3d166-bc78-4002-9638-54b6aa811176,MLV1-R00543,MLV1-A0197,información,interno,alta,digital,error humano,ausencia de políticas,4,3,mitigar,2025-08-03,0
8dc6e915-a12e-481a-a9b7-ca6aa7ebc97c,MLV1-R00566,MLV1-A0727,información,interno,baja,digital,divulgación de información,contraseñas débiles,5,3,mitigar,2025-08-03,0
6c7926ec-7982-43db-a1f6-61340bff3148,MLV1-R00910,MLV1-A0197,información,interno,alta,digital,ransomware,configuración incorrecta,2,3,aceptar,2025-08-03,0
a16ec737-73e8-439e-9bc2-d13ba73f5c68,MLV1-R01652,MLV1-A0169,hardware,interno,alta,físico,falla eléctrica,sin mantenimiento,2,5,mitigar,2025-08-03,0
805def32-9a19-4733-bfc8-6cef7187ce03,MLV1-R02116,MLV1-A0264,software,confidencial,alta,digital,acceso no autorizado,falta de controles de acceso,3,4,mitigar,2025-08-03,0
a800c87d-a502-453f-a5d4-0fd8f09d2672,MLV1-R04637,MLV1-A0727,información,interno,baja,digital,divulgación de información,falta de controles de acceso,2,3,mitigar,2025-08-03,0
00312638-daca-4c4e-b3b5-129d57e96556,MLV1-R06037,MLV1-A0569,servicios ti,interno,baja,digital,ransomware,antivirus desactualizado,2,1,aceptar,2025-08-03,0
26a72645-5a94-41ba-a538-1234cb149754,MLV1-R06551,MLV1-A0727,información,interno,baja,digital,error humano,ausencia de políticas,1,2,mitigar,2025-08-03,0
1bbd6c47-eee6-410c-99ee-2fe92651d2ed,MLV1-R07674,MLV1-A0364,hardware,interno,alta,físico,inundación,almacenamiento inadecuado,3,4,mitigar,2025-08-03,0
89998711-d9ab-401e-a032-ded558a00d10,MLV1-R07739,MLV1-A0727,información,interno,baja,digital,malware,falta de capacitación,4,2,aceptar,2025-08-03,0
1d45fcc1-b037-411b-9a0c-1d8fa6556554,MLV1-R07936,MLV1-A0197,información,interno,alta,digital,pérdida de información,ausencia de respaldos,3,4,mitigar,2025-08-03,0
b730d55b-4828-4ca6-a9c9-61fc2e7e3488,MLV1-R00460,MLV1-A0249,información,interno,alta,digital,acceso no autorizado,falta de controles de acceso,2,3,mitigar,2025-08-04,0
19c3140e-7ffa-4320-ac6e-8c7d75429a1a,MLV1-R00762,MLV1-A0783,hardware,interno,media,físico,incendio,almacenamiento inadecuado,2,3,mitigar,2025-08-04,0
b313b9d7-301f-4640-a3ba-48279cdba132,MLV1-R00803,MLV1-A0719,información,interno,critica,digital,pérdida de información,configuración incorrecta,3,4,mitigar,2025-08-04,1
affb0632-01c2-4490-8d59-50204b6de5be,MLV1-R00842,MLV1-A0249,información,interno,alta,digital,malware,antivirus desactualizado,5,4,mitigar,2025-08-04,0
3995f7f4-d4d1-496d-9c77-eee787c98578,MLV1-R01397,MLV1-A0229,documentación,confidencial,alta,digital,error humano,falta de capacitación,1,4,mitigar,2025-08-04,0
f2b5a416-bc74-4a1e-b760-839f8bf50456,MLV1-R02912,MLV1-A0229,documentación,confidencial,alta,digital,daño físico,almacenamiento inadecuado,1,3,aceptar,2025-08-04,0
c72d1a7a-76a8-4a16-88d9-b71c1aed1edd,MLV1-R03268,MLV1-A0563,hardware,interno,alta,físico,robo,falta de controles de acceso,5,5,mitigar,2025-08-04,0
98813e8d-8695-4e0e-add3-dea3bb0abbc8,MLV1-R03725,MLV1-A0229,documentación,confidencial,alta,digital,error humano,ausencia de políticas,3,3,aceptar,2025-08-04,0
f5e777c9-7c88-4aa8-9a57-282d9a4085cd,MLV1-R04664,MLV1-A0111,hardware,confidencial,media,físico,error humano,configuración incorrecta,1,3,aceptar,2025-08-04,0
a053c03d-e8ce-45d6-8e90-43c0803efdce,MLV1-R05723,MLV1-A0249,información,interno,alta,digital,error humano,falta de capacitación,3,4,mitigar,2025-08-04,0
362a1d3b-bd6d-41c7-8810-45d9997fd1bf,MLV1-R07767,MLV1-A0249,información,interno,alta,digital,error humano,ausencia de políticas,5,4,mitigar,2025-08-04,0
e09f2935-6fa2-445b-9a28-4878ca05741e,MLV1-R07846,MLV1-A0229,documentación,confidencial,alta,digital,inundación,ausencia de políticas,3,3,mitigar,2025-08-04,0
966db07b-392f-450d-8129-5ff467608901,MLV1-R08972,MLV1-A0260,hardware,interno,media,físico,robo,ausencia de políticas,3,3,aceptar,2025-08-04,0
92488bfa-4519-4cdd-a883-8c96b2c67f60,MLV1-R09153,MLV1-A0198,software,interno,critica,digital,interrupción del servicio,sin mantenimiento,3,5,mitigar,2025-08-04,0
86209ae6-f4ff-40ff-93d0-9fbd23e356a4,MLV1-R09219,MLV1-A0229,documentación,confidencial,alta,digital,daño físico,sin mantenimiento,4,4,transferir,2025-08-04,0
d4f02cb8-4409-4845-a8b9-c13cc795dc06,MLV1-R09277,MLV1-A0719,información,interno,critica,digital,divulgación de información,falta de controles de acceso,3,4,mitigar,2025-08-04,0
16f0fbff-ba77-43c5-8227-c8c8cb4a9f3b,MLV1-R09466,MLV1-A0719,información,interno,critica,digital,pérdida de información,ausencia de respaldos,4,4,mitigar,2025-08-04,1
d262c080-288a-481a-9b99-f1d91f452fa8,MLV1-R09484,MLV1-A0229,documentación,confidencial,alta,digital,pérdida de información,ausencia de respaldos,4,5,mitigar,2025-08-04,1
2639446d-295e-46d7-9599-38cd498e54f7,MLV1-R01413,MLV1-A0700,otros,restringido,critica,físico,interrupción del servicio,configuración incorrecta,3,4,mitigar,2025-08-05,0
3e727f87-45c7-4320-8088-0eb8259089f8,MLV1-R01434,MLV1-A0730,información,interno,critica,digital,pérdida de información,almacenamiento inadecuado,3,5,mitigar,2025-08-05,0
b29cb46f-1602-45ff-9471-a2e0e26ee0a2,MLV1-R03026,MLV1-A0787,hardware,publico,baja,físico,acceso no autorizado,contraseñas débiles,5,2,mitigar,2025-08-05,0
2e520e18-90cf-4d87-a6ce-16688e9a16bb,MLV1-R03278,MLV1-A0783,hardware,interno,media,físico,error humano,falta de capacitación,3,1,aceptar,2025-08-05,0
881d0db3-28ae-48f4-88f3-9d5755c6f8dc,MLV1-R03487,MLV1-A0700,otros,restringido,critica,físico,daño físico,sin mantenimiento,2,3,transferir,2025-08-05,0
9d1a62a7-3c6e-49d7-877d-b24895478eda,MLV1-R03612,MLV1-A0105,hardware,publico,alta,físico,falla eléctrica,sin mantenimiento,2,2,aceptar,2025-08-05,0
d2ad89b9-b617-4f21-a474-021050c273e6,MLV1-R04303,MLV1-A0730,información,interno,critica,digital,pérdida de información,configuración incorrecta,3,4,mitigar,2025-08-05,0
cc4caeb2-c13d-4dc1-b2a2-f04b668447d6,MLV1-R04890,MLV1-A0755,servicios ti,interno,media,digital,interrupción del servicio,equipos obsoletos,4,3,mitigar,2025-08-05,0
eab3305f-3b3c-4f6a-a06c-c2fd9fa97612,MLV1-R05560,MLV1-A0730,información,interno,critica,digital,error humano,configuración incorrecta,3,5,evitar,2025-08-05,1
34d36767-8133-4706-b812-fedc55b34f7e,MLV1-R06163,MLV1-A0700,otros,restringido,critica,físico,robo,ausencia de políticas,5,5,mitigar,2025-08-05,0
74994564-c417-407e-a890-ba38ef5c242a,MLV1-R06359,MLV1-A0730,información,interno,critica,digital,acceso no autorizado,ausencia de políticas,1,5,aceptar,2025-08-05,0
8d319911-c31e-43b4-bed9-4a51b84efc22,MLV1-R06621,MLV1-A0730,información,interno,critica,digital,pérdida de información,ausencia de respaldos,3,5,mitigar,2025-08-05,0
b844f60b-4521-4b88-acfa-cb820985adb4,MLV1-R08426,MLV1-A0280,servicios ti,interno,media,digital,ransomware,configuración incorrecta,4,2,mitigar,2025-08-05,0
7cb637eb-0668-4e0c-91be-b99b9ca2169e,MLV1-R08519,MLV1-A0700,otros,restringido,critica,físico,robo,ausencia de políticas,4,3,transferir,2025-08-05,1
c8d7fc1e-bbf6-42a9-b732-cb6c0e3d1c93,MLV1-R09221,MLV1-A0179,hardware,interno,media,físico,falla eléctrica,sin mantenimiento,5,1,aceptar,2025-08-05,0
6f6d5273-a945-46f1-858c-e043b11dd7c3,MLV1-R09700,MLV1-A0730,información,interno,critica,digital,acceso no autorizado,contraseñas débiles,4,5,mitigar,2025-08-05,1
eaec4652-e1f9-4be7-8aca-1df865cfdc28,MLV1-R00099,MLV1-A0214,información,interno,critica,digital,error humano,falta de capacitación,4,4,mitigar,2025-08-06,1
13149be2-1bee-42ef-82c8-fce33b9126aa,MLV1-R00397,MLV1-A0378,software,restringido,alta,digital,acceso no autorizado,contraseñas débiles,4,3,mitigar,2025-08-06,0
8534c376-daec-4740-a8dd-48d19407f691,MLV1-R00693,MLV1-A0214,información,interno,critica,digital,divulgación de información,ausencia de políticas,4,5,mitigar,2025-08-06,0
59083062-82db-49fe-b759-34bc3d10ac76,MLV1-R00747,MLV1-A0214,información,interno,critica,digital,acceso no autorizado,contraseñas débiles,5,3,evitar,2025-08-06,1
fbafbb3b-8cae-4872-922a-f6a92f6a57c4,MLV1-R01116,MLV1-A0625,redes y comunicaciones,interno,alta,físico,interrupción del servicio,sin mantenimiento,3,4,mitigar,2025-08-06,0
f9e35a9d-e7a8-4348-ac12-192f52f0e8d6,MLV1-R01158,MLV1-A0105,hardware,publico,alta,físico,robo,falta de controles de acceso,5,4,mitigar,2025-08-06,0
7fae1868-52e8-464e-9751-509ce86e08a6,MLV1-R02531,MLV1-A0214,información,interno,critica,digital,acceso no autorizado,ausencia de políticas,3,5,mitigar,2025-08-06,0
030bf0ae-082c-4c1d-a42d-91f624184cd2,MLV1-R02609,MLV1-A0214,información,interno,critica,digital,error humano,falta de capacitación,3,5,mitigar,2025-08-06,0
2a1fefe9-244d-4645-aaf7-ea9b374d05c9,MLV1-R03306,MLV1-A0378,software,restringido,alta,digital,ransomware,ausencia de respaldos,2,3,transferir,2025-08-06,1
4a66a746-f18b-452c-8d09-a2f3d212026e,MLV1-R03465,MLV1-A0375,hardware,confidencial,alta,físico,malware,antivirus desactualizado,2,5,aceptar,2025-08-06,0
79d2666d-8431-42b1-831e-54d3288f6157,MLV1-R05933,MLV1-A0160,hardware,interno,critica,físico,daño físico,equipos obsoletos,1,5,aceptar,2025-08-06,0
a9daa352-9616-4c1a-a123-c08200f9a4ff,MLV1-R06047,MLV1-A0214,información,interno,critica,digital,malware,configuración incorrecta,2,5,mitigar,2025-08-06,0
4707fa26-4a3b-424e-ac90-d30b485d147b,MLV1-R07552,MLV1-A0378,software,restringido,alta,digital,interrupción del servicio,sin mantenimiento,2,5,transferir,2025-08-06,0
f3835409-1c05-4ef7-a52f-b8c31d914687,MLV1-R08316,MLV1-A0378,software,restringido,alta,digital,error humano,falta de capacitación,4,4,transferir,2025-08-06,1
1c45302c-6770-4388-a459-2c485d0441ea,MLV1-R09726,MLV1-A0214,información,interno,critica,digital,pérdida de información,almacenamiento inadecuado,1,3,aceptar,2025-08-06,0
f786841e-9818-4266-9fe3-aa195453c56f,MLV1-R09793,MLV1-A0214,información,interno,critica,digital,pérdida de información,configuración incorrecta,3,4,mitigar,2025-08-06,0
6dda7ae7-1453-48c7-9d82-e9fed7166b1a,MLV1-R01638,MLV1-A0302,información,confidencial,media,digital,error humano,falta de capacitación,3,3,aceptar,2025-08-07,0
ba39d74c-d7f9-4b70-ad80-a4b54e4c5595,MLV1-R02940,MLV1-A0807,software,interno,alta,digital,ransomware,falta de capacitación,4,3,mitigar,2025-08-07,0
97ed2a5c-4a40-4381-a49e-ee04ddb23fb1,MLV1-R03876,MLV1-A0539,hardware,publico,media,físico,acceso no autorizado,ausencia de políticas,1,3,aceptar,2025-08-07,0
4d615968-d043-4c80-bec1-f6a43b99a830,MLV1-R06748,MLV1-A0773,información,interno,baja,digital,ransomware,ausencia de respaldos,2,1,aceptar,2025-08-07,0
7f88f4f0-a3e2-4100-ae4c-a05c55010575,MLV1-R07202,MLV1-A0847,información,interno,media,digital,pérdida de información,ausencia de respaldos,4,2,mitigar,2025-08-07,0
e435a5bd-560b-4491-ba78-c093f91c1d11,MLV1-R07307,MLV1-A0956,información,interno,baja,digital,divulgación de información,ausencia de políticas,2,1,mitigar,2025-08-07,0
9db77de4-8b5e-4fd0-a0c9-e56c233b192e,MLV1-R07406,MLV1-A0936,hardware,interno,baja,físico,robo,falta de controles de acceso,4,4,mitigar,2025-08-07,1
3cc43477-4601-4652-91e1-b7997a5f76e1,MLV1-R07409,MLV1-A0220,hardware,restringido,critica,físico,error humano,ausencia de políticas,2,5,aceptar,2025-08-07,0
5b8cd2b1-cae7-46ad-ba32-819055e4dd31,MLV1-R07578,MLV1-A0936,hardware,interno,baja,físico,malware,configuración incorrecta,2,1,aceptar,2025-08-07,0
93b57642-a3f3-44cc-8e24-c756a1c873e9,MLV1-R08309,MLV1-A0390,hardware,confidencial,media,físico,daño físico,equipos obsoletos,4,3,evitar,2025-08-07,1
a86239a5-2e3a-41bb-a83a-64916ea63ce6,MLV1-R00461,MLV1-A0038,servicios ti,interno,critica,digital,interrupción del servicio,equipos obsoletos,3,3,mitigar,2025-08-08,0
38491b71-2e45-4c27-86e2-84ca7d0f4450,MLV1-R00853,MLV1-A0339,software,publico,alta,digital,malware,falta de capacitación,1,3,aceptar,2025-08-08,0
f34c36f1-87c7-4f16-8cd8-3de718f249ca,MLV1-R00883,MLV1-A0345,hardware,interno,media,físico,error humano,falta de capacitación,3,1,aceptar,2025-08-08,0
932b5c0e-9f29-4bfd-965c-6746d143ae27,MLV1-R01739,MLV1-A0252,documentación,publico,media,físico,robo,falta de controles de acceso,4,3,mitigar,2025-08-08,0
96395008-1983-4399-aba8-bd69bed9a40a,MLV1-R02935,MLV1-A0786,información,interno,alta,digital,divulgación de información,contraseñas débiles,4,4,mitigar,2025-08-08,0
ac779901-6c8a-447a-a4ab-4748908aedb0,MLV1-R02973,MLV1-A0035,información,confidencial,critica,digital,malware,configuración incorrecta,2,4,aceptar,2025-08-08,0
541f4621-e1d0-4454-84c5-2c36672ab67a,MLV1-R04190,MLV1-A0345,hardware,interno,media,físico,acceso no autorizado,contraseñas débiles,4,2,mitigar,2025-08-08,0
db01a11d-0785-4a79-b3a2-fd25d98f1f84,MLV1-R04330,MLV1-A0648,software,confidencial,baja,digital,malware,antivirus desactualizado,2,2,aceptar,2025-08-08,0
af7036d4-a8e3-4fab-995a-fb06bf79c3eb,MLV1-R07155,MLV1-A0038,servicios ti,interno,critica,digital,pérdida de información,ausencia de respaldos,4,4,transferir,2025-08-08,1
00d30fb3-5dcc-41a0-bb46-38448d6d03a2,MLV1-R07749,MLV1-A0345,hardware,interno,media,físico,error humano,falta de capacitación,5,3,mitigar,2025-08-08,0
480a41b3-3a98-4c81-96fe-4612ef40ab78,MLV1-R09172,MLV1-A0569,servicios ti,interno,baja,digital,pérdida de información,almacenamiento inadecuado,2,2,aceptar,2025-08-08,0
8874324b-ca5e-4bd8-b03e-a84bfd171a85,MLV1-R01308,MLV1-A0020,hardware,confidencial,critica,físico,acceso no autorizado,falta de controles de acceso,2,5,mitigar,2025-08-09,0
e62defa2-59f0-40f3-87bc-e9cda0a69497,MLV1-R01316,MLV1-A0172,software,interno,alta,digital,acceso no autorizado,contraseñas débiles,2,3,transferir,2025-08-09,0
6a471aa6-b43b-4bef-a9fe-f60f6f3b288b,MLV1-R01571,MLV1-A0751,servicios ti,confidencial,alta,digital,error humano,configuración incorrecta,4,4,transferir,2025-08-09,0
cbf50480-38f9-4bf1-b219-0ae9a76aede7,MLV1-R01647,MLV1-A0020,hardware,confidencial,critica,físico,falla eléctrica,equipos obsoletos,3,5,evitar,2025-08-09,0
d7424c51-1a82-4047-aa8b-835f9244edbf,MLV1-R02174,MLV1-A0020,hardware,confidencial,critica,físico,daño físico,equipos obsoletos,1,5,aceptar,2025-08-09,0
a23c1ac2-2c3f-41b9-934c-53c2d713531c,MLV1-R04300,MLV1-A0020,hardware,confidencial,critica,físico,malware,antivirus desactualizado,5,4,mitigar,2025-08-09,0
a3a57c51-f747-48d4-b7a2-c9ecb0609949,MLV1-R04416,MLV1-A0482,documentación,confidencial,alta,físico,error humano,falta de capacitación,2,4,transferir,2025-08-09,0
f5a0461a-a818-4506-b04d-fa7e0c6b4db7,MLV1-R04581,MLV1-A0701,otros,interno,critica,físico,daño físico,almacenamiento inadecuado,2,5,transferir,2025-08-09,0
867a1a1f-d814-403b-b1f8-a7caf6e3502e,MLV1-R05031,MLV1-A0350,servicios ti,confidencial,alta,digital,error humano,falta de capacitación,2,4,mitigar,2025-08-09,0
db44d38f-1381-48af-9f09-0db9cf52352a,MLV1-R05900,MLV1-A0435,información,restringido,baja,digital,malware,antivirus desactualizado,4,2,transferir,2025-08-09,0
9350a953-39ba-4113-bb1a-0a4898ce28e7,MLV1-R06252,MLV1-A0172,software,interno,alta,digital,pérdida de información,almacenamiento inadecuado,3,5,mitigar,2025-08-09,1
510a9e0b-b562-4dfb-9219-6fdee8c35b5a,MLV1-R07147,MLV1-A0919,servicios ti,confidencial,alta,digital,pérdida de información,almacenamiento inadecuado,4,5,mitigar,2025-08-09,1
f32fa6ba-4aac-4b59-856e-3f68b6f4b662,MLV1-R08321,MLV1-A0172,software,interno,alta,digital,interrupción del servicio,sin mantenimiento,4,3,mitigar,2025-08-09,0
b5da6949-9fba-41b0-a2ba-e523f0bc20fa,MLV1-R08622,MLV1-A0350,servicios ti,confidencial,alta,digital,interrupción del servicio,equipos obsoletos,1,4,mitigar,2025-08-09,0
6a2cafaa-c4e1-47ea-bb03-ecee7ce8e700,MLV1-R09328,MLV1-A0350,servicios ti,confidencial,alta,digital,error humano,falta de capacitación,2,2,mitigar,2025-08-09,0
2edd72b8-531a-4c92-9a98-844ac9dc0631,MLV1-R09447,MLV1-A0242,documentación,publico,alta,digital,daño físico,sin mantenimiento,1,5,aceptar,2025-08-09,0
0ec8596f-4b39-4496-8bc7-692493ec8274,MLV1-R00602,MLV1-A0105,hardware,publico,alta,físico,daño físico,sin mantenimiento,4,3,evitar,2025-08-10,1
e90ffced-81a0-4a0d-bd4d-c46e89adcd54,MLV1-R00997,MLV1-A0360,servicios ti,interno,critica,digital,acceso no autorizado,contraseñas débiles,3,4,mitigar,2025-08-10,0
b5df9326-a970-46c3-b4c8-62474284ba59,MLV1-R03570,MLV1-A0175,software,interno,critica,digital,malware,configuración incorrecta,3,5,mitigar,2025-08-10,0
b3acd1d5-e81c-4ddf-aa79-6b3589c3ee40,MLV1-R05143,MLV1-A0175,software,interno,critica,digital,malware,antivirus desactualizado,3,5,transferir,2025-08-10,0
e79d8c07-1161-42ff-91f4-4138eaf9fbd3,MLV1-R05847,MLV1-A0175,software,interno,critica,digital,acceso no autorizado,contraseñas débiles,3,4,transferir,2025-08-10,0
8acde344-de9f-47c1-a401-c24ce5323516,MLV1-R06636,MLV1-A0847,información,interno,media,digital,pérdida de información,configuración incorrecta,4,1,mitigar,2025-08-10,0
f51826c4-4fc0-4bdd-a012-356acd4eabdb,MLV1-R08550,MLV1-A0175,software,interno,critica,digital,ransomware,configuración incorrecta,3,5,mitigar,2025-08-10,1
ef83142b-14b1-4d63-9728-9972d58a5545,MLV1-R01367,MLV1-A0544,hardware,confidencial,alta,físico,robo,falta de controles de acceso,5,3,evitar,2025-08-11,0
b46dac00-6a85-4f7e-ab12-9f749cafbc1a,MLV1-R01390,MLV1-A0589,hardware,interno,media,físico,daño físico,almacenamiento inadecuado,1,3,aceptar,2025-08-11,0
db609e11-5b55-4d1c-9214-52533c7c52df,MLV1-R02349,MLV1-A0544,hardware,confidencial,alta,físico,robo,ausencia de políticas,1,5,aceptar,2025-08-11,0
470ee522-17f9-4edf-b526-f6ebf493dc04,MLV1-R02397,MLV1-A0609,hardware,interno,alta,físico,error humano,falta de capacitación,2,3,mitigar,2025-08-11,1
24d87ebd-fe67-41e1-b4ba-beddbfe3254c,MLV1-R03071,MLV1-A0609,hardware,interno,alta,físico,malware,falta de capacitación,2,4,aceptar,2025-08-11,0
fc826a69-125f-45fb-bac0-eea29c4d393b,MLV1-R03129,MLV1-A0544,hardware,confidencial,alta,físico,daño físico,equipos obsoletos,1,4,mitigar,2025-08-11,0
55523ef4-8bd4-44ee-af17-404074d5a57a,MLV1-R03402,MLV1-A0283,hardware,interno,critica,físico,robo,ausencia de políticas,2,5,aceptar,2025-08-11,0
7f5554bb-d5df-4e74-9681-89882b4633b8,MLV1-R03488,MLV1-A0800,información,interno,alta,digital,divulgación de información,falta de controles de acceso,5,4,mitigar,2025-08-11,1
61f7110c-76ea-4f2b-b921-53880687ed29,MLV1-R04762,MLV1-A0583,hardware,interno,media,físico,robo,falta de controles de acceso,4,3,mitigar,2025-08-11,0
d0c67410-33c5-47a8-a9e0-d6b2a2fac077,MLV1-R07673,MLV1-A0547,redes y comunicaciones,confidencial,alta,físico,interrupción del servicio,configuración incorrecta,3,3,transferir,2025-08-11,0
97aac65c-10c6-402f-8761-6b0c03a48f5a,MLV1-R08357,MLV1-A0497,documentación,publico,alta,digital,error humano,falta de capacitación,4,4,mitigar,2025-08-11,0
d95b03dd-dbc5-4f69-971f-d2ba8aab2d93,MLV1-R08984,MLV1-A0569,servicios ti,interno,baja,digital,interrupción del servicio,configuración incorrecta,3,1,aceptar,2025-08-11,0
ae0cf144-ad2d-4edb-8971-74473cc06042,MLV1-R09001,MLV1-A0609,hardware,interno,alta,físico,error humano,falta de capacitación,3,4,transferir,2025-08-11,0
1e347d1c-8181-4278-aeb2-2824c714e78e,MLV1-R09258,MLV1-A0208,documentación,interno,media,físico,error humano,falta de capacitación,3,2,mitigar,2025-08-11,0
f88f38b8-d83b-44f6-9fb0-66da49551dd0,MLV1-R09808,MLV1-A0589,hardware,interno,media,físico,error humano,falta de capacitación,2,1,aceptar,2025-08-11,0
f4192593-c7b6-4f74-bfeb-8beca68267cf,MLV1-R09829,MLV1-A0453,información,interno,baja,digital,acceso no autorizado,falta de controles de acceso,4,1,aceptar,2025-08-11,0
df23c870-133f-41f0-83a6-dda23ba6da2b,MLV1-R00937,MLV1-A0668,redes y comunicaciones,interno,media,físico,error humano,ausencia de políticas,3,4,mitigar,2025-08-12,0
9837befe-515a-4933-88d9-31cf06590210,MLV1-R01042,MLV1-A0668,redes y comunicaciones,interno,media,físico,falla eléctrica,equipos obsoletos,4,2,mitigar,2025-08-12,0
3339e6e1-d794-4032-8761-25138704159f,MLV1-R02193,MLV1-A0599,software,confidencial,alta,digital,malware,antivirus desactualizado,4,4,mitigar,2025-08-12,0
b6dbc4f6-97f2-4a26-8d7b-93f7424717ab,MLV1-R02535,MLV1-A0197,información,interno,alta,digital,pérdida de información,configuración incorrecta,3,3,mitigar,2025-08-12,0
a122c645-9114-4637-9226-ed04848de3d9,MLV1-R03131,MLV1-A0642,documentación,interno,media,digital,robo,falta de controles de acceso,4,4,mitigar,2025-08-12,0
a23ec430-ab42-4a16-8f10-9ee2cc1cc000,MLV1-R04106,MLV1-A0668,redes y comunicaciones,interno,media,físico,interrupción del servicio,sin mantenimiento,3,2,mitigar,2025-08-12,0
eedbdd46-9323-4b47-8415-8c5bfd9eb5ec,MLV1-R04132,MLV1-A0212,información,confidencial,alta,digital,error humano,falta de capacitación,1,4,aceptar,2025-08-12,0
4ca00e3d-db8f-4858-9028-7d25a0c19377,MLV1-R04181,MLV1-A0668,redes y comunicaciones,interno,media,físico,error humano,falta de capacitación,3,4,mitigar,2025-08-12,0
a62cbaa7-08a5-4324-b202-708dfcd5e984,MLV1-R04720,MLV1-A0383,servicios ti,restringido,alta,digital,pérdida de información,almacenamiento inadecuado,1,5,aceptar,2025-08-12,0
5d594efb-3e06-41ab-9568-705b7e736248,MLV1-R05471,MLV1-A0411,documentación,publico,alta,digital,pérdida de información,configuración incorrecta,3,4,mitigar,2025-08-12,0
28b28a0e-d958-4dcb-a18c-ee5962d46089,MLV1-R06067,MLV1-A0425,servicios ti,interno,critica,digital,interrupción del servicio,sin mantenimiento,3,3,aceptar,2025-08-12,0
93a417dc-754d-43eb-96e5-30df27d92797,MLV1-R06811,MLV1-A0668,redes y comunicaciones,interno,media,físico,error humano,falta de capacitación,1,3,aceptar,2025-08-12,0
47660111-7b79-4d83-a4ee-79eeb09305e3,MLV1-R06849,MLV1-A0833,software,interno,media,digital,acceso no autorizado,contraseñas débiles,3,3,mitigar,2025-08-12,0
13089096-0a34-447a-879c-b9698e8f5205,MLV1-R07005,MLV1-A0198,software,interno,critica,digital,ransomware,ausencia de respaldos,4,5,mitigar,2025-08-12,1
90cb3418-c668-4d16-a79d-08b93decf000,MLV1-R07413,MLV1-A0735,información,interno,media,digital,pérdida de información,almacenamiento inadecuado,1,3,aceptar,2025-08-12,0
d8337b40-1e73-4282-99c0-092187447d0d,MLV1-R08673,MLV1-A0555,información,confidencial,baja,digital,acceso no autorizado,falta de controles de acceso,2,3,mitigar,2025-08-12,0
786ed9ea-841b-463a-beb0-6fd303b19cf1,MLV1-R01446,MLV1-A0529,información,interno,media,digital,divulgación de información,falta de controles de acceso,5,1,mitigar,2025-08-13,0
ff291b04-76ad-4d06-9fa9-b1629176aa50,MLV1-R01702,MLV1-A0536,servicios ti,publico,alta,digital,malware,falta de capacitación,3,4,transferir,2025-08-13,1
33253f6e-17d3-4342-a617-447b2fcb8fba,MLV1-R02571,MLV1-A0145,servicios ti,interno,media,digital,interrupción del servicio,configuración incorrecta,2,4,aceptar,2025-08-13,0
fdd7a30c-9e36-463f-989c-c3aab15dc0d3,MLV1-R03038,MLV1-A0894,software,interno,media,digital,ransomware,falta de capacitación,4,1,aceptar,2025-08-13,0
fc427e8d-f5cf-41f6-a58a-08ce06de1d57,MLV1-R03388,MLV1-A0536,servicios ti,publico,alta,digital,malware,configuración incorrecta,3,3,aceptar,2025-08-13,0
ce801633-5078-4bf0-8cf0-07446d914af4,MLV1-R04688,MLV1-A0472,redes y comunicaciones,interno,media,físico,interrupción del servicio,configuración incorrecta,3,4,mitigar,2025-08-13,0
2b483a31-ed56-4173-ab26-c12108d18f16,MLV1-R05064,MLV1-A0536,servicios ti,publico,alta,digital,interrupción del servicio,sin mantenimiento,1,4,aceptar,2025-08-13,0
fcc7d8a1-5347-4f93-aea6-8a6548276765,MLV1-R05460,MLV1-A0508,información,interno,alta,digital,divulgación de información,ausencia de políticas,1,5,aceptar,2025-08-13,0
48882355-c441-40b3-8cd0-9b6733dd6430,MLV1-R07722,MLV1-A0660,hardware,restringido,media,físico,error humano,falta de capacitación,4,3,mitigar,2025-08-13,0
3fd9a71d-90ab-46bb-b30f-50927953fabc,MLV1-R09022,MLV1-A0536,servicios ti,publico,alta,digital,malware,antivirus desactualizado,3,4,mitigar,2025-08-13,0
9514939a-5acd-4a61-b671-ad860ca23757,MLV1-R09655,MLV1-A0772,hardware,interno,baja,físico,acceso no autorizado,ausencia de políticas,3,2,aceptar,2025-08-13,0
60448972-e4b3-43cd-905d-6bfcee5a5544,MLV1-R01530,MLV1-A0851,documentación,publico,critica,digital,robo,falta de controles de acceso,3,4,mitigar,2025-08-14,0
33b3ed36-a05f-434a-a8d1-25bc9cfd8e21,MLV1-R02067,MLV1-A0154,documentación,confidencial,media,físico,pérdida de información,ausencia de respaldos,5,1,aceptar,2025-08-14,0
1af90d28-3791-47ae-b766-1704f9e2de58,MLV1-R02699,MLV1-A0957,software,restringido,baja,digital,pérdida de información,ausencia de respaldos,4,3,mitigar,2025-08-14,1
389dec4c-8485-49df-a1ef-5034ee279c33,MLV1-R02972,MLV1-A0957,software,restringido,baja,digital,pérdida de información,almacenamiento inadecuado,2,1,aceptar,2025-08-14,0
ed8e0427-815c-44d1-bab8-26f9bd4153ec,MLV1-R05337,MLV1-A0957,software,restringido,baja,digital,ransomware,configuración incorrecta,2,1,mitigar,2025-08-14,0
ae3e3a8b-efbc-43da-bc3b-d506fae287ed,MLV1-R06522,MLV1-A0264,software,confidencial,alta,digital,acceso no autorizado,falta de controles de acceso,4,2,mitigar,2025-08-14,0
9d457a2a-ebe4-4813-b726-a8ebc8a8064e,MLV1-R07941,MLV1-A0154,documentación,confidencial,media,físico,incendio,almacenamiento inadecuado,3,2,aceptar,2025-08-14,0
86dc93b1-0b60-4842-aeba-668df131acd9,MLV1-R09137,MLV1-A0154,documentación,confidencial,media,físico,inundación,almacenamiento inadecuado,3,4,evitar,2025-08-14,0
11292b47-b4c5-49ab-9ff2-a0644686aca7,MLV1-R09147,MLV1-A0154,documentación,confidencial,media,físico,incendio,ausencia de políticas,3,3,mitigar,2025-08-14,0
4252a11d-4364-4786-8ef9-8e4dd52a085f,MLV1-R03213,MLV1-A0111,hardware,confidencial,media,físico,falla eléctrica,equipos obsoletos,2,2,mitigar,2025-08-15,0
758ea3dc-2fbe-4bf8-b64c-0a53cbbf1d6f,MLV1-R04667,MLV1-A0184,hardware,restringido,alta,físico,robo,ausencia de políticas,3,4,mitigar,2025-08-15,0
47e7e0b9-4a0b-4d47-be87-495fb785f070,MLV1-R05107,MLV1-A0966,servicios ti,restringido,critica,digital,error humano,falta de capacitación,3,4,mitigar,2025-08-15,0
fa1dbe30-e238-4e60-8e78-fc2537aee522,MLV1-R06286,MLV1-A0640,hardware,interno,critica,físico,error humano,ausencia de políticas,3,4,transferir,2025-08-15,0
31cdc44a-44e1-445b-ad8a-de382c753ea0,MLV1-R07189,MLV1-A0680,documentación,confidencial,critica,físico,robo,falta de controles de acceso,2,3,aceptar,2025-08-15,1
ce4f0133-7a22-46e6-b55a-6a658e639476,MLV1-R07219,MLV1-A0966,servicios ti,restringido,critica,digital,malware,antivirus desactualizado,4,4,mitigar,2025-08-15,0
5b75cc41-e19c-400c-b7ea-3f0844d126d4,MLV1-R07298,MLV1-A0966,servicios ti,restringido,critica,digital,interrupción del servicio,configuración incorrecta,2,5,mitigar,2025-08-15,0
f088a334-34a4-4c17-98f3-334b51c0fef8,MLV1-R07652,MLV1-A0746,software,interno,media,digital,ransomware,antivirus desactualizado,4,2,aceptar,2025-08-15,0
ebc2d585-5ff1-4cb7-9c8d-8e4f6f706a83,MLV1-R08192,MLV1-A0966,servicios ti,restringido,critica,digital,acceso no autorizado,contraseñas débiles,3,5,evitar,2025-08-15,0
7337c896-8357-431b-ab32-dc9b7827190d,MLV1-R08243,MLV1-A0966,servicios ti,restringido,critica,digital,malware,falta de capacitación,2,3,mitigar,2025-08-15,0
93bec251-1308-4f02-9e3d-d2600ebda7df,MLV1-R08379,MLV1-A0495,servicios ti,interno,media,digital,pérdida de información,ausencia de respaldos,2,2,aceptar,2025-08-15,0
b586c80d-94ce-4273-aa06-d4fa477ff98e,MLV1-R02230,MLV1-A0085,información,interno,critica,digital,divulgación de información,contraseñas débiles,4,5,mitigar,2025-08-16,0
6335018f-c756-431c-8671-672958b4c484,MLV1-R07277,MLV1-A0650,hardware,restringido,media,físico,falla eléctrica,equipos obsoletos,4,3,mitigar,2025-08-16,0
55b421fb-f934-4167-893f-24c95e68ce1c,MLV1-R08585,MLV1-A0154,documentación,confidencial,media,físico,daño físico,equipos obsoletos,1,3,aceptar,2025-08-16,0
949c3b8f-1604-4af9-8316-d3453372eea5,MLV1-R08675,MLV1-A0216,redes y comunicaciones,interno,critica,físico,acceso no autorizado,contraseñas débiles,5,5,mitigar,2025-08-16,1
ca636c13-ab47-43aa-bb0c-9cb24364acea,MLV1-R00225,MLV1-A0341,información,interno,media,digital,pérdida de información,almacenamiento inadecuado,2,3,mitigar,2025-08-17,0
11e8317e-a42d-4a55-9eed-23e7337de146,MLV1-R00369,MLV1-A0495,servicios ti,interno,media,digital,acceso no autorizado,contraseñas débiles,2,4,mitigar,2025-08-17,0
a43ee1a2-ab5e-4598-9243-1405f59d8935,MLV1-R02093,MLV1-A0299,software,interno,alta,digital,error humano,falta de capacitación,4,3,mitigar,2025-08-17,0
8016041a-404b-4d9c-9aa5-5f2d953a8c01,MLV1-R03383,MLV1-A0299,software,interno,alta,digital,interrupción del servicio,equipos obsoletos,4,5,mitigar,2025-08-17,1
d91aae06-091d-4119-bd46-d3d776f595d5,MLV1-R06110,MLV1-A0667,redes y comunicaciones,interno,alta,físico,malware,antivirus desactualizado,5,3,mitigar,2025-08-17,0
c7b83952-c651-46d2-ba97-1d3bf39968c6,MLV1-R06627,MLV1-A0667,redes y comunicaciones,interno,alta,físico,error humano,falta de capacitación,4,4,mitigar,2025-08-17,0
e2d9d796-d39c-4c74-834a-9c1c57628113,MLV1-R07581,MLV1-A0667,redes y comunicaciones,interno,alta,físico,error humano,falta de capacitación,3,2,mitigar,2025-08-17,0
b6c21860-3962-4a2e-b702-45f552890fd3,MLV1-R09201,MLV1-A0520,información,confidencial,media,digital,error humano,configuración incorrecta,4,2,mitigar,2025-08-17,0
3a5ef340-dcf5-403d-8580-dd865042d625,MLV1-R09508,MLV1-A0299,software,interno,alta,digital,pérdida de información,almacenamiento inadecuado,2,4,aceptar,2025-08-17,0
1abae515-96f7-4268-910b-8ddcf72f7b11,MLV1-R00830,MLV1-A0777,hardware,publico,media,físico,falla eléctrica,sin mantenimiento,1,1,mitigar,2025-08-18,0
754d7401-ac52-4dd7-8c91-b202575813c2,MLV1-R01145,MLV1-A0847,información,interno,media,digital,pérdida de información,ausencia de respaldos,4,4,mitigar,2025-08-18,1
6e1a02a6-c6df-410f-af6e-37a562d62731,MLV1-R01257,MLV1-A0842,software,interno,alta,digital,malware,antivirus desactualizado,3,5,mitigar,2025-08-18,0
a653b756-a4cc-4a14-b181-504931841f00,MLV1-R01329,MLV1-A0777,hardware,publico,media,físico,robo,ausencia de políticas,4,3,mitigar,2025-08-18,0
fa83a427-01c3-4cb3-821a-03777689d0e0,MLV1-R01996,MLV1-A0605,documentación,interno,alta,físico,daño físico,sin mantenimiento,1,3,aceptar,2025-08-18,0
5c6fd0f2-e1a6-4a04-a5f0-a28590f49ce5,MLV1-R03050,MLV1-A0747,hardware,interno,alta,físico,daño físico,sin mantenimiento,3,5,mitigar,2025-08-18,0
a80e0f11-e057-4582-a682-6065766398ef,MLV1-R03428,MLV1-A0777,hardware,publico,media,físico,incendio,almacenamiento inadecuado,2,4,aceptar,2025-08-18,0
f09d391d-0eca-45b1-91da-7feebdf79afb,MLV1-R03557,MLV1-A0777,hardware,publico,media,físico,error humano,configuración incorrecta,2,1,aceptar,2025-08-18,0
7c353e6a-1a71-4ec4-b261-ad53bc1c974c,MLV1-R04010,MLV1-A0329,software,publico,alta,digital,ransomware,antivirus desactualizado,4,4,mitigar,2025-08-18,1
25681cda-e1c2-44c6-a583-7382e09f24f0,MLV1-R04514,MLV1-A0777,hardware,publico,media,físico,robo,ausencia de políticas,4,1,aceptar,2025-08-18,0
ed1bbebf-2504-4a83-a356-a273a7926ed7,MLV1-R08734,MLV1-A0777,hardware,publico,media,físico,inundación,ausencia de políticas,3,4,mitigar,2025-08-18,1
49d39ace-d26a-4a5b-8e3f-779cd70e0ac0,MLV1-R00916,MLV1-A0883,información,interno,alta,digital,divulgación de información,contraseñas débiles,5,3,mitigar,2025-08-19,0
31cb59e1-61d7-4140-acde-a086450f079f,MLV1-R01101,MLV1-A0011,hardware,interno,critica,físico,error humano,configuración incorrecta,3,4,mitigar,2025-08-19,0
1853d455-7e71-409b-ad12-b4f526c1b7c7,MLV1-R01256,MLV1-A0832,hardware,interno,critica,físico,falla eléctrica,equipos obsoletos,3,4,mitigar,2025-08-19,1
cc70b649-2af1-4c74-8c1a-23acf912c14c,MLV1-R01448,MLV1-A0832,hardware,interno,critica,físico,inundación,almacenamiento inadecuado,4,4,mitigar,2025-08-19,1
827522ec-286d-48b7-b0cc-7087e671989c,MLV1-R01784,MLV1-A0832,hardware,interno,critica,físico,incendio,almacenamiento inadecuado,3,4,mitigar,2025-08-19,0
48885b50-b3ec-4634-b64e-3bf6584c650c,MLV1-R02889,MLV1-A0951,información,interno,media,digital,pérdida de información,almacenamiento inadecuado,3,2,mitigar,2025-08-19,1
40aa0aff-2690-4099-98e3-0f74f40a3077,MLV1-R02969,MLV1-A0832,hardware,interno,critica,físico,acceso no autorizado,falta de controles de acceso,4,4,mitigar,2025-08-19,0
fcd69889-b11c-4cc0-985c-29661556b2f1,MLV1-R03559,MLV1-A0832,hardware,interno,critica,físico,malware,falta de capacitación,5,5,mitigar,2025-08-19,0
7071fca4-ae36-4f07-bfcb-cc50b0028979,MLV1-R05007,MLV1-A0011,hardware,interno,critica,físico,robo,falta de controles de acceso,5,5,mitigar,2025-08-19,1
bc00d0c6-7991-4495-b016-051298dfdd6f,MLV1-R06277,MLV1-A0832,hardware,interno,critica,físico,inundación,almacenamiento inadecuado,3,5,mitigar,2025-08-19,0
468d0bbf-901c-47b6-af2a-60ce1456c075,MLV1-R08068,MLV1-A0832,hardware,interno,critica,físico,falla eléctrica,sin mantenimiento,1,3,aceptar,2025-08-19,0
c071bdcd-15ec-4930-9e3c-bca83b08a4d0,MLV1-R09236,MLV1-A0833,software,interno,media,digital,error humano,falta de capacitación,1,3,aceptar,2025-08-19,0
97738e7f-3bf6-47db-b7c0-c4c173d6940d,MLV1-R01645,MLV1-A0687,software,interno,media,digital,interrupción del servicio,configuración incorrecta,5,3,mitigar,2025-08-20,0
e12e34e9-090d-42b9-b8bc-4426eb6133b6,MLV1-R01755,MLV1-A0081,otros,interno,alta,físico,acceso no autorizado,contraseñas débiles,4,4,transferir,2025-08-20,0
7d2a7913-e696-4c18-ac78-6326d07f98ce,MLV1-R01846,MLV1-A0704,servicios ti,interno,baja,digital,error humano,falta de capacitación,3,1,mitigar,2025-08-20,0
41175709-ddba-41a9-b114-14cab4e1316a,MLV1-R02194,MLV1-A0769,información,interno,media,digital,acceso no autorizado,contraseñas débiles,3,3,mitigar,2025-08-20,0
c98cea25-a9e6-4949-a081-81de720de7c3,MLV1-R02240,MLV1-A0769,información,interno,media,digital,divulgación de información,falta de controles de acceso,4,2,transferir,2025-08-20,0
8c21ae91-2e81-48e3-9eb7-6f55505863b4,MLV1-R02859,MLV1-A0059,otros,confidencial,alta,físico,pérdida de información,almacenamiento inadecuado,2,4,aceptar,2025-08-20,0
21e2932d-9505-4881-9e0c-bfa48955173c,MLV1-R02924,MLV1-A0769,información,interno,media,digital,error humano,ausencia de políticas,3,4,mitigar,2025-08-20,0
d69f1aa2-f556-4d87-ab49-438521eff948,MLV1-R03002,MLV1-A0687,software,interno,media,digital,ransomware,configuración incorrecta,2,3,transferir,2025-08-20,0
df56fd38-ae3b-4afc-a7cb-46698620999d,MLV1-R03838,MLV1-A0081,otros,interno,alta,físico,robo,ausencia de políticas,3,4,mitigar,2025-08-20,0
1f826cd9-312f-4d7e-8cd9-999cbadc9656,MLV1-R03948,MLV1-A0985,hardware,interno,alta,físico,robo,falta de controles de acceso,4,4,transferir,2025-08-20,0
9be0fd79-1aef-454b-b8a9-af6705754bb0,MLV1-R04349,MLV1-A0769,información,interno,media,digital,pérdida de información,ausencia de respaldos,5,2,mitigar,2025-08-20,0
5391a0db-6c30-4634-8090-b38d28add2d2,MLV1-R04660,MLV1-A0769,información,interno,media,digital,pérdida de información,ausencia de respaldos,3,3,aceptar,2025-08-20,0
99d9cb9c-2f1a-4fef-86d1-e2d7fc1a4441,MLV1-R05195,MLV1-A0489,software,confidencial,alta,digital,error humano,falta de capacitación,1,2,aceptar,2025-08-20,0
46f4633b-d935-4c4e-9063-69913a7d0455,MLV1-R06066,MLV1-A0769,información,interno,media,digital,pérdida de información,almacenamiento inadecuado,1,1,mitigar,2025-08-20,0
ccfc842d-7579-4537-b8ff-22485c11599c,MLV1-R06829,MLV1-A0782,servicios ti,interno,alta,digital,interrupción del servicio,equipos obsoletos,4,4,mitigar,2025-08-20,1
27964d09-9190-414f-bdef-a927cd6f4a62,MLV1-R06976,MLV1-A0081,otros,interno,alta,físico,robo,falta de controles de acceso,3,4,mitigar,2025-08-20,1
f5adbd06-b8c9-4357-b26f-cd4b6c5ce694,MLV1-R07331,MLV1-A0627,servicios ti,publico,media,digital,acceso no autorizado,ausencia de políticas,3,4,mitigar,2025-08-20,0
757d260f-ef4f-4ecd-b7c8-2fad91b43230,MLV1-R07875,MLV1-A0081,otros,interno,alta,físico,acceso no autorizado,contraseñas débiles,3,3,aceptar,2025-08-20,0
3d221547-ea3c-425b-be3d-7cb1ba14714a,MLV1-R08437,MLV1-A0081,otros,interno,alta,físico,robo,ausencia de políticas,1,4,aceptar,2025-08-20,0
9a9e68fd-ce1d-4644-a1c7-d56a07a68779,MLV1-R08612,MLV1-A0833,software,interno,media,digital,malware,antivirus desactualizado,5,3,mitigar,2025-08-20,0
47dafd80-3b71-4f2a-8e19-d7d2a96b00e0,MLV1-R09270,MLV1-A0769,información,interno,media,digital,pérdida de información,ausencia de respaldos,2,2,aceptar,2025-08-20,0
f7d7cc03-ccca-47e0-a264-2c08ad93507a,MLV1-R09302,MLV1-A0687,software,interno,media,digital,ransomware,configuración incorrecta,5,3,mitigar,2025-08-20,0
9b564256-318c-4274-a711-be7771215389,MLV1-R01394,MLV1-A0937,software,interno,critica,digital,malware,falta de capacitación,3,5,mitigar,2025-08-21,0
d33eb0d9-6ab4-482f-8a95-b3b09a369c0e,MLV1-R02197,MLV1-A0937,software,interno,critica,digital,ransomware,ausencia de respaldos,3,5,transferir,2025-08-21,1
08a2e266-a46e-46e5-90d0-76cd5c892bad,MLV1-R02517,MLV1-A0344,hardware,publico,media,físico,acceso no autorizado,falta de controles de acceso,2,2,aceptar,2025-08-21,0
45e62148-c0d9-45bd-9843-b53d22df7f52,MLV1-R07074,MLV1-A0374,hardware,interno,alta,físico,falla eléctrica,equipos obsoletos,3,5,mitigar,2025-08-21,1
1d199c13-22f1-45ea-928b-af5d83f48e11,MLV1-R08020,MLV1-A0823,hardware,confidencial,alta,físico,daño físico,almacenamiento inadecuado,3,4,mitigar,2025-08-21,0
cae8c63f-2c64-4207-b035-6c797705d568,MLV1-R00210,MLV1-A0417,redes y comunicaciones,interno,media,físico,falla eléctrica,sin mantenimiento,3,3,mitigar,2025-08-22,0
bfc522ca-9c8a-4957-a581-744541dcf616,MLV1-R00551,MLV1-A0781,documentación,interno,alta,físico,daño físico,sin mantenimiento,3,5,transferir,2025-08-22,0
a334787d-5dab-48ed-a5a2-d2f159b04c84,MLV1-R00918,MLV1-A0781,documentación,interno,alta,físico,pérdida de información,ausencia de respaldos,2,4,transferir,2025-08-22,0
119e3194-8afa-4fc6-b5e0-5d0a718bdc99,MLV1-R01144,MLV1-A0990,servicios ti,interno,media,digital,interrupción del servicio,sin mantenimiento,3,3,mitigar,2025-08-22,0
59ab9418-63c7-4c99-beed-e582fd473d7a,MLV1-R01276,MLV1-A0417,redes y comunicaciones,interno,media,físico,interrupción del servicio,equipos obsoletos,2,1,mitigar,2025-08-22,0
453d7aeb-052b-4087-ad2c-d43682baaa35,MLV1-R01459,MLV1-A0992,hardware,interno,critica,físico,acceso no autorizado,contraseñas débiles,4,5,mitigar,2025-08-22,0
b8641eeb-30aa-4656-9818-84fe9b11e170,MLV1-R02902,MLV1-A0198,software,interno,critica,digital,error humano,falta de capacitación,2,4,transferir,2025-08-22,0
a3a6f6d2-5c1a-4eb2-bbf2-654cf5eaa8df,MLV1-R03319,MLV1-A0782,servicios ti,interno,alta,digital,ransomware,antivirus desactualizado,3,3,transferir,2025-08-22,0
6e3d1547-5c9f-4f63-af39-f138b91188a9,MLV1-R03368,MLV1-A0446,hardware,confidencial,alta,físico,daño físico,almacenamiento inadecuado,4,5,mitigar,2025-08-22,0
02e5d63d-5787-4e13-98c8-7aaecdce5d95,MLV1-R04075,MLV1-A0406,hardware,interno,alta,físico,inundación,almacenamiento inadecuado,4,4,mitigar,2025-08-22,0
11beb2ed-3db9-4153-b29c-071b7f55f2b1,MLV1-R04870,MLV1-A0565,software,publico,media,digital,acceso no autorizado,ausencia de políticas,2,3,transferir,2025-08-22,0
e7e98be0-fdf1-498d-a7a5-50db9c2c0a2e,MLV1-R05122,MLV1-A0417,redes y comunicaciones,interno,media,físico,malware,configuración incorrecta,2,3,mitigar,2025-08-22,0
ed62dfab-97cb-4089-86c0-04df7ccb6efb,MLV1-R05893,MLV1-A0417,redes y comunicaciones,interno,media,físico,interrupción del servicio,configuración incorrecta,2,3,mitigar,2025-08-22,0
45370d3c-c22f-49be-8fce-fee47384c7e3,MLV1-R07352,MLV1-A0992,hardware,interno,critica,físico,error humano,ausencia de políticas,2,5,mitigar,2025-08-22,0
5be47f8d-7a43-469b-988c-a3dfa9eb53ca,MLV1-R07509,MLV1-A0400,información,interno,baja,digital,pérdida de información,configuración incorrecta,4,1,aceptar,2025-08-22,0
bf806393-ec66-4db7-bfa3-40f5786edf4c,MLV1-R07697,MLV1-A0400,información,interno,baja,digital,malware,falta de capacitación,3,2,mitigar,2025-08-22,0
7ff9a10c-0381-40e4-98f3-cc062ab4364b,MLV1-R08860,MLV1-A0693,información,interno,alta,digital,divulgación de información,falta de controles de acceso,3,4,mitigar,2025-08-22,0
8493886a-7c01-458f-a861-7de23f0a9e31,MLV1-R09272,MLV1-A0820,software,interno,critica,digital,pérdida de información,ausencia de respaldos,3,5,mitigar,2025-08-22,0
86a92364-e9c8-41cc-996f-eebfbce1311d,MLV1-R09750,MLV1-A0781,documentación,interno,alta,físico,daño físico,sin mantenimiento,3,3,mitigar,2025-08-22,0
9f026d86-8736-4f50-9842-92040d080fa1,MLV1-R00014,MLV1-A0766,hardware,publico,alta,físico,daño físico,sin mantenimiento,3,4,mitigar,2025-08-23,0
d7e3c5d5-38ff-4108-a47f-6f361caba06a,MLV1-R00262,MLV1-A0871,redes y comunicaciones,publico,alta,físico,error humano,falta de capacitación,4,4,mitigar,2025-08-23,0
55029276-4bfd-4857-963b-c493809d49a0,MLV1-R00356,MLV1-A0766,hardware,publico,alta,físico,inundación,ausencia de políticas,4,4,mitigar,2025-08-23,0
0ed63dc2-35f7-4612-b6d7-95b3ff9821ea,MLV1-R00504,MLV1-A0154,documentación,confidencial,media,físico,incendio,ausencia de políticas,2,2,mitigar,2025-08-23,0
3ce75d1d-3f88-4e3c-a7b6-99086498c5e5,MLV1-R00529,MLV1-A0587,hardware,confidencial,alta,físico,acceso no autorizado,contraseñas débiles,2,4,mitigar,2025-08-23,0
7523678f-763c-44c2-9a3d-2879a660dd0a,MLV1-R01023,MLV1-A0871,redes y comunicaciones,publico,alta,físico,falla eléctrica,equipos obsoletos,3,5,mitigar,2025-08-23,1
2a6d26cb-dc39-4dff-8b81-12496fe8a110,MLV1-R02262,MLV1-A0700,otros,restringido,critica,físico,interrupción del servicio,equipos obsoletos,2,3,mitigar,2025-08-23,0
6bf995d1-7ecb-4502-91f9-b83c40cb3f55,MLV1-R02545,MLV1-A0871,redes y comunicaciones,publico,alta,físico,malware,antivirus desactualizado,4,4,mitigar,2025-08-23,0
af3f259a-7bdb-475d-aade-c24bfe8345e5,MLV1-R03554,MLV1-A0280,servicios ti,interno,media,digital,error humano,configuración incorrecta,3,4,mitigar,2025-08-23,0
654b556b-9710-4b9f-995f-ff7a495565ab,MLV1-R04077,MLV1-A0531,redes y comunicaciones,interno,media,físico,falla eléctrica,sin mantenimiento,4,1,aceptar,2025-08-23,0
e09e92b9-56a1-4902-87c6-9be2b543c855,MLV1-R04143,MLV1-A0871,redes y comunicaciones,publico,alta,físico,interrupción del servicio,equipos obsoletos,1,3,aceptar,2025-08-23,0
efec3b75-15ea-4c06-aa4a-77ad30919c1a,MLV1-R06431,MLV1-A0766,hardware,publico,alta,físico,acceso no autorizado,ausencia de políticas,1,3,aceptar,2025-08-23,1
7b3589d7-8267-43cd-8431-352a08c932b8,MLV1-R06756,MLV1-A0587,hardware,confidencial,alta,físico,acceso no autorizado,contraseñas débiles,4,5,mitigar,2025-08-23,1
16d330f3-398c-4046-af2d-72c494f9e09e,MLV1-R07040,MLV1-A0299,software,interno,alta,digital,ransomware,antivirus desactualizado,4,4,mitigar,2025-08-23,0
fe8a0321-138d-4ad1-9e18-3a2f4ce8b298,MLV1-R07265,MLV1-A0501,hardware,interno,alta,físico,error humano,configuración incorrecta,3,4,mitigar,2025-08-23,0
067cdcb0-6b32-46d6-bf6c-3c2ba994b01e,MLV1-R07325,MLV1-A0053,información,interno,critica,digital,acceso no autorizado,ausencia de políticas,2,5,mitigar,2025-08-23,0
64007abd-fc11-4fee-a27e-f68762e97639,MLV1-R07371,MLV1-A0871,redes y comunicaciones,publico,alta,físico,falla eléctrica,equipos obsoletos,4,3,mitigar,2025-08-23,0
c48b3afb-3e75-4cb7-8cc3-6606b883013e,MLV1-R07412,MLV1-A0766,hardware,publico,alta,físico,robo,falta de controles de acceso,4,5,transferir,2025-08-23,0
4fc3904e-f015-464f-a622-c872574d4aa5,MLV1-R08253,MLV1-A0766,hardware,publico,alta,físico,error humano,falta de capacitación,4,5,mitigar,2025-08-23,0
0efc074f-dc18-4ff9-a327-41ae55237fdf,MLV1-R08602,MLV1-A0766,hardware,publico,alta,físico,daño físico,almacenamiento inadecuado,2,3,mitigar,2025-08-23,0
c7de86b1-3e9a-479b-8954-fa64a433c0eb,MLV1-R08854,MLV1-A0871,redes y comunicaciones,publico,alta,físico,acceso no autorizado,contraseñas débiles,2,4,mitigar,2025-08-23,0
b1ef4ab5-38f4-4eb2-8b4d-d6bd08dc05fc,MLV1-R09126,MLV1-A0587,hardware,confidencial,alta,físico,daño físico,sin mantenimiento,3,4,mitigar,2025-08-23,0
831fb01d-654a-490f-9c54-cd9582760fc1,MLV1-R09393,MLV1-A0871,redes y comunicaciones,publico,alta,físico,malware,configuración incorrecta,5,5,mitigar,2025-08-23,0
2a33e1fd-7abd-459b-b4c8-a404ffa719d6,MLV1-R09621,MLV1-A0271,hardware,publico,critica,físico,daño físico,sin mantenimiento,3,4,mitigar,2025-08-23,0
5bf4015c-01fa-4cae-ba0b-1ba33bc8fce6,MLV1-R00496,MLV1-A0690,hardware,confidencial,media,físico,acceso no autorizado,falta de controles de acceso,4,3,mitigar,2025-08-24,0
d6015fc1-a2bc-49a2-a976-6e3583ef12ee,MLV1-R02750,MLV1-A0249,información,interno,alta,digital,divulgación de información,ausencia de políticas,4,4,mitigar,2025-08-24,0
61de29cb-db91-4320-b787-c7dc1ae8d1fb,MLV1-R04027,MLV1-A0793,información,interno,media,digital,pérdida de información,configuración incorrecta,3,3,transferir,2025-08-24,0
be56bb33-fa5b-41d0-b7d0-cde5c101d52e,MLV1-R04184,MLV1-A0181,hardware,interno,media,físico,error humano,ausencia de políticas,1,1,aceptar,2025-08-24,0
06bf4a9d-8896-46b6-b31a-99439363d349,MLV1-R05585,MLV1-A0998,hardware,publico,alta,físico,daño físico,sin mantenimiento,5,2,mitigar,2025-08-24,0
6ad5c8a9-21b0-48d4-8bf0-33f824c1c0f2,MLV1-R06254,MLV1-A0998,hardware,publico,alta,físico,robo,falta de controles de acceso,3,4,mitigar,2025-08-24,0
26590b8d-520d-4777-b74e-e23eb1fcf362,MLV1-R06259,MLV1-A0998,hardware,publico,alta,físico,robo,ausencia de políticas,2,3,mitigar,2025-08-24,0
a1ab3d12-2f49-4d9c-ae99-237ee7696dd3,MLV1-R06888,MLV1-A0084,información,publico,media,digital,malware,configuración incorrecta,1,3,aceptar,2025-08-24,0
77467194-ca9b-48b0-93fb-bf9be7f4b892,MLV1-R07060,MLV1-A0089,redes y comunicaciones,interno,media,físico,error humano,falta de capacitación,4,4,mitigar,2025-08-24,0
b6da6d8e-d854-4503-a1e4-f8235258942d,MLV1-R07440,MLV1-A0181,hardware,interno,media,físico,error humano,ausencia de políticas,2,2,mitigar,2025-08-24,0
1864ff31-96f3-480f-b8b0-2c7f8b0b9e6e,MLV1-R08188,MLV1-A0181,hardware,interno,media,físico,daño físico,almacenamiento inadecuado,2,1,aceptar,2025-08-24,0
49350086-40ed-4061-9143-a92157b5c6d7,MLV1-R08582,MLV1-A0998,hardware,publico,alta,físico,falla eléctrica,equipos obsoletos,3,4,transferir,2025-08-24,0
a1270e93-bbcc-4480-a392-df5051958406,MLV1-R09106,MLV1-A0474,documentación,interno,media,físico,error humano,configuración incorrecta,2,1,aceptar,2025-08-24,0
83449ced-377e-40bc-b5e1-6feb5a5b771f,MLV1-R09238,MLV1-A0998,hardware,publico,alta,físico,daño físico,equipos obsoletos,5,5,mitigar,2025-08-24,0
1710b5c7-2621-43cf-a316-76d431d176d7,MLV1-R09460,MLV1-A0998,hardware,publico,alta,físico,acceso no autorizado,falta de controles de acceso,4,5,mitigar,2025-08-24,1
fcdae767-cf52-4ebb-bc2c-b79d4a41e958,MLV1-R09538,MLV1-A0982,servicios ti,confidencial,media,digital,pérdida de información,configuración incorrecta,2,4,mitigar,2025-08-24,0
06d627ed-9b35-4c1c-9573-bd8cf435be46,MLV1-R09739,MLV1-A0181,hardware,interno,media,físico,acceso no autorizado,contraseñas débiles,3,2,aceptar,2025-08-24,0
baa48fd7-73d3-4258-82cd-0250204ba58e,MLV1-R01266,MLV1-A0507,redes y comunicaciones,interno,alta,físico,falla eléctrica,equipos obsoletos,4,3,evitar,2025-08-25,1
6a3aab90-5abb-44b9-8090-1e06c8c5f458,MLV1-R01320,MLV1-A0847,información,interno,media,digital,ransomware,configuración incorrecta,2,2,aceptar,2025-08-25,0
67e9ada5-a389-48bd-a305-91dd6f35bf01,MLV1-R01849,MLV1-A0126,hardware,interno,alta,físico,daño físico,almacenamiento inadecuado,3,5,mitigar,2025-08-25,1
f665c7b8-cfca-4d2b-9e5a-058cdceafabf,MLV1-R01896,MLV1-A0126,hardware,interno,alta,físico,daño físico,equipos obsoletos,1,4,aceptar,2025-08-25,0
8f0304cd-eea1-4bcc-8004-15615025b0e2,MLV1-R02637,MLV1-A0918,información,interno,baja,digital,malware,antivirus desactualizado,5,1,aceptar,2025-08-25,0
66940d7a-2fae-4d7a-ae1e-bb48c829d4d4,MLV1-R02641,MLV1-A0507,redes y comunicaciones,interno,alta,físico,interrupción del servicio,sin mantenimiento,2,5,mitigar,2025-08-25,0
d5e15690-cda2-46af-a3be-0b049611ae85,MLV1-R03757,MLV1-A0378,software,restringido,alta,digital,pérdida de información,almacenamiento inadecuado,2,4,transferir,2025-08-25,0
544d90f5-b39f-4e5f-9f2d-d2b252834f4b,MLV1-R04156,MLV1-A0507,redes y comunicaciones,interno,alta,físico,interrupción del servicio,sin mantenimiento,4,3,mitigar,2025-08-25,0
40ed3ea2-ae0c-4048-bc4a-c39527ee9732,MLV1-R04162,MLV1-A0507,redes y comunicaciones,interno,alta,físico,acceso no autorizado,ausencia de políticas,1,4,aceptar,2025-08-25,0
8898e623-bfd4-4cbf-894b-b26115995d80,MLV1-R04174,MLV1-A0507,redes y comunicaciones,interno,alta,físico,falla eléctrica,sin mantenimiento,5,5,mitigar,2025-08-25,0
14cf7358-cbdf-4302-b350-4dcf2c20d14f,MLV1-R04204,MLV1-A0113,hardware,interno,media,físico,robo,ausencia de políticas,3,3,aceptar,2025-08-25,0
25fd3797-94b5-4669-b9ec-96b2661a6015,MLV1-R04383,MLV1-A0526,hardware,restringido,alta,físico,daño físico,sin mantenimiento,2,4,mitigar,2025-08-25,0
c83862b1-1ec3-4bca-821b-bbce5e448e42,MLV1-R04690,MLV1-A0837,hardware,confidencial,media,físico,error humano,falta de capacitación,5,3,mitigar,2025-08-25,1
32e89739-99b7-40d9-8274-d100a8df4b37,MLV1-R04941,MLV1-A0126,hardware,interno,alta,físico,falla eléctrica,sin mantenimiento,3,2,mitigar,2025-08-25,0
1f3f2a1d-bb12-44df-9279-deb100fdf37e,MLV1-R05327,MLV1-A0228,software,restringido,media,digital,malware,falta de capacitación,4,2,mitigar,2025-08-25,0
6c512204-4d24-4dc4-9d09-789705fa42e1,MLV1-R05856,MLV1-A0507,redes y comunicaciones,interno,alta,físico,falla eléctrica,sin mantenimiento,3,3,mitigar,2025-08-25,0
bc5f925a-3c85-443c-bb18-34745605ba7e,MLV1-R06263,MLV1-A0918,información,interno,baja,digital,malware,antivirus desactualizado,2,1,mitigar,2025-08-25,0
64dc0eb2-7ba2-4659-95c5-bb72e224a044,MLV1-R06724,MLV1-A0507,redes y comunicaciones,interno,alta,físico,falla eléctrica,sin mantenimiento,4,4,mitigar,2025-08-25,1
d52dbdb6-7cd4-4883-96c0-e821c1447f08,MLV1-R06915,MLV1-A0507,redes y comunicaciones,interno,alta,físico,acceso no autorizado,falta de controles de acceso,2,5,mitigar,2025-08-25,0
52286956-62f4-474f-a5e4-ad9083ef3e57,MLV1-R07487,MLV1-A0084,información,publico,media,digital,pérdida de información,almacenamiento inadecuado,3,4,mitigar,2025-08-25,0
8421a579-a3f7-4d69-a0fb-ffb79bb5929c,MLV1-R07925,MLV1-A0017,información,interno,media,digital,ransomware,falta de capacitación,4,2,aceptar,2025-08-25,0
6ae53507-c356-4b46-a285-4da1dbe27db1,MLV1-R08082,MLV1-A0756,software,publico,media,digital,error humano,configuración incorrecta,1,1,aceptar,2025-08-25,0
a8fda38f-47c7-4904-847f-f98f453fc5bb,MLV1-R08433,MLV1-A0918,información,interno,baja,digital,error humano,ausencia de políticas,4,1,aceptar,2025-08-25,0
9e5d3c4b-2aab-4a31-bacf-ced03f6ec579,MLV1-R08577,MLV1-A0126,hardware,interno,alta,físico,falla eléctrica,equipos obsoletos,4,4,mitigar,2025-08-25,0
db100ecf-7dd8-47ec-91fb-67927ba350ff,MLV1-R08778,MLV1-A0918,información,interno,baja,digital,pérdida de información,almacenamiento inadecuado,5,1,aceptar,2025-08-25,0
0306f8e8-f318-4a4a-9d8b-2e54f542af4b,MLV1-R09384,MLV1-A0924,hardware,interno,critica,físico,robo,falta de controles de acceso,5,3,mitigar,2025-08-25,0
eb105604-1046-4f8e-8bc6-7b7be1ea6172,MLV1-R09589,MLV1-A0918,información,interno,baja,digital,malware,antivirus desactualizado,5,2,aceptar,2025-08-25,0
045afe5e-e078-4ae9-8c53-fa3e529bd11a,MLV1-R00224,MLV1-A0341,información,interno,media,digital,malware,antivirus desactualizado,3,2,mitigar,2025-08-26,0
fe984041-2fd1-4ab1-91c0-68ebf28a5f18,MLV1-R00494,MLV1-A0265,otros,publico,alta,físico,interrupción del servicio,equipos obsoletos,3,4,mitigar,2025-08-26,0
6ade9984-16f4-4ae8-bdc1-42fd9ba01378,MLV1-R00667,MLV1-A0265,otros,publico,alta,físico,robo,falta de controles de acceso,3,4,mitigar,2025-08-26,0
711841d4-4f14-4c4d-9ea1-d5e2970ef09d,MLV1-R01136,MLV1-A0265,otros,publico,alta,físico,acceso no autorizado,contraseñas débiles,2,3,aceptar,2025-08-26,0
8b9b7ca3-d84f-4bf4-af32-fdd73d209268,MLV1-R01432,MLV1-A0003,documentación,interno,alta,digital,error humano,configuración incorrecta,3,5,mitigar,2025-08-26,1
099c5d62-91e4-41b3-b5c3-f16995fa2814,MLV1-R01673,MLV1-A0068,hardware,interno,alta,físico,malware,falta de capacitación,3,4,transferir,2025-08-26,0
ce7d39b6-ce1e-4fe1-9995-7356d149e233,MLV1-R03395,MLV1-A0068,hardware,interno,alta,físico,acceso no autorizado,contraseñas débiles,4,4,evitar,2025-08-26,0
c1e237c5-b40c-49b3-a657-1be89e8806e9,MLV1-R03664,MLV1-A0068,hardware,interno,alta,físico,malware,configuración incorrecta,5,4,mitigar,2025-08-26,1
52fe493e-21df-48d5-a3e0-2fea4a1cb7fd,MLV1-R05713,MLV1-A0068,hardware,interno,alta,físico,robo,falta de controles de acceso,4,5,mitigar,2025-08-26,0
a0e86eef-dcf7-4cd5-b1da-0f3810e4a07c,MLV1-R05812,MLV1-A0068,hardware,interno,alta,físico,falla eléctrica,sin mantenimiento,4,5,mitigar,2025-08-26,0
158c26a1-ae6b-40f6-9f2e-6d8446e9b5ef,MLV1-R06747,MLV1-A0642,documentación,interno,media,digital,error humano,falta de capacitación,3,2,mitigar,2025-08-26,1
662b8fe1-ac07-4706-84de-a31cec91138a,MLV1-R06912,MLV1-A0264,software,confidencial,alta,digital,malware,antivirus desactualizado,3,3,transferir,2025-08-26,0
95b79848-f2da-408e-bd22-115c9767b76f,MLV1-R07250,MLV1-A0309,hardware,interno,critica,físico,error humano,configuración incorrecta,1,5,aceptar,2025-08-26,0
cbd5cb5c-d79e-4980-8e40-65e93f859007,MLV1-R07799,MLV1-A0276,documentación,interno,alta,digital,pérdida de información,almacenamiento inadecuado,3,5,mitigar,2025-08-26,0
2a09c03c-7bd0-48c1-95b5-980522f8e3c1,MLV1-R07986,MLV1-A0068,hardware,interno,alta,físico,error humano,falta de capacitación,1,4,aceptar,2025-08-26,0
f92a0782-fa7b-4352-9e00-4c204193b39e,MLV1-R08067,MLV1-A0265,otros,publico,alta,físico,daño físico,sin mantenimiento,2,5,mitigar,2025-08-26,0
a3507814-c7ca-4c13-a931-d6fd293aa0ce,MLV1-R08895,MLV1-A0123,documentación,interno,media,físico,pérdida de información,configuración incorrecta,1,1,mitigar,2025-08-26,0
0c6ea112-5748-4e19-99f3-5b56d0b60e81,MLV1-R09342,MLV1-A0003,documentación,interno,alta,digital,pérdida de información,almacenamiento inadecuado,2,5,mitigar,2025-08-26,1
06f655a0-0005-4d9d-b1c5-bbfa519f4ebb,MLV1-R09570,MLV1-A0330,software,interno,media,digital,pérdida de información,ausencia de respaldos,2,4,mitigar,2025-08-26,0
031b1e6b-8cbe-4ef2-a42d-0f04dc176a8b,MLV1-R00468,MLV1-A0768,hardware,interno,media,físico,falla eléctrica,sin mantenimiento,3,3,mitigar,2025-08-27,0
cc99796a-a62c-494a-8fb3-d7574e327e03,MLV1-R01380,MLV1-A0253,información,confidencial,media,digital,acceso no autorizado,contraseñas débiles,2,3,mitigar,2025-08-27,0
4b63e758-b677-46fb-9a95-b5edc9e515f8,MLV1-R01662,MLV1-A0690,hardware,confidencial,media,físico,error humano,configuración incorrecta,3,1,aceptar,2025-08-27,0
9eb098b3-2e20-4927-ae6b-5edc1950db87,MLV1-R02054,MLV1-A0083,hardware,interno,media,físico,error humano,falta de capacitación,3,3,mitigar,2025-08-27,0
ca6e24a8-9773-406d-91d8-3182c9bf5611,MLV1-R02413,MLV1-A0883,información,interno,alta,digital,pérdida de información,ausencia de respaldos,3,4,transferir,2025-08-27,0
b5b0b595-7a9a-4d58-aded-f1e0008f473e,MLV1-R03189,MLV1-A0768,hardware,interno,media,físico,error humano,falta de capacitación,2,3,aceptar,2025-08-27,0
f9af1072-5988-4377-ac86-c3be4cc591df,MLV1-R03327,MLV1-A0768,hardware,interno,media,físico,falla eléctrica,sin mantenimiento,3,4,mitigar,2025-08-27,0
b0d6da38-da37-4307-834a-5cc92db597fc,MLV1-R03775,MLV1-A0768,hardware,interno,media,físico,error humano,configuración incorrecta,4,1,aceptar,2025-08-27,0
1b8b0180-cc84-4c5f-a314-c2e7ddde1d09,MLV1-R04373,MLV1-A0768,hardware,interno,media,físico,daño físico,sin mantenimiento,3,2,mitigar,2025-08-27,0
cf9f770b-2653-44d9-9ecb-e47854f46097,MLV1-R05825,MLV1-A0208,documentación,interno,media,físico,inundación,almacenamiento inadecuado,2,3,mitigar,2025-08-27,0
3c8cefad-c366-44c2-9ad6-21257a9d0c10,MLV1-R06238,MLV1-A0674,servicios ti,interno,media,digital,interrupción del servicio,sin mantenimiento,1,1,aceptar,2025-08-27,0
4ae2c782-5903-4ef8-aa8f-223b1bcd0452,MLV1-R06945,MLV1-A0033,información,confidencial,media,digital,acceso no autorizado,ausencia de políticas,2,3,transferir,2025-08-27,0
52321b90-fa17-4d9e-b200-6925ce0e4838,MLV1-R07080,MLV1-A0083,hardware,interno,media,físico,falla eléctrica,equipos obsoletos,1,3,aceptar,2025-08-27,0
e17fb07e-573a-4e0b-ac47-5f3ee0bf3a41,MLV1-R07417,MLV1-A0651,información,interno,baja,digital,acceso no autorizado,contraseñas débiles,5,2,mitigar,2025-08-27,0
4987285b-4683-4554-aa4e-32a30d5bf586,MLV1-R08149,MLV1-A0229,documentación,confidencial,alta,digital,daño físico,equipos obsoletos,2,3,mitigar,2025-08-27,0
79a4fe67-5721-4bd8-819c-bf2d44d9a305,MLV1-R08926,MLV1-A0901,redes y comunicaciones,interno,alta,físico,malware,antivirus desactualizado,5,4,mitigar,2025-08-27,0
8817dbcc-21b1-42e2-b688-a636e85d45ee,MLV1-R09061,MLV1-A0083,hardware,interno,media,físico,error humano,ausencia de políticas,3,1,aceptar,2025-08-27,0
9089a695-c483-4ab6-80e9-93aecbffa79e,MLV1-R00780,MLV1-A0886,documentación,interno,media,digital,inundación,almacenamiento inadecuado,3,3,aceptar,2025-08-28,0
85e2db37-9399-449e-ae09-611f86d5c0a3,MLV1-R01404,MLV1-A0035,información,confidencial,critica,digital,error humano,falta de capacitación,3,5,transferir,2025-08-28,0
f899a146-f2e0-444f-999e-5200f5667234,MLV1-R01837,MLV1-A0637,hardware,publico,alta,físico,acceso no autorizado,ausencia de políticas,3,5,mitigar,2025-08-28,0
02bc0ef7-6e01-4f82-9401-62fd035bfcd2,MLV1-R02394,MLV1-A0637,hardware,publico,alta,físico,falla eléctrica,sin mantenimiento,3,3,mitigar,2025-08-28,0
97dda073-5924-4224-8e78-f4312f3abed5,MLV1-R02705,MLV1-A0886,documentación,interno,media,digital,pérdida de información,almacenamiento inadecuado,1,3,mitigar,2025-08-28,0
a4b92b5e-f2e0-4b4c-9db5-8fc8e043eb29,MLV1-R04062,MLV1-A0904,software,interno,media,digital,error humano,falta de capacitación,2,3,mitigar,2025-08-28,1
6a4da9d8-f531-4350-bf48-7b4af7d0cce0,MLV1-R04576,MLV1-A0563,hardware,interno,alta,físico,acceso no autorizado,contraseñas débiles,3,5,mitigar,2025-08-28,0
2f3a1afd-4d1f-474b-8265-1559aa79165e,MLV1-R04929,MLV1-A0062,información,confidencial,media,digital,ransomware,antivirus desactualizado,5,4,mitigar,2025-08-28,0
92994645-e6cf-47c9-8354-cb580e8d46cf,MLV1-R04935,MLV1-A0637,hardware,publico,alta,físico,acceso no autorizado,contraseñas débiles,5,4,mitigar,2025-08-28,1
c1db7eb0-9f69-4bb9-99bf-3009d91671e9,MLV1-R05158,MLV1-A0460,documentación,interno,alta,físico,divulgación de información,ausencia de políticas,3,3,mitigar,2025-08-28,0
b0f7920e-5eb1-484c-b0b4-71a374383382,MLV1-R05800,MLV1-A0886,documentación,interno,media,digital,inundación,almacenamiento inadecuado,4,3,mitigar,2025-08-28,0
cf2a922d-df72-41f7-925a-cf852d18a152,MLV1-R05903,MLV1-A0637,hardware,publico,alta,físico,malware,antivirus desactualizado,3,4,mitigar,2025-08-28,1
3ecc9ad6-93c1-4b66-97ba-c238a37e8053,MLV1-R06059,MLV1-A0388,documentación,restringido,alta,digital,robo,falta de controles de acceso,5,4,mitigar,2025-08-28,0
9454dcaf-a567-4a41-b181-17676147237f,MLV1-R06686,MLV1-A0062,información,confidencial,media,digital,pérdida de información,ausencia de respaldos,3,4,mitigar,2025-08-28,0
1be4ed29-ac29-46f5-a8a2-679e61daac71,MLV1-R07027,MLV1-A0062,información,confidencial,media,digital,malware,antivirus desactualizado,5,5,mitigar,2025-08-28,0
fd8931c2-52b4-4266-92c9-137bf6e13551,MLV1-R07554,MLV1-A0456,información,confidencial,media,digital,pérdida de información,configuración incorrecta,2,2,aceptar,2025-08-28,0
ee1f208b-21c6-40fb-b84e-b48ef69f7cab,MLV1-R08527,MLV1-A0886,documentación,interno,media,digital,error humano,falta de capacitación,1,3,aceptar,2025-08-28,0
f6466eba-1371-450f-99ad-26081a207d8e,MLV1-R09403,MLV1-A0886,documentación,interno,media,digital,error humano,falta de capacitación,1,2,aceptar,2025-08-28,0
1cd2142d-09d4-476e-b7a8-cf46fb369382,MLV1-R00443,MLV1-A0153,documentación,confidencial,media,digital,robo,falta de controles de acceso,3,2,mitigar,2025-08-29,0
7aba6a62-f56e-4997-8f29-857601b67f86,MLV1-R03035,MLV1-A0153,documentación,confidencial,media,digital,error humano,falta de capacitación,2,1,aceptar,2025-08-29,0
b0568c9a-85b7-4197-9f37-4b3af2629cba,MLV1-R03147,MLV1-A0020,hardware,confidencial,critica,físico,daño físico,sin mantenimiento,3,4,mitigar,2025-08-29,1
d0144f53-9671-4801-955c-d807008beb45,MLV1-R03211,MLV1-A0153,documentación,confidencial,media,digital,divulgación de información,falta de controles de acceso,4,3,transferir,2025-08-29,0
38e57c6f-9815-4c60-b60c-0eead279e888,MLV1-R03347,MLV1-A0587,hardware,confidencial,alta,físico,inundación,almacenamiento inadecuado,2,2,aceptar,2025-08-29,0
85589bc4-2fb0-4ed9-b40a-fb9d73d46396,MLV1-R03459,MLV1-A0153,documentación,confidencial,media,digital,divulgación de información,ausencia de políticas,4,2,mitigar,2025-08-29,0
11a00497-a818-4d21-a6cd-dd178bb1168e,MLV1-R06392,MLV1-A0411,documentación,publico,alta,digital,incendio,almacenamiento inadecuado,5,5,mitigar,2025-08-29,0
1583bcdb-78f1-4e84-a545-9d7521bece5c,MLV1-R06729,MLV1-A0275,hardware,interno,media,físico,robo,falta de controles de acceso,5,2,aceptar,2025-08-29,0
d3f749a6-caee-49bb-aefc-d98fd455b119,MLV1-R06916,MLV1-A0153,documentación,confidencial,media,digital,inundación,ausencia de políticas,2,2,aceptar,2025-08-29,0
b899a668-96cb-4910-bdd7-37776a5febf3,MLV1-R07456,MLV1-A0153,documentación,confidencial,media,digital,robo,falta de controles de acceso,4,1,aceptar,2025-08-29,0
31c29a5f-a1ba-4fc3-b5c0-2b3964bfb97a,MLV1-R08118,MLV1-A0153,documentación,confidencial,media,digital,daño físico,almacenamiento inadecuado,2,1,aceptar,2025-08-29,0
f0b9795b-4175-4e4e-b11c-521a9111353d,MLV1-R01666,MLV1-A0710,software,interno,baja,digital,acceso no autorizado,contraseñas débiles,3,1,aceptar,2025-08-30,0
7c266148-7edf-4547-aea7-4514e84cb312,MLV1-R04282,MLV1-A0675,información,confidencial,alta,digital,acceso no autorizado,falta de controles de acceso,5,3,mitigar,2025-08-30,0
b413ecb7-a801-4c8f-b12c-a7382ba59344,MLV1-R04506,MLV1-A0916,otros,interno,baja,físico,interrupción del servicio,sin mantenimiento,4,1,aceptar,2025-08-30,0
fd73c266-728f-459a-82cc-7c8748125ac0,MLV1-R04621,MLV1-A0536,servicios ti,publico,alta,digital,interrupción del servicio,equipos obsoletos,3,4,mitigar,2025-08-30,0
3189290d-1f3a-4d57-b927-7f091cab7dd7,MLV1-R06430,MLV1-A0842,software,interno,alta,digital,interrupción del servicio,equipos obsoletos,4,5,mitigar,2025-08-30,0
dc4f907c-da13-45f7-a9bd-b453c9ecc944,MLV1-R07289,MLV1-A0053,información,interno,critica,digital,acceso no autorizado,ausencia de políticas,4,4,mitigar,2025-08-30,0
da7e5887-2f42-41a3-83ca-8c83b45085b6,MLV1-R07701,MLV1-A0026,servicios ti,interno,baja,digital,pérdida de información,almacenamiento inadecuado,4,1,mitigar,2025-08-30,0
3b659093-d08c-44b2-baa6-7619ff9ff04d,MLV1-R09664,MLV1-A0694,hardware,interno,media,físico,malware,falta de capacitación,3,4,mitigar,2025-08-30,0
10eb30f7-3f9b-432a-9e6c-c5a229ce452d,MLV1-R00773,MLV1-A0460,documentación,interno,alta,físico,daño físico,equipos obsoletos,3,4,mitigar,2025-08-31,0
26f281c8-b083-49eb-ae03-97a8c97efeda,MLV1-R01194,MLV1-A0943,información,publico,media,digital,pérdida de información,almacenamiento inadecuado,2,2,aceptar,2025-08-31,1
30c365c0-e14d-42fa-8628-7f15a62d2552,MLV1-R02781,MLV1-A0943,información,publico,media,digital,acceso no autorizado,falta de controles de acceso,2,2,aceptar,2025-08-31,0
042151bc-3980-4dcc-be01-59fbb5aa763d,MLV1-R03153,MLV1-A0943,información,publico,media,digital,error humano,configuración incorrecta,4,3,mitigar,2025-08-31,0
20da433f-93df-4100-8ff4-a8a78400846a,MLV1-R06869,MLV1-A0943,información,publico,media,digital,acceso no autorizado,falta de controles de acceso,5,3,transferir,2025-08-31,1
bc1f7896-dd94-4dce-a0cc-40f4bab4e578,MLV1-R08529,MLV1-A0943,información,publico,media,digital,error humano,ausencia de políticas,3,2,aceptar,2025-08-31,0
69d02984-bd8b-403c-81d6-5ceeed8b3b41,MLV1-R09111,MLV1-A0730,información,interno,critica,digital,error humano,ausencia de políticas,1,5,aceptar,2025-08-31,0
bceea600-b968-416f-ac22-fc70fe514ee6,MLV1-R03400,MLV1-A0466,hardware,interno,media,físico,robo,ausencia de políticas,1,1,mitigar,2025-09-01,0
81f92716-b84d-47e7-972d-6a9e05da84b4,MLV1-R06838,MLV1-A0909,documentación,interno,media,digital,divulgación de información,falta de controles de acceso,4,2,mitigar,2025-09-01,0
56e1de33-7e72-4e9c-a4a5-89ea10e0976b,MLV1-R00690,MLV1-A0709,hardware,restringido,critica,físico,error humano,configuración incorrecta,4,4,mitigar,2025-09-02,0
ab9ee13d-a8d4-4c77-94c6-106af1c28cd1,MLV1-R01492,MLV1-A0005,servicios ti,interno,baja,digital,malware,falta de capacitación,4,1,mitigar,2025-09-02,0
209e72de-394e-45db-9b3c-7f99ce92ac12,MLV1-R02003,MLV1-A0172,software,interno,alta,digital,acceso no autorizado,ausencia de políticas,3,3,transferir,2025-09-02,0
44403742-8007-4289-b039-e073e03a9072,MLV1-R03556,MLV1-A0128,software,interno,alta,digital,pérdida de información,ausencia de respaldos,3,5,transferir,2025-09-02,0
d5d9ccc2-235e-4ff1-9717-0668503f78e4,MLV1-R03790,MLV1-A0330,software,interno,media,digital,malware,antivirus desactualizado,3,3,mitigar,2025-09-02,0
3bd800eb-9011-4a7c-ba7d-0daf1b0a465f,MLV1-R04501,MLV1-A0342,redes y comunicaciones,restringido,alta,físico,interrupción del servicio,equipos obsoletos,2,3,mitigar,2025-09-02,0
8d954405-5643-48c0-b772-a569ac01fcd4,MLV1-R05008,MLV1-A0998,hardware,publico,alta,físico,robo,falta de controles de acceso,3,3,transferir,2025-09-02,0
e0a3ed41-d35e-4a27-a6ed-47bf01c3b43a,MLV1-R05990,MLV1-A0390,hardware,confidencial,media,físico,inundación,almacenamiento inadecuado,1,2,mitigar,2025-09-02,0
d5d4ce5a-39f5-4050-b5b9-cb6a8abbc8a2,MLV1-R06285,MLV1-A0730,información,interno,critica,digital,pérdida de información,ausencia de respaldos,3,5,transferir,2025-09-02,1
879da257-fb4d-4ddd-9c05-1c01005c2101,MLV1-R06290,MLV1-A0186,información,interno,alta,digital,acceso no autorizado,falta de controles de acceso,3,4,mitigar,2025-09-02,0
96410d0b-7e0a-44d5-8272-d1db659f927d,MLV1-R09715,MLV1-A0265,otros,publico,alta,físico,error humano,configuración incorrecta,2,5,mitigar,2025-09-02,0
19104ac6-cc43-4f90-86fc-0ff471cfeadb,MLV1-R02588,MLV1-A0527,hardware,interno,media,físico,acceso no autorizado,contraseñas débiles,2,1,aceptar,2025-09-03,0
1c1cdeda-1ee7-469b-848e-06a0690786db,MLV1-R04601,MLV1-A0252,documentación,publico,media,físico,pérdida de información,ausencia de respaldos,3,3,aceptar,2025-09-03,0
7cce48d4-131b-4917-a36a-4f9d1b2cf21c,MLV1-R05233,MLV1-A0598,redes y comunicaciones,interno,media,físico,acceso no autorizado,contraseñas débiles,2,3,transferir,2025-09-03,0
4b5ca833-a590-442c-8c0b-399bf0f0a757,MLV1-R06052,MLV1-A0588,documentación,interno,alta,digital,incendio,almacenamiento inadecuado,3,4,mitigar,2025-09-03,1
77d8f055-d5ee-47b1-bb36-92c499c68870,MLV1-R06436,MLV1-A0026,servicios ti,interno,baja,digital,interrupción del servicio,configuración incorrecta,3,4,mitigar,2025-09-03,0
e1f25c54-e131-45a6-89e9-3e9eae91a554,MLV1-R06475,MLV1-A0235,servicios ti,restringido,alta,digital,ransomware,falta de capacitación,1,3,aceptar,2025-09-03,0
522ce680-51f2-4efd-9fa7-2f93d64fc430,MLV1-R07385,MLV1-A0984,redes y comunicaciones,interno,alta,físico,acceso no autorizado,falta de controles de acceso,3,5,mitigar,2025-09-03,0
6cc1cf84-c574-4b97-8aef-d2376299dafc,MLV1-R00165,MLV1-A0619,información,confidencial,alta,digital,divulgación de información,contraseñas débiles,4,4,mitigar,2025-09-04,0
7d2f1e93-509b-4515-aab0-b3a342a8bdc6,MLV1-R02439,MLV1-A0644,hardware,interno,critica,físico,robo,falta de controles de acceso,2,5,mitigar,2025-09-04,0
17e6f349-0945-4aab-a0aa-586b422d45ef,MLV1-R03184,MLV1-A0268,otros,interno,alta,físico,robo,falta de controles de acceso,4,4,mitigar,2025-09-04,0
e591d9dd-db45-4c0d-bc5c-efd4eaeaddd7,MLV1-R03380,MLV1-A0400,información,interno,baja,digital,divulgación de información,falta de controles de acceso,4,3,mitigar,2025-09-04,1
19140426-342a-4e27-8e4c-0832588e0890,MLV1-R03511,MLV1-A0565,software,publico,media,digital,error humano,configuración incorrecta,1,2,mitigar,2025-09-04,0
9a615efd-4dab-472f-944d-f46c647804b8,MLV1-R05408,MLV1-A0260,hardware,interno,media,físico,robo,falta de controles de acceso,2,3,mitigar,2025-09-04,0
e7ee2f53-643f-449c-9779-f8742085e929,MLV1-R05643,MLV1-A0785,hardware,interno,media,físico,acceso no autorizado,contraseñas débiles,4,3,transferir,2025-09-04,0
08802e6a-7c34-4e1a-a2c2-402fc927bc3c,MLV1-R05722,MLV1-A0944,redes y comunicaciones,confidencial,baja,físico,falla eléctrica,equipos obsoletos,3,1,mitigar,2025-09-04,0
82ae9658-1a80-4449-9d79-3011c1859ed4,MLV1-R06614,MLV1-A0589,hardware,interno,media,físico,daño físico,sin mantenimiento,2,2,aceptar,2025-09-04,0
787ce3db-6208-4b1a-be97-45f0f52e24e2,MLV1-R07579,MLV1-A0588,documentación,interno,alta,digital,error humano,configuración incorrecta,1,2,aceptar,2025-09-04,0
c10a2a01-9779-42c3-be9f-da987239401f,MLV1-R08385,MLV1-A0569,servicios ti,interno,baja,digital,interrupción del servicio,configuración incorrecta,2,4,mitigar,2025-09-04,0
54651298-3bb2-4134-90ee-479e208bebc2,MLV1-R09189,MLV1-A0885,redes y comunicaciones,restringido,media,físico,error humano,falta de capacitación,3,2,mitigar,2025-09-04,0
e2309ce5-4803-4c57-8667-7048739e8cda,MLV1-R01066,MLV1-A0301,redes y comunicaciones,publico,alta,físico,interrupción del servicio,configuración incorrecta,4,3,mitigar,2025-09-05,0
51e58cbf-e2c7-4b1e-853c-99f21d5fc655,MLV1-R01627,MLV1-A0790,redes y comunicaciones,interno,media,físico,acceso no autorizado,falta de controles de acceso,3,5,mitigar,2025-09-05,0
48aed406-0712-4b20-b1f4-b8ab74f3ff07,MLV1-R04821,MLV1-A0567,servicios ti,confidencial,media,digital,interrupción del servicio,equipos obsoletos,3,2,mitigar,2025-09-05,0
8ba2472a-6a89-4282-b710-02f63ea61967,MLV1-R05867,MLV1-A0854,hardware,publico,media,físico,daño físico,sin mantenimiento,1,1,aceptar,2025-09-05,0
077c8a0b-35fe-40f3-b7e2-85d9c915ec32,MLV1-R05895,MLV1-A0567,servicios ti,confidencial,media,digital,malware,antivirus desactualizado,3,5,mitigar,2025-09-05,0
a989a656-0f84-43f3-95a1-bdbe75679b8e,MLV1-R06131,MLV1-A0855,otros,interno,critica,físico,interrupción del servicio,sin mantenimiento,2,5,mitigar,2025-09-05,0
ea8232d7-81fa-4e1c-8ffb-e5edf72a6bf7,MLV1-R06405,MLV1-A0581,redes y comunicaciones,interno,critica,físico,acceso no autorizado,contraseñas débiles,4,5,mitigar,2025-09-05,0
8ad76de0-7a13-47b7-8c8d-310e378b27a6,MLV1-R06930,MLV1-A0567,servicios ti,confidencial,media,digital,interrupción del servicio,equipos obsoletos,3,2,mitigar,2025-09-05,0
0a3ae27e-bb8a-4fc3-91e9-3fc84e8e3fdf,MLV1-R07679,MLV1-A0855,otros,interno,critica,físico,error humano,falta de capacitación,3,5,mitigar,2025-09-05,0
fa944341-a40f-4764-a76e-c9d0e94cacb7,MLV1-R07792,MLV1-A0529,información,interno,media,digital,acceso no autorizado,contraseñas débiles,4,4,mitigar,2025-09-05,1
0c7b5b10-8f1b-4531-9e1c-5e5a91787bf6,MLV1-R08948,MLV1-A0265,otros,publico,alta,físico,error humano,falta de capacitación,4,4,mitigar,2025-09-05,0
2292a4d9-1106-4e4a-8704-d13d1f119e02,MLV1-R09015,MLV1-A0357,servicios ti,confidencial,media,digital,interrupción del servicio,configuración incorrecta,2,2,aceptar,2025-09-05,0
5b9ac569-4349-4a07-9130-7a51998ef6b7,MLV1-R09031,MLV1-A0790,redes y comunicaciones,interno,media,físico,malware,falta de capacitación,3,4,mitigar,2025-09-05,0
00ebfbe4-a6e2-4046-b7b4-3c8a6fe19941,MLV1-R09114,MLV1-A0567,servicios ti,confidencial,media,digital,interrupción del servicio,equipos obsoletos,2,3,mitigar,2025-09-05,0
6ac9827b-be55-4933-94ea-92a81762e579,MLV1-R09312,MLV1-A0567,servicios ti,confidencial,media,digital,ransomware,ausencia de respaldos,4,4,mitigar,2025-09-05,0
8dbf6e5d-88c5-487d-847f-95c97e971bb9,MLV1-R09515,MLV1-A0330,software,interno,media,digital,error humano,falta de capacitación,4,3,mitigar,2025-09-05,0
232420a3-6ccd-4b1a-8e93-4a180adcc99a,MLV1-R09654,MLV1-A0855,otros,interno,critica,físico,daño físico,equipos obsoletos,2,4,mitigar,2025-09-05,0
901a0741-10d0-4b69-84c5-cbd4bf105005,MLV1-R01094,MLV1-A0630,documentación,interno,alta,digital,pérdida de información,ausencia de respaldos,4,4,mitigar,2025-09-06,1
784a6043-bfb5-4153-934c-2b08f9e93836,MLV1-R01143,MLV1-A0831,hardware,restringido,media,físico,malware,configuración incorrecta,5,1,aceptar,2025-09-06,0
cc30c019-ad0e-44a4-9614-32078d18e895,MLV1-R01197,MLV1-A0977,hardware,publico,media,físico,inundación,ausencia de políticas,2,2,mitigar,2025-09-06,0
07eb48be-d251-4b36-bd82-a512c2563418,MLV1-R01911,MLV1-A0831,hardware,restringido,media,físico,malware,falta de capacitación,4,3,evitar,2025-09-06,0
23ed53a6-879a-4b62-8572-e28775a08396,MLV1-R01979,MLV1-A0831,hardware,restringido,media,físico,error humano,configuración incorrecta,2,1,aceptar,2025-09-06,0
9726935e-6208-4773-8378-e6aff75406a1,MLV1-R02192,MLV1-A0831,hardware,restringido,media,físico,falla eléctrica,sin mantenimiento,4,3,transferir,2025-09-06,1
29829b68-ccc3-4c24-a830-4d5cc4414847,MLV1-R02823,MLV1-A0514,hardware,publico,alta,físico,daño físico,almacenamiento inadecuado,1,5,aceptar,2025-09-06,0
7b999a3d-1d7d-466d-8e32-ae9bdbe8ceaa,MLV1-R02863,MLV1-A0831,hardware,restringido,media,físico,incendio,almacenamiento inadecuado,3,5,mitigar,2025-09-06,0
3c298532-87c0-4590-aca6-83d1da5c70ce,MLV1-R03712,MLV1-A0831,hardware,restringido,media,físico,falla eléctrica,equipos obsoletos,3,4,mitigar,2025-09-06,0
77b171fe-dd8a-42c7-a9b9-336d7ba0215f,MLV1-R05167,MLV1-A0831,hardware,restringido,media,físico,error humano,falta de capacitación,3,3,transferir,2025-09-06,0
5821899c-fe5e-49c6-8dc2-eabfe6971680,MLV1-R06516,MLV1-A0577,información,interno,critica,digital,pérdida de información,ausencia de respaldos,5,4,mitigar,2025-09-06,0
9ad2ded6-3956-401a-81be-c0eff4e8ec1d,MLV1-R07726,MLV1-A0831,hardware,restringido,media,físico,robo,falta de controles de acceso,5,4,mitigar,2025-09-06,1
2e5d8677-fbcc-4484-9b1c-8d9a02304fab,MLV1-R09867,MLV1-A0599,software,confidencial,alta,digital,interrupción del servicio,configuración incorrecta,1,4,aceptar,2025-09-06,0
92fe1cef-2457-44f7-8d67-a3eb2822959b,MLV1-R00164,MLV1-A0695,software,interno,critica,digital,pérdida de información,ausencia de respaldos,2,5,mitigar,2025-09-07,0
55ea3b8a-32fc-4f81-9193-b89538d92646,MLV1-R00390,MLV1-A0552,software,interno,baja,digital,malware,falta de capacitación,3,3,mitigar,2025-09-07,0
ffaa1646-3c8b-420d-8749-b0c02927fb39,MLV1-R04804,MLV1-A0847,información,interno,media,digital,pérdida de información,almacenamiento inadecuado,3,3,mitigar,2025-09-07,0
418f23e0-ec81-4d41-80d5-aa2de927ffcb,MLV1-R05258,MLV1-A0719,información,interno,critica,digital,ransomware,antivirus desactualizado,2,3,mitigar,2025-09-07,0
90d49d20-7233-463a-9cfd-8e4422700765,MLV1-R05520,MLV1-A0695,software,interno,critica,digital,error humano,falta de capacitación,3,5,mitigar,2025-09-07,0
2b7f3ea1-dd99-4141-9854-aff19b27edc8,MLV1-R05587,MLV1-A0343,documentación,interno,alta,físico,daño físico,almacenamiento inadecuado,3,2,mitigar,2025-09-07,0
a53301b9-698a-49e0-bd74-a91b6a162a09,MLV1-R06632,MLV1-A0761,hardware,confidencial,media,físico,falla eléctrica,equipos obsoletos,4,4,transferir,2025-09-07,0
4697fdb4-79fd-4c80-b959-a4115714ff00,MLV1-R07373,MLV1-A0302,información,confidencial,media,digital,malware,antivirus desactualizado,4,3,evitar,2025-09-07,0
5e65a855-3905-4731-8161-15cbb0f58a8b,MLV1-R07441,MLV1-A0695,software,interno,critica,digital,pérdida de información,configuración incorrecta,1,4,aceptar,2025-09-07,0
e2723218-a55d-4f78-918d-37ee0720d6bd,MLV1-R08721,MLV1-A0695,software,interno,critica,digital,interrupción del servicio,configuración incorrecta,3,5,mitigar,2025-09-07,0
05bd760d-e016-4eb4-9c9d-6cfcbf0d7ec6,MLV1-R00579,MLV1-A0964,información,interno,media,digital,pérdida de información,ausencia de respaldos,3,3,mitigar,2025-09-08,0
eab2905b-ccc6-4848-ac80-84a380cf6bbf,MLV1-R09791,MLV1-A0851,documentación,publico,critica,digital,daño físico,equipos obsoletos,3,5,mitigar,2025-09-08,0
2b9eaa6e-f47a-4e84-9af0-bf3c55423396,MLV1-R00016,MLV1-A0161,software,interno,alta,digital,malware,configuración incorrecta,3,3,aceptar,2025-09-09,0
dec30650-d31d-4264-952a-0005023e0a4c,MLV1-R00763,MLV1-A0598,redes y comunicaciones,interno,media,físico,interrupción del servicio,sin mantenimiento,3,4,mitigar,2025-09-09,0
f6cfc8df-1599-4c95-a55c-7bb67e1bf137,MLV1-R01792,MLV1-A0960,información,interno,media,digital,divulgación de información,contraseñas débiles,4,4,mitigar,2025-09-09,0
a1814471-4d16-4228-8e8a-697c1e6eb8ac,MLV1-R02471,MLV1-A0264,software,confidencial,alta,digital,interrupción del servicio,configuración incorrecta,4,5,mitigar,2025-09-09,0
850ea1ce-26bd-4798-8710-2a4451515da9,MLV1-R02574,MLV1-A0530,hardware,interno,alta,físico,inundación,almacenamiento inadecuado,3,5,transferir,2025-09-09,0
f5912f67-41ae-4e34-a423-6e72fab34b21,MLV1-R03412,MLV1-A0193,software,interno,alta,digital,acceso no autorizado,contraseñas débiles,2,4,mitigar,2025-09-09,0
2b37c03b-9884-48d3-92a6-afab5920a1ee,MLV1-R04302,MLV1-A0020,hardware,confidencial,critica,físico,robo,falta de controles de acceso,3,5,mitigar,2025-09-09,0
ab524d60-5b1d-4978-a221-bb729ed8ad1f,MLV1-R04733,MLV1-A0161,software,interno,alta,digital,ransomware,falta de capacitación,3,3,transferir,2025-09-09,0
58308247-654f-4d4b-bcec-9ae3be3b81d9,MLV1-R05692,MLV1-A0707,redes y comunicaciones,restringido,media,físico,interrupción del servicio,equipos obsoletos,2,2,aceptar,2025-09-09,0
792e02ff-9e9d-42e8-83c9-e4c1c7424f5d,MLV1-R06932,MLV1-A0148,documentación,interno,alta,físico,daño físico,sin mantenimiento,3,4,evitar,2025-09-09,1
34895f55-e6cc-4d4a-beda-c19c28cf22f8,MLV1-R07348,MLV1-A0161,software,interno,alta,digital,pérdida de información,ausencia de respaldos,3,5,mitigar,2025-09-09,1
7d0e0745-edde-44cd-9a76-db0171a7aab7,MLV1-R08007,MLV1-A0161,software,interno,alta,digital,acceso no autorizado,contraseñas débiles,5,3,mitigar,2025-09-09,0
974b6cbb-b983-4224-b379-88c8faf9f9bb,MLV1-R09285,MLV1-A0260,hardware,interno,media,físico,error humano,ausencia de políticas,4,1,mitigar,2025-09-09,0
82160d5c-b71a-4ff1-9f3b-d34b3024f19d,MLV1-R00728,MLV1-A0624,documentación,interno,baja,digital,divulgación de información,contraseñas débiles,3,1,aceptar,2025-09-10,0
e12d0ba5-c838-4a09-b06d-d9d93e7e4335,MLV1-R01346,MLV1-A0642,documentación,interno,media,digital,robo,ausencia de políticas,3,1,mitigar,2025-09-10,0
b58ab40a-bf23-4db7-95b9-d389971a494b,MLV1-R01879,MLV1-A0244,software,interno,alta,digital,acceso no autorizado,falta de controles de acceso,2,3,mitigar,2025-09-10,0
1223fbe8-9274-4a3e-bb68-586879ae8a88,MLV1-R01890,MLV1-A0244,software,interno,alta,digital,malware,falta de capacitación,2,2,aceptar,2025-09-10,0
114fe00a-413b-4961-b306-4ab96308ee9d,MLV1-R02585,MLV1-A0624,documentación,interno,baja,digital,error humano,falta de capacitación,4,1,aceptar,2025-09-10,0
0c8cccff-21ed-493a-9bb0-937d57e4b24b,MLV1-R05539,MLV1-A0624,documentación,interno,baja,digital,incendio,almacenamiento inadecuado,3,1,aceptar,2025-09-10,0
9d20e1da-466d-4097-a9ec-f8777741baaf,MLV1-R06137,MLV1-A0624,documentación,interno,baja,digital,divulgación de información,falta de controles de acceso,3,2,mitigar,2025-09-10,1
fd306a86-801e-4e8f-9c50-b7fa49ee33e1,MLV1-R06229,MLV1-A0624,documentación,interno,baja,digital,divulgación de información,ausencia de políticas,4,4,mitigar,2025-09-10,0
9e438e55-fbed-4ac8-b5ee-7df5622668fd,MLV1-R06620,MLV1-A0624,documentación,interno,baja,digital,incendio,almacenamiento inadecuado,4,1,mitigar,2025-09-10,0
e3b6053f-a003-431e-8f71-67859ca2363b,MLV1-R06883,MLV1-A0244,software,interno,alta,digital,ransomware,ausencia de respaldos,5,4,mitigar,2025-09-10,0
e1ddaeb5-4f42-448d-9d30-34933b74f504,MLV1-R07183,MLV1-A0341,información,interno,media,digital,malware,antivirus desactualizado,3,5,mitigar,2025-09-10,0
52741032-5ff4-4447-b1e8-1e08ec49cfb6,MLV1-R08882,MLV1-A0848,redes y comunicaciones,confidencial,critica,físico,error humano,falta de capacitación,4,4,mitigar,2025-09-10,0
882811c7-d0ff-4f56-b3ad-b32319581403,MLV1-R08977,MLV1-A0128,software,interno,alta,digital,ransomware,antivirus desactualizado,4,4,mitigar,2025-09-10,0
c52d47c8-e5b6-4dcf-a376-0f796f7cdde7,MLV1-R09691,MLV1-A0624,documentación,interno,baja,digital,daño físico,equipos obsoletos,4,3,mitigar,2025-09-10,0
acc672a0-8636-4e28-bdcf-3354494884f3,MLV1-R09877,MLV1-A0624,documentación,interno,baja,digital,inundación,almacenamiento inadecuado,3,2,transferir,2025-09-10,1
038ad0e4-e5ea-48c3-bbaf-0b87854a2dc7,MLV1-R00312,MLV1-A0126,hardware,interno,alta,físico,error humano,falta de capacitación,2,4,aceptar,2025-09-11,0
4331e01c-68b0-4504-a202-84afece0f5a5,MLV1-R01009,MLV1-A0664,servicios ti,interno,media,digital,interrupción del servicio,sin mantenimiento,3,3,mitigar,2025-09-11,0
d83c2413-60fc-420b-9f97-61b84fe0a86f,MLV1-R02099,MLV1-A0066,hardware,restringido,baja,físico,robo,ausencia de políticas,2,1,aceptar,2025-09-11,0
06977895-cd58-4c1c-86a2-c1091d4a82c3,MLV1-R02164,MLV1-A0066,hardware,restringido,baja,físico,daño físico,equipos obsoletos,3,3,aceptar,2025-09-11,0
8c19edbe-174a-4734-a0ff-a16f341b40e8,MLV1-R05679,MLV1-A0066,hardware,restringido,baja,físico,falla eléctrica,sin mantenimiento,2,2,aceptar,2025-09-11,0
6bb28e8e-c6be-49e3-a5a5-d5e76f329aa7,MLV1-R06891,MLV1-A0757,servicios ti,restringido,alta,digital,interrupción del servicio,sin mantenimiento,1,4,aceptar,2025-09-11,0
437d791b-5e49-45d0-a14e-5390a06cbc65,MLV1-R07246,MLV1-A0052,redes y comunicaciones,restringido,media,físico,error humano,ausencia de políticas,3,5,mitigar,2025-09-11,0
4be4de6d-36b5-4163-9b17-3d7538fce3ed,MLV1-R08767,MLV1-A0618,servicios ti,restringido,media,digital,acceso no autorizado,ausencia de políticas,1,1,aceptar,2025-09-11,0
8f73eb77-7bc2-49f0-bb95-800f611b5a82,MLV1-R09310,MLV1-A0817,documentación,interno,alta,físico,pérdida de información,configuración incorrecta,2,5,mitigar,2025-09-11,0
17f8e744-e0f7-4572-9777-2f4d052cc47f,MLV1-R00052,MLV1-A0898,información,interno,critica,digital,pérdida de información,ausencia de respaldos,3,4,mitigar,2025-09-12,0
8d16ec51-c73d-495f-b5ca-9b9d8f28c66a,MLV1-R02125,MLV1-A0876,hardware,interno,critica,físico,falla eléctrica,sin mantenimiento,5,5,mitigar,2025-09-12,1
488af557-0f55-45df-b8e9-814af9c90bef,MLV1-R02692,MLV1-A0876,hardware,interno,critica,físico,acceso no autorizado,falta de controles de acceso,5,5,mitigar,2025-09-12,1
f6362668-f2c9-4958-8b30-db9f9005159d,MLV1-R03376,MLV1-A0412,redes y comunicaciones,interno,alta,físico,acceso no autorizado,ausencia de políticas,1,4,mitigar,2025-09-12,0
91c7a522-618a-4f39-bdd9-e4e5049b07d3,MLV1-R03880,MLV1-A0724,software,publico,alta,digital,malware,falta de capacitación,3,4,mitigar,2025-09-12,0
4f0b12ff-2bca-4ead-a26e-42036edbb10e,MLV1-R07549,MLV1-A0876,hardware,interno,critica,físico,error humano,ausencia de políticas,3,5,mitigar,2025-09-12,0
795cdc7c-1e7d-41f5-9dc8-86004715aef7,MLV1-R08372,MLV1-A0876,hardware,interno,critica,físico,malware,falta de capacitación,2,4,aceptar,2025-09-12,0
dc871bf9-d5d4-497b-be64-4aacb642c4ea,MLV1-R09055,MLV1-A0876,hardware,interno,critica,físico,incendio,ausencia de políticas,1,4,mitigar,2025-09-12,0
337a9d57-779a-45c4-b9b5-f165bace48bc,MLV1-R09343,MLV1-A0795,documentación,publico,critica,físico,divulgación de información,ausencia de políticas,3,5,mitigar,2025-09-12,0
5ddbf71a-e4e2-431d-b78b-d005754ab73e,MLV1-R09605,MLV1-A0854,hardware,publico,media,físico,acceso no autorizado,falta de controles de acceso,3,3,aceptar,2025-09-12,1
4d969e52-ce78-4159-a209-3667c054edcb,MLV1-R09752,MLV1-A0258,software,interno,critica,digital,pérdida de información,ausencia de respaldos,3,5,evitar,2025-09-12,0
a9839224-a360-4583-b661-d9c220d82e29,MLV1-R09916,MLV1-A0627,servicios ti,publico,media,digital,interrupción del servicio,configuración incorrecta,3,3,mitigar,2025-09-12,0
af6b6894-5858-493b-ad17-4997867ed9d4,MLV1-R01107,MLV1-A0826,otros,publico,media,físico,pérdida de información,configuración incorrecta,3,2,mitigar,2025-09-13,1
ae7888d7-6855-48f4-946b-223e74cbdd46,MLV1-R08143,MLV1-A0616,servicios ti,restringido,critica,digital,ransomware,antivirus desactualizado,3,4,evitar,2025-09-13,0
01ff192e-c574-4a81-87cc-04fdf0b92acf,MLV1-R08547,MLV1-A0706,documentación,publico,critica,físico,pérdida de información,ausencia de respaldos,4,3,mitigar,2025-09-13,1
607b9b09-c9e2-48bf-b7c9-3b679982bf7e,MLV1-R00877,MLV1-A0595,otros,publico,critica,físico,error humano,falta de capacitación,3,4,mitigar,2025-09-14,1
1043dc2b-0d9d-4962-a4d1-003b017d6367,MLV1-R01833,MLV1-A0577,información,interno,critica,digital,malware,falta de capacitación,2,5,mitigar,2025-09-14,1
ef3a3e14-2dbb-4569-ae95-93ff58dcec42,MLV1-R03597,MLV1-A0577,información,interno,critica,digital,malware,antivirus desactualizado,3,5,mitigar,2025-09-14,0
69c87726-9756-4ce7-b242-aedefc8f1f5e,MLV1-R05390,MLV1-A0508,información,interno,alta,digital,acceso no autorizado,falta de controles de acceso,4,4,mitigar,2025-09-14,1
9e2ccbbf-486a-4cb3-9836-f45abe428bc7,MLV1-R05416,MLV1-A0595,otros,publico,critica,físico,robo,ausencia de políticas,3,5,mitigar,2025-09-14,0
05b7a2fd-465d-4b2c-8a8c-ea2e263a5909,MLV1-R06315,MLV1-A0156,información,publico,critica,digital,pérdida de información,almacenamiento inadecuado,1,5,aceptar,2025-09-14,0
3bfdf997-5f9a-494a-9701-cbfd11d6a3e7,MLV1-R06855,MLV1-A0229,documentación,confidencial,alta,digital,pérdida de información,almacenamiento inadecuado,2,2,aceptar,2025-09-14,0
4b3b6385-4bd7-4f43-a4ed-07fd9373ccca,MLV1-R06911,MLV1-A0785,hardware,interno,media,físico,error humano,falta de capacitación,2,5,mitigar,2025-09-14,0
f16d3b29-ac9d-4e50-a7e4-bba927a248be,MLV1-R07388,MLV1-A0918,información,interno,baja,digital,error humano,ausencia de políticas,4,1,aceptar,2025-09-14,0
0e9a0a6d-33ac-44ce-b54e-f2a2dd023680,MLV1-R08543,MLV1-A0895,documentación,publico,alta,digital,daño físico,equipos obsoletos,4,3,mitigar,2025-09-14,0
291275d3-09ca-4cb9-a01e-97d993c24d7e,MLV1-R09785,MLV1-A0391,hardware,interno,critica,físico,inundación,ausencia de políticas,3,4,mitigar,2025-09-14,0
0178a88d-776e-4aca-a127-2fdb9192fb4e,MLV1-R01931,MLV1-A0383,servicios ti,restringido,alta,digital,acceso no autorizado,ausencia de políticas,5,4,mitigar,2025-09-15,1
f1ab251f-57a6-4c78-a78b-a1e58d8c8af9,MLV1-R02147,MLV1-A0054,hardware,publico,critica,físico,falla eléctrica,sin mantenimiento,3,5,mitigar,2025-09-15,0
e6b9a5e2-02de-468b-aab5-3150f659697f,MLV1-R08091,MLV1-A0746,software,interno,media,digital,interrupción del servicio,sin mantenimiento,4,4,mitigar,2025-09-15,0
834de56d-2d18-4e86-90f7-8006e64814ee,MLV1-R08232,MLV1-A0461,redes y comunicaciones,interno,media,físico,falla eléctrica,sin mantenimiento,3,2,transferir,2025-09-15,0
78a8bc2b-4502-4e62-ab5c-cb04c0c6c5af,MLV1-R08990,MLV1-A0730,información,interno,critica,digital,ransomware,ausencia de respaldos,2,5,mitigar,2025-09-15,0
c2618fc3-3782-49fa-8999-e4e60345501b,MLV1-R09381,MLV1-A0786,información,interno,alta,digital,divulgación de información,falta de controles de acceso,5,3,evitar,2025-09-15,0
b8e7a36b-c687-4c4f-a2c9-49e142acc344,MLV1-R00337,MLV1-A0911,redes y comunicaciones,confidencial,media,físico,error humano,configuración incorrecta,3,3,aceptar,2025-09-16,0
ebffc105-ec37-4b18-868c-f4bbe75e1755,MLV1-R00509,MLV1-A0296,redes y comunicaciones,interno,media,físico,acceso no autorizado,ausencia de políticas,4,3,mitigar,2025-09-16,1
832a9c46-51cc-4b0e-bf3d-f1bfd4790f94,MLV1-R01769,MLV1-A0599,software,confidencial,alta,digital,error humano,ausencia de políticas,3,3,mitigar,2025-09-16,0
c6ee6146-b7e1-494a-a5b0-f8218c89272e,MLV1-R02532,MLV1-A0965,servicios ti,publico,critica,digital,interrupción del servicio,sin mantenimiento,3,5,mitigar,2025-09-16,0
17b830b8-f5dd-428a-9dc7-c7b09c0861f9,MLV1-R04024,MLV1-A0939,información,confidencial,alta,digital,ransomware,falta de capacitación,3,3,mitigar,2025-09-16,0
31855e30-adda-4b08-9a31-935711b96022,MLV1-R04993,MLV1-A0769,información,interno,media,digital,pérdida de información,configuración incorrecta,2,3,aceptar,2025-09-16,0
0f3c27b8-9856-4fc8-b726-7e70847a6bc6,MLV1-R05519,MLV1-A0179,hardware,interno,media,físico,daño físico,sin mantenimiento,3,2,mitigar,2025-09-16,0
d44f8170-aa3e-4fc8-b40a-9654d3ceb26b,MLV1-R06922,MLV1-A0605,documentación,interno,alta,físico,inundación,almacenamiento inadecuado,3,3,mitigar,2025-09-16,0
a8b0cd04-51c2-4154-a190-5181bd37e2e3,MLV1-R07947,MLV1-A0253,información,confidencial,media,digital,divulgación de información,ausencia de políticas,2,2,aceptar,2025-09-16,0
d2dbb056-b1b4-44a2-ab06-ef350484bb14,MLV1-R08672,MLV1-A0236,software,confidencial,alta,digital,acceso no autorizado,ausencia de políticas,3,4,mitigar,2025-09-16,0
557ddbc9-51ed-474a-a0bd-81ae68fea13b,MLV1-R09075,MLV1-A0419,hardware,interno,media,físico,inundación,almacenamiento inadecuado,2,3,mitigar,2025-09-16,0
e9570559-8fe4-43cd-88fe-eee167a8ddd1,MLV1-R09116,MLV1-A0783,hardware,interno,media,físico,falla eléctrica,equipos obsoletos,3,4,transferir,2025-09-16,1
7c808f9c-dd90-42d7-844a-97e4fa4fabf0,MLV1-R00366,MLV1-A0165,hardware,interno,media,físico,error humano,configuración incorrecta,3,3,aceptar,2025-09-17,0
750a37f8-3beb-4fd8-9cd0-903794fd7d30,MLV1-R00926,MLV1-A0618,servicios ti,restringido,media,digital,pérdida de información,ausencia de respaldos,4,3,transferir,2025-09-17,0
8a13a5cd-35ed-4a99-8ad8-eadbeb3434aa,MLV1-R01800,MLV1-A0165,hardware,interno,media,físico,daño físico,sin mantenimiento,2,3,transferir,2025-09-17,0
47df9a0a-5ef3-4268-9f5d-0a6ab684deea,MLV1-R09461,MLV1-A0165,hardware,interno,media,físico,daño físico,equipos obsoletos,4,2,transferir,2025-09-17,0
0da8d6ce-8ca8-425d-8c55-6cbf9df1223e,MLV1-R01928,MLV1-A0829,servicios ti,confidencial,media,digital,malware,antivirus desactualizado,3,2,mitigar,2025-09-18,0
0aae49e1-f33a-433a-86bc-ecace93e2083,MLV1-R03782,MLV1-A0090,documentación,confidencial,alta,digital,daño físico,equipos obsoletos,2,4,mitigar,2025-09-18,0
3391dcab-5b45-4830-b5bd-8d129d9120c9,MLV1-R06115,MLV1-A0831,hardware,restringido,media,físico,daño físico,almacenamiento inadecuado,5,4,mitigar,2025-09-18,0
9e01d72d-685b-4341-b2cc-0dac23f0c427,MLV1-R06414,MLV1-A0706,documentación,publico,critica,físico,pérdida de información,ausencia de respaldos,4,4,mitigar,2025-09-18,0
506146e5-0789-4ad2-b7bb-37af9bb5e18e,MLV1-R06483,MLV1-A0154,documentación,confidencial,media,físico,robo,ausencia de políticas,2,3,mitigar,2025-09-18,0
834dc613-5fdc-4452-b2c0-7dbb77635982,MLV1-R06634,MLV1-A0330,software,interno,media,digital,pérdida de información,configuración incorrecta,2,1,mitigar,2025-09-18,0
b124107c-d8bb-4b4a-b2e0-04c72c7164a5,MLV1-R01208,MLV1-A0740,hardware,confidencial,critica,físico,inundación,almacenamiento inadecuado,2,5,aceptar,2025-09-19,0
51b81d69-f7eb-4e09-8590-8c480f9d4e60,MLV1-R02038,MLV1-A0901,redes y comunicaciones,interno,alta,físico,falla eléctrica,sin mantenimiento,3,4,mitigar,2025-09-19,0
fcb2b7fd-83bf-4a39-b040-481edee776ee,MLV1-R02095,MLV1-A0240,software,interno,media,digital,acceso no autorizado,falta de controles de acceso,3,3,mitigar,2025-09-19,0
3e2e46e6-6812-4ed8-816f-0f9a36223c90,MLV1-R03329,MLV1-A0894,software,interno,media,digital,acceso no autorizado,falta de controles de acceso,5,1,mitigar,2025-09-19,0
308293d2-085c-4eb4-af4c-43d57cb25c20,MLV1-R03784,MLV1-A0329,software,publico,alta,digital,interrupción del servicio,configuración incorrecta,3,2,mitigar,2025-09-19,0
5f984282-9406-4a00-ad98-0644a6c206bd,MLV1-R04718,MLV1-A0950,hardware,interno,critica,físico,daño físico,almacenamiento inadecuado,3,3,mitigar,2025-09-19,0
d476ee67-5058-4b01-8111-b9f018579cb6,MLV1-R06806,MLV1-A0913,servicios ti,confidencial,media,digital,interrupción del servicio,sin mantenimiento,3,4,mitigar,2025-09-19,0
346ace9a-38c2-4ece-9f34-6816a4e58536,MLV1-R09161,MLV1-A0446,hardware,confidencial,alta,físico,error humano,ausencia de políticas,2,5,mitigar,2025-09-19,1
787ada0c-0767-4728-a84d-43026aa377bd,MLV1-R00178,MLV1-A0622,otros,interno,baja,físico,pérdida de información,configuración incorrecta,2,1,aceptar,2025-09-20,0
83a3afff-f91d-4e02-9c00-2790262000a2,MLV1-R01139,MLV1-A0663,servicios ti,interno,critica,digital,error humano,falta de capacitación,4,4,mitigar,2025-09-20,0
8c08bb73-02fd-4d34-8f05-c53acf5f6cbf,MLV1-R02058,MLV1-A0622,otros,interno,baja,físico,error humano,falta de capacitación,3,3,mitigar,2025-09-20,0
674da4c7-77fd-4c50-928b-12da9e876986,MLV1-R02664,MLV1-A0663,servicios ti,interno,critica,digital,interrupción del servicio,sin mantenimiento,3,5,mitigar,2025-09-20,1
2516451b-ce53-40c0-9332-966321b923e7,MLV1-R04346,MLV1-A0622,otros,interno,baja,físico,daño físico,sin mantenimiento,1,1,aceptar,2025-09-20,0
72f58226-8c40-49b7-8253-fda89deddb4e,MLV1-R04487,MLV1-A0622,otros,interno,baja,físico,pérdida de información,almacenamiento inadecuado,2,3,mitigar,2025-09-20,0
5925c0ca-2d0b-41ed-a7aa-425cba7a4cbb,MLV1-R04793,MLV1-A0663,servicios ti,interno,critica,digital,acceso no autorizado,contraseñas débiles,5,5,mitigar,2025-09-20,0
6ef54773-b045-4f6a-b5b7-9e8f28a642b3,MLV1-R04794,MLV1-A0663,servicios ti,interno,critica,digital,ransomware,antivirus desactualizado,5,3,evitar,2025-09-20,0
a894eb82-39ba-48aa-a483-34c8a5a2142a,MLV1-R04902,MLV1-A0693,información,interno,alta,digital,acceso no autorizado,falta de controles de acceso,5,2,mitigar,2025-09-20,0
8e417f77-a243-4c8e-8cb2-ef68a3484fc8,MLV1-R05270,MLV1-A0798,software,confidencial,critica,digital,ransomware,falta de capacitación,3,4,mitigar,2025-09-20,0
f9fce4b4-cba6-4f2e-af7c-967b6efa4ae6,MLV1-R08313,MLV1-A0982,servicios ti,confidencial,media,digital,pérdida de información,ausencia de respaldos,5,3,mitigar,2025-09-20,0
a1d9980f-0dc3-42b8-8043-2585b7d31433,MLV1-R09634,MLV1-A0460,documentación,interno,alta,físico,robo,falta de controles de acceso,3,4,mitigar,2025-09-20,0
6bc927a7-74f0-4d2a-8e36-84d08df32482,MLV1-R00298,MLV1-A0935,información,interno,alta,digital,acceso no autorizado,falta de controles de acceso,5,3,mitigar,2025-09-21,1
ca505554-1e4b-4c1c-ba04-6d9fdedc1675,MLV1-R00484,MLV1-A0659,información,restringido,media,digital,malware,antivirus desactualizado,3,1,aceptar,2025-09-21,0
5b487fcd-6220-4e4e-8852-d5717b00c554,MLV1-R00664,MLV1-A0925,hardware,interno,baja,físico,error humano,falta de capacitación,4,3,mitigar,2025-09-21,0
c917f86c-c92c-4987-a389-59777313efdd,MLV1-R01900,MLV1-A0659,información,restringido,media,digital,malware,antivirus desactualizado,4,3,mitigar,2025-09-21,0
df42fa02-6e83-41bb-aa32-5e5870231e52,MLV1-R02019,MLV1-A0657,software,interno,critica,digital,pérdida de información,configuración incorrecta,3,5,transferir,2025-09-21,0
8d209d15-3e8e-4747-b445-9ad19fb76ed5,MLV1-R02256,MLV1-A0935,información,interno,alta,digital,pérdida de información,almacenamiento inadecuado,2,3,mitigar,2025-09-21,0
6f9b1d49-c895-495b-994a-5b489cb6bfd6,MLV1-R02467,MLV1-A0882,servicios ti,interno,media,digital,interrupción del servicio,sin mantenimiento,2,3,mitigar,2025-09-21,0
8ae7b283-4c78-4cea-8379-444622c38952,MLV1-R02932,MLV1-A0882,servicios ti,interno,media,digital,ransomware,antivirus desactualizado,3,3,mitigar,2025-09-21,0
eb5e26af-e533-4cec-9fa4-7c1525f24e55,MLV1-R02987,MLV1-A0925,hardware,interno,baja,físico,incendio,ausencia de políticas,2,2,aceptar,2025-09-21,0
e4c6570c-37fc-49bf-8d80-784a0b76c06b,MLV1-R03024,MLV1-A0568,servicios ti,interno,alta,digital,interrupción del servicio,equipos obsoletos,2,4,mitigar,2025-09-21,0
74232620-0062-499c-b29b-da2b67aeb60c,MLV1-R03979,MLV1-A0659,información,restringido,media,digital,divulgación de información,contraseñas débiles,3,4,mitigar,2025-09-21,0
47e8e751-319c-4886-97ac-95b993d73327,MLV1-R04219,MLV1-A0659,información,restringido,media,digital,pérdida de información,almacenamiento inadecuado,4,2,aceptar,2025-09-21,1
9fe4eaaa-0f31-4246-9a59-e7784cbeeb56,MLV1-R04243,MLV1-A0659,información,restringido,media,digital,error humano,ausencia de políticas,3,3,aceptar,2025-09-21,0
0ab39172-6972-4337-a79b-2b9a225b86bf,MLV1-R04298,MLV1-A0925,hardware,interno,baja,físico,acceso no autorizado,contraseñas débiles,2,3,aceptar,2025-09-21,1
5a9a4f44-58d4-47cb-82af-8dd1e9be4260,MLV1-R04342,MLV1-A0568,servicios ti,interno,alta,digital,pérdida de información,ausencia de respaldos,3,3,aceptar,2025-09-21,0
9542ea39-a430-4975-a03d-7d1203658ed1,MLV1-R04933,MLV1-A0882,servicios ti,interno,media,digital,ransomware,ausencia de respaldos,3,4,mitigar,2025-09-21,0
743308af-7d88-496a-a921-aa608cfbf264,MLV1-R05459,MLV1-A0309,hardware,interno,critica,físico,error humano,falta de capacitación,3,5,mitigar,2025-09-21,0
c92fc139-153a-4456-9a88-c9ebb292126e,MLV1-R05732,MLV1-A0659,información,restringido,media,digital,pérdida de información,ausencia de respaldos,4,3,mitigar,2025-09-21,0
e8801827-6463-4c22-98f5-2583ec90d4e6,MLV1-R05953,MLV1-A0568,servicios ti,interno,alta,digital,pérdida de información,ausencia de respaldos,4,3,mitigar,2025-09-21,0
48e909a0-7bd4-49b4-8170-6747bb603188,MLV1-R06347,MLV1-A0964,información,interno,media,digital,acceso no autorizado,contraseñas débiles,3,3,mitigar,2025-09-21,0
77b7064f-da86-44f5-87b4-83de8bad142c,MLV1-R06402,MLV1-A0568,servicios ti,interno,alta,digital,malware,falta de capacitación,3,3,mitigar,2025-09-21,0
84a7917e-850b-479f-a82d-747394955a1e,MLV1-R06530,MLV1-A0573,hardware,interno,alta,físico,daño físico,equipos obsoletos,4,3,mitigar,2025-09-21,0
5dae7e48-abc3-4993-9d35-8f0abcb73d31,MLV1-R06619,MLV1-A0463,hardware,publico,media,físico,incendio,almacenamiento inadecuado,3,2,mitigar,2025-09-21,0
77b333a2-711e-4222-a87e-f2e50963fd55,MLV1-R07311,MLV1-A0925,hardware,interno,baja,físico,malware,antivirus desactualizado,2,1,mitigar,2025-09-21,0
a7e4f57f-4541-4ac6-bc1e-d15e40c0d51b,MLV1-R08928,MLV1-A0935,información,interno,alta,digital,acceso no autorizado,contraseñas débiles,4,4,mitigar,2025-09-21,1
19b015f7-4dc1-47b1-9d14-a845c83b1c54,MLV1-R09469,MLV1-A0882,servicios ti,interno,media,digital,pérdida de información,almacenamiento inadecuado,4,4,mitigar,2025-09-21,0
920b4612-ae66-4bee-adf2-c7ed7c370332,MLV1-R09737,MLV1-A0935,información,interno,alta,digital,malware,antivirus desactualizado,3,4,mitigar,2025-09-21,0
9e2907cd-97e2-4484-a2b7-a1adc0269263,MLV1-R00233,MLV1-A0010,otros,publico,baja,físico,interrupción del servicio,configuración incorrecta,1,1,aceptar,2025-09-22,0
afe761c0-0f95-432f-8c48-23924218197d,MLV1-R01155,MLV1-A0126,hardware,interno,alta,físico,robo,falta de controles de acceso,3,4,evitar,2025-09-22,0
3a21b264-ab48-43ea-aac2-58dcd7293d56,MLV1-R01908,MLV1-A0752,documentación,interno,alta,digital,pérdida de información,ausencia de respaldos,5,4,mitigar,2025-09-22,0
4db54a2e-86a5-4cc3-a8aa-327b12d5fedb,MLV1-R02947,MLV1-A0010,otros,publico,baja,físico,acceso no autorizado,ausencia de políticas,1,3,aceptar,2025-09-22,0
f0f45627-7a8c-412d-97f5-0c9e6951fc30,MLV1-R03157,MLV1-A0440,información,interno,media,digital,ransomware,ausencia de respaldos,5,4,evitar,2025-09-22,0
b01c1fd3-41ea-43f6-820c-240fb90bab79,MLV1-R03797,MLV1-A0440,información,interno,media,digital,divulgación de información,falta de controles de acceso,3,3,mitigar,2025-09-22,0
e57ae656-8b3a-4f71-a613-31055e8219d7,MLV1-R04490,MLV1-A0660,hardware,restringido,media,físico,robo,falta de controles de acceso,5,1,aceptar,2025-09-22,0
b5a42852-e41f-4924-8739-083a2eca58f3,MLV1-R05081,MLV1-A0440,información,interno,media,digital,ransomware,falta de capacitación,3,2,aceptar,2025-09-22,0
f207ecac-2796-4648-9265-327d3605d222,MLV1-R05907,MLV1-A0010,otros,publico,baja,físico,error humano,falta de capacitación,3,3,mitigar,2025-09-22,0
8fa0fbc1-78fe-4e99-bc1d-9f3b57312783,MLV1-R06142,MLV1-A0411,documentación,publico,alta,digital,pérdida de información,ausencia de respaldos,4,4,mitigar,2025-09-22,1
e51fcbad-7f68-49d7-a4d1-2f6a0200540b,MLV1-R06491,MLV1-A0440,información,interno,media,digital,acceso no autorizado,falta de controles de acceso,4,5,mitigar,2025-09-22,0
87c56344-c68c-44ed-b0ba-93c85dd91ddc,MLV1-R07665,MLV1-A0010,otros,publico,baja,físico,error humano,configuración incorrecta,1,2,aceptar,2025-09-22,0
7dd395a1-d485-4e48-874f-d90b642dff38,MLV1-R08553,MLV1-A0635,redes y comunicaciones,interno,media,físico,error humano,configuración incorrecta,5,1,aceptar,2025-09-22,0
694c5df1-c202-42c2-b077-02c98b78a2fd,MLV1-R08580,MLV1-A0440,información,interno,media,digital,acceso no autorizado,falta de controles de acceso,3,3,mitigar,2025-09-22,0
7cbf7cbd-e277-473f-bd9d-1ce4f3ac7bd0,MLV1-R08845,MLV1-A0440,información,interno,media,digital,pérdida de información,ausencia de respaldos,5,3,mitigar,2025-09-22,1
49ae5890-6224-47b0-8571-b2d914fc3747,MLV1-R09416,MLV1-A0440,información,interno,media,digital,divulgación de información,falta de controles de acceso,3,2,mitigar,2025-09-22,0
ee39577c-3f00-48ad-aa40-4bb108f976ad,MLV1-R00075,MLV1-A0955,hardware,interno,baja,físico,error humano,falta de capacitación,3,3,aceptar,2025-09-23,0
c4184d84-d46a-4a51-995e-6353443e79b6,MLV1-R00834,MLV1-A0955,hardware,interno,baja,físico,malware,configuración incorrecta,5,2,transferir,2025-09-23,0
373aa350-cd07-4e38-b32c-56a9c161090f,MLV1-R00920,MLV1-A0068,hardware,interno,alta,físico,acceso no autorizado,contraseñas débiles,2,5,aceptar,2025-09-23,0
9afb6f0b-7634-41e2-8cda-41a1bc97a8c8,MLV1-R01184,MLV1-A0977,hardware,publico,media,físico,error humano,configuración incorrecta,3,4,evitar,2025-09-23,0
bf937c71-b3ca-497f-8a35-bc85ed3f8ee7,MLV1-R02017,MLV1-A0955,hardware,interno,baja,físico,acceso no autorizado,falta de controles de acceso,4,1,aceptar,2025-09-23,0
03575ee4-892b-4f54-9b7b-c422d1a4e778,MLV1-R02222,MLV1-A0464,hardware,interno,media,físico,malware,falta de capacitación,3,2,mitigar,2025-09-23,0
586570f2-8177-4dc9-bc61-cef8756f3a9e,MLV1-R03855,MLV1-A0714,información,interno,alta,digital,ransomware,ausencia de respaldos,4,3,transferir,2025-09-23,0
e95b2eaf-f1e4-416b-bc6d-005e63f14095,MLV1-R03955,MLV1-A0955,hardware,interno,baja,físico,robo,falta de controles de acceso,2,1,aceptar,2025-09-23,0
8d255498-0bba-4189-ad96-db34aacd8175,MLV1-R04119,MLV1-A0464,hardware,interno,media,físico,falla eléctrica,equipos obsoletos,1,4,aceptar,2025-09-23,0
51553f51-a134-4bf4-8540-a4d3957e13e8,MLV1-R05121,MLV1-A0464,hardware,interno,media,físico,incendio,almacenamiento inadecuado,2,2,aceptar,2025-09-23,0
749a4ad7-bda4-4786-ac7a-f5706d4dd6d2,MLV1-R05192,MLV1-A0244,software,interno,alta,digital,malware,configuración incorrecta,1,4,aceptar,2025-09-23,0
f57870f9-7fe6-433b-a9e3-0441c4a7306f,MLV1-R06306,MLV1-A0464,hardware,interno,media,físico,falla eléctrica,equipos obsoletos,2,2,aceptar,2025-09-23,0
65885a9d-db65-4632-bf21-a79504c57e6c,MLV1-R06730,MLV1-A0713,software,interno,alta,digital,malware,configuración incorrecta,3,4,transferir,2025-09-23,1
4a600c7a-9592-46c8-ab5e-633c595c66a9,MLV1-R06842,MLV1-A0464,hardware,interno,media,físico,daño físico,almacenamiento inadecuado,2,2,aceptar,2025-09-23,0
3798e855-440f-4b99-89e5-2c9c55b24fc0,MLV1-R07321,MLV1-A0220,hardware,restringido,critica,físico,daño físico,equipos obsoletos,4,5,mitigar,2025-09-23,0
55be3d91-28b7-4887-91c2-f7698357e828,MLV1-R07715,MLV1-A0955,hardware,interno,baja,físico,falla eléctrica,equipos obsoletos,4,3,mitigar,2025-09-23,1
074b8533-23c2-4106-a399-c80d3833f940,MLV1-R07890,MLV1-A0955,hardware,interno,baja,físico,daño físico,equipos obsoletos,3,3,transferir,2025-09-23,0
598ad91b-87f5-4b57-a723-90260a7a5079,MLV1-R07995,MLV1-A0041,información,interno,media,digital,divulgación de información,falta de controles de acceso,3,4,mitigar,2025-09-23,0
c8cfeef9-2424-4d71-8c0b-2e47d1fd6ef7,MLV1-R08290,MLV1-A0955,hardware,interno,baja,físico,error humano,ausencia de políticas,2,1,aceptar,2025-09-23,0
7e06fd79-59bd-4e99-9565-83c02e22eb0d,MLV1-R00183,MLV1-A0581,redes y comunicaciones,interno,critica,físico,acceso no autorizado,contraseñas débiles,5,5,mitigar,2025-09-24,1
20cdf7e5-3c68-45df-808e-c81702ea47e8,MLV1-R00129,MLV1-A0796,software,interno,media,digital,ransomware,ausencia de respaldos,2,3,mitigar,2025-09-26,1
bcef03a8-fb60-4cd2-a38a-90fc85069836,MLV1-R00677,MLV1-A0357,servicios ti,confidencial,media,digital,ransomware,falta de capacitación,4,5,mitigar,2025-09-26,1
df5adaf2-0026-4a2f-afb8-ab0049642b5f,MLV1-R03258,MLV1-A0213,software,confidencial,baja,digital,acceso no autorizado,falta de controles de acceso,4,2,mitigar,2025-09-26,1
a6f39338-080a-4d93-9da9-f048f7f2df50,MLV1-R08814,MLV1-A0291,hardware,confidencial,media,físico,malware,antivirus desactualizado,4,3,evitar,2025-09-27,1
02adbe79-3e53-4fd5-9754-f097d216cead,MLV1-R01164,MLV1-A0809,redes y comunicaciones,confidencial,critica,físico,acceso no autorizado,ausencia de políticas,4,5,mitigar,2025-09-28,1
c969476a-2de1-4441-8e8e-cf5b00b93598,MLV1-R01330,MLV1-A0168,redes y comunicaciones,publico,media,físico,interrupción del servicio,configuración incorrecta,2,3,mitigar,2025-09-28,1
7d8fd2e5-739d-4fb8-8655-92623e9278df,MLV1-R03944,MLV1-A0938,información,interno,baja,digital,malware,antivirus desactualizado,3,2,mitigar,2025-09-28,1
29a3b784-0922-4612-b45b-13cdb9d1924a,MLV1-R03951,MLV1-A0809,redes y comunicaciones,confidencial,critica,físico,error humano,configuración incorrecta,1,3,aceptar,2025-09-28,1
45e1a317-cb44-4852-8a42-6b9a93b82964,MLV1-R04007,MLV1-A0292,redes y comunicaciones,interno,media,físico,acceso no autorizado,ausencia de políticas,4,3,transferir,2025-09-28,1
43c1afc1-c7ef-4202-b87f-215ba4104b18,MLV1-R04905,MLV1-A0526,hardware,restringido,alta,físico,falla eléctrica,sin mantenimiento,3,4,mitigar,2025-09-28,1
48ba87a3-4f9f-4175-9933-83709bf27526,MLV1-R07143,MLV1-A0518,hardware,confidencial,baja,físico,malware,antivirus desactualizado,3,4,transferir,2025-09-28,1
003cb847-9aed-4490-9983-b042b9f7a2f4,MLV1-R08498,MLV1-A0809,redes y comunicaciones,confidencial,critica,físico,malware,falta de capacitación,4,4,mitigar,2025-09-28,1
c971bba8-ce9a-4612-8d78-edbeba0ffd68,MLV1-R08113,MLV1-A0366,hardware,publico,alta,físico,error humano,falta de capacitación,2,4,mitigar,2025-09-29,1
c7576a19-c6e0-4880-aa43-75bc8b9d1e1e,MLV1-R04598,MLV1-A0082,servicios ti,interno,critica,digital,error humano,ausencia de políticas,4,4,mitigar,2025-09-30,1
d442f6df-cfdf-4300-9550-add05fd7310c,MLV1-R05827,MLV1-A0212,información,confidencial,alta,digital,acceso no autorizado,falta de controles de acceso,4,4,mitigar,2025-10-01,1
25d53132-26ea-47de-849f-e1e3085f9170,MLV1-R06612,MLV1-A0231,hardware,interno,alta,físico,daño físico,almacenamiento inadecuado,2,3,mitigar,2025-10-01,1
ec3e6764-2ad1-474e-8390-58947f78d6ce,MLV1-R07750,MLV1-A0783,hardware,interno,media,físico,error humano,falta de capacitación,3,3,mitigar,2025-10-01,1
eb7bb848-55f6-48f8-a742-72bed6d74f89,MLV1-R03403,MLV1-A0898,información,interno,critica,digital,acceso no autorizado,falta de controles de acceso,5,4,mitigar,2025-10-02,1
63787fb5-045a-4188-8df4-ea3a14557b3f,MLV1-R03709,MLV1-A0386,documentación,interno,baja,digital,pérdida de información,almacenamiento inadecuado,2,1,mitigar,2025-10-02,1
914fb547-37df-406b-b9ba-124081dddb39,MLV1-R04065,MLV1-A0873,servicios ti,confidencial,critica,digital,malware,falta de capacitación,4,5,evitar,2025-10-02,1
c4daebde-c8e3-4cb3-8dc3-4f03fb3ca6c0,MLV1-R08320,MLV1-A0177,otros,interno,alta,físico,error humano,ausencia de políticas,2,5,aceptar,2025-10-02,1
9feb3b2a-c7b9-4250-8225-b9e45c195cfe,MLV1-R09096,MLV1-A0264,software,confidencial,alta,digital,interrupción del servicio,equipos obsoletos,4,4,transferir,2025-10-02,1
e44152f3-6017-4b64-a4db-91aeac8123e0,MLV1-R09370,MLV1-A0386,documentación,interno,baja,digital,pérdida de información,almacenamiento inadecuado,3,3,mitigar,2025-10-02,1
de6178da-8a77-41b1-99f8-91af31feb95e,MLV1-R01581,MLV1-A0568,servicios ti,interno,alta,digital,interrupción del servicio,equipos obsoletos,3,3,mitigar,2025-10-03,1
f8479b83-0fbb-483e-81db-011cb2bd1566,MLV1-R03552,MLV1-A0951,información,interno,media,digital,pérdida de información,ausencia de respaldos,3,5,mitigar,2025-10-03,1
14f7a60a-f585-424a-8df7-5f2abb4eb0dc,MLV1-R00855,MLV1-A0021,otros,publico,media,físico,interrupción del servicio,equipos obsoletos,5,3,transferir,2025-10-04,1
0d55e89c-e8f8-4f8a-81a6-2a36786dc779,MLV1-R01904,MLV1-A0994,hardware,confidencial,critica,físico,daño físico,equipos obsoletos,3,5,mitigar,2025-10-05,1
7a1a01e4-b70b-408d-9a81-2b694cb96a2e,MLV1-R04221,MLV1-A0994,hardware,confidencial,critica,físico,daño físico,sin mantenimiento,4,5,mitigar,2025-10-05,1
236a454c-6228-4e81-9b54-ec4a1a4c844e,MLV1-R06594,MLV1-A0994,hardware,confidencial,critica,físico,robo,ausencia de políticas,4,5,mitigar,2025-10-05,1
348cb8cc-73b5-45ee-a6a5-9e2db8c4a5f6,MLV1-R06772,MLV1-A0199,información,publico,media,digital,ransomware,configuración incorrecta,3,2,mitigar,2025-10-06,1
126e1687-a25a-48a7-b1ae-32db56a33686,MLV1-R07337,MLV1-A0199,información,publico,media,digital,divulgación de información,contraseñas débiles,4,3,transferir,2025-10-06,1
750ca49e-5f3c-4950-98ac-edf480962334,MLV1-R02891,MLV1-A0138,hardware,publico,alta,físico,acceso no autorizado,ausencia de políticas,3,3,mitigar,2025-10-08,1
fbfd29fc-f008-4d51-913d-834e46145cc6,MLV1-R03344,MLV1-A0138,hardware,publico,alta,físico,falla eléctrica,sin mantenimiento,3,4,evitar,2025-10-08,1
e786ecfd-4e9e-4438-8657-5c87cfa0401e,MLV1-R03411,MLV1-A0032,software,publico,critica,digital,acceso no autorizado,contraseñas débiles,3,4,mitigar,2025-10-08,1
ea2d0bca-8f01-44e0-b51a-0e10389651f4,MLV1-R03873,MLV1-A0281,información,interno,media,digital,pérdida de información,ausencia de respaldos,5,1,aceptar,2025-10-08,1
5f1b5c1b-452a-4af0-a0b7-60131589810d,MLV1-R06718,MLV1-A0609,hardware,interno,alta,físico,falla eléctrica,equipos obsoletos,3,4,mitigar,2025-10-08,1
20fa8f78-2983-42e1-b97d-8b4af1dabfcf,MLV1-R07562,MLV1-A0032,software,publico,critica,digital,pérdida de información,configuración incorrecta,3,5,mitigar,2025-10-08,1
81fb921f-3cd5-4be0-9874-7f7d4edaebd6,MLV1-R08239,MLV1-A0032,software,publico,critica,digital,error humano,falta de capacitación,4,4,mitigar,2025-10-08,1
2881756c-bfdb-4a34-9f0b-4af3dfaa8c37,MLV1-R08394,MLV1-A0675,información,confidencial,alta,digital,acceso no autorizado,ausencia de políticas,3,4,mitigar,2025-10-08,1
cf596a06-3629-4554-8ea7-eb4b7709cf3f,MLV1-R02198,MLV1-A0254,servicios ti,restringido,alta,digital,interrupción del servicio,sin mantenimiento,3,5,mitigar,2025-10-09,1
6fcc045e-ad11-4358-b09d-76e3254a936a,MLV1-R02568,MLV1-A0143,servicios ti,interno,baja,digital,acceso no autorizado,falta de controles de acceso,5,3,mitigar,2025-10-09,1
ab42c1e3-74b8-462f-b30d-6cacc64f407f,MLV1-R04254,MLV1-A0105,hardware,publico,alta,físico,malware,falta de capacitación,2,4,aceptar,2025-10-09,1
3c1750c2-3507-4791-a2f8-8b6ff3871417,MLV1-R04906,MLV1-A0422,hardware,interno,alta,físico,malware,antivirus desactualizado,5,4,mitigar,2025-10-09,1
13008202-8f4f-4cb4-a2a4-79bc5ee59fa8,MLV1-R07565,MLV1-A0667,redes y comunicaciones,interno,alta,físico,acceso no autorizado,falta de controles de acceso,3,4,transferir,2025-10-09,1
5dbe9be2-5375-4b9a-8b66-3a45e9ec08cb,MLV1-R09537,MLV1-A0854,hardware,publico,media,físico,falla eléctrica,sin mantenimiento,3,3,aceptar,2025-10-09,1
dd36a1c5-d361-446e-9aa7-ad0d67fa3dc3,MLV1-R03874,MLV1-A0376,documentación,interno,media,físico,robo,falta de controles de acceso,4,2,mitigar,2025-10-10,1
97e4db08-1223-44f1-a380-6f59cb717baf,MLV1-R04809,MLV1-A0966,servicios ti,restringido,critica,digital,error humano,ausencia de políticas,3,5,mitigar,2025-10-10,1
f8d2401d-11c9-4a09-a9fb-641a1e1ff0d9,MLV1-R07914,MLV1-A0217,software,confidencial,alta,digital,pérdida de información,ausencia de respaldos,4,5,mitigar,2025-10-10,1
5fc67a36-9145-4b63-9c97-20975cb1ac8f,MLV1-R09812,MLV1-A0217,software,confidencial,alta,digital,acceso no autorizado,ausencia de políticas,3,2,transferir,2025-10-10,1
dd8736cc-0dd7-4de3-99ff-aa9f7b157199,MLV1-R03162,MLV1-A0842,software,interno,alta,digital,error humano,configuración incorrecta,1,4,aceptar,2025-10-11,1
9122bacb-2cd3-4972-90fe-402d6277be52,MLV1-R02027,MLV1-A0572,software,publico,baja,digital,error humano,configuración incorrecta,3,3,mitigar,2025-10-12,1
705aaf7a-803e-4230-831e-af30cdff33ac,MLV1-R03118,MLV1-A0610,hardware,interno,media,físico,acceso no autorizado,falta de controles de acceso,5,3,transferir,2025-10-12,1
c694f861-1f22-4741-b7b3-185f177568b1,MLV1-R03733,MLV1-A0667,redes y comunicaciones,interno,alta,físico,falla eléctrica,equipos obsoletos,3,5,mitigar,2025-10-12,1
3fa7b71f-6a63-41b4-86ab-967499f59ccc,MLV1-R04594,MLV1-A0675,información,confidencial,alta,digital,malware,configuración incorrecta,4,5,mitigar,2025-10-12,1
7b1e0954-d15f-41fb-9cec-9d134bec0e82,MLV1-R04775,MLV1-A0373,información,confidencial,alta,digital,acceso no autorizado,falta de controles de acceso,4,5,mitigar,2025-10-12,1
605c399d-ff2c-4cd1-ba22-3121a7bc7064,MLV1-R06964,MLV1-A0577,información,interno,critica,digital,pérdida de información,configuración incorrecta,5,4,mitigar,2025-10-12,1
5e444773-97af-463f-943f-bdd125faea08,MLV1-R03393,MLV1-A0939,información,confidencial,alta,digital,pérdida de información,almacenamiento inadecuado,4,4,mitigar,2025-10-13,1
fcf34bb1-6f7a-4a15-a19c-853241c03925,MLV1-R04644,MLV1-A0551,servicios ti,publico,alta,digital,interrupción del servicio,configuración incorrecta,5,4,mitigar,2025-10-14,1
c6c8cf25-98f6-43fe-ba60-75e66c4788d2,MLV1-R06681,MLV1-A0551,servicios ti,publico,alta,digital,acceso no autorizado,falta de controles de acceso,5,5,mitigar,2025-10-14,1
31c068ef-4901-49e1-9636-e9aa1f66869c,MLV1-R02736,MLV1-A0177,otros,interno,alta,físico,robo,falta de controles de acceso,4,5,evitar,2025-10-15,1
210b97b2-8afb-46c7-adcd-9daeb3403c5a,MLV1-R05952,MLV1-A0695,software,interno,critica,digital,error humano,falta de capacitación,3,5,mitigar,2025-10-15,1
54da3630-0b7a-4879-8275-f89a772ad61b,MLV1-R01789,MLV1-A0693,información,interno,alta,digital,error humano,configuración incorrecta,2,4,aceptar,2025-10-16,1
ae0c7f6a-551e-49c0-98af-126f957b9e7e,MLV1-R03967,MLV1-A0724,software,publico,alta,digital,malware,antivirus desactualizado,4,4,mitigar,2025-10-16,1
b92a051f-0e9c-4040-8119-1c82b62dee82,MLV1-R05345,MLV1-A0258,software,interno,critica,digital,pérdida de información,ausencia de respaldos,5,4,mitigar,2025-10-16,1
c477e6ea-de74-45ad-83ad-34b797df550a,MLV1-R00135,MLV1-A0205,servicios ti,interno,alta,digital,interrupción del servicio,sin mantenimiento,3,4,mitigar,2025-10-17,1
d4d05349-8e01-4f4f-b702-e1d3e79e6c99,MLV1-R00500,MLV1-A0205,servicios ti,interno,alta,digital,pérdida de información,ausencia de respaldos,2,4,aceptar,2025-10-17,1
d370f251-4ed8-40ec-8305-a2bf145065eb,MLV1-R01704,MLV1-A0635,redes y comunicaciones,interno,media,físico,falla eléctrica,equipos obsoletos,3,4,mitigar,2025-10-17,1
889c6fdc-b8ce-4921-bbc8-469188da8f08,MLV1-R06209,MLV1-A0414,servicios ti,interno,critica,digital,ransomware,antivirus desactualizado,3,5,transferir,2025-10-17,1
4af6a232-5953-495a-8ff0-a18017a71571,MLV1-R07851,MLV1-A0187,información,interno,critica,digital,pérdida de información,ausencia de respaldos,4,5,mitigar,2025-10-17,1
41e6bb96-d207-4fbd-ae52-59b0d47df9ca,MLV1-R08494,MLV1-A0187,información,interno,critica,digital,pérdida de información,ausencia de respaldos,4,5,mitigar,2025-10-17,1
c9a6046d-e7a7-4b6c-aeb0-ba796143a575,MLV1-R09107,MLV1-A0011,hardware,interno,critica,físico,acceso no autorizado,contraseñas débiles,4,4,mitigar,2025-10-17,1
c08e4d7f-e5e8-494b-b869-e28723b4123b,MLV1-R08423,MLV1-A0047,otros,interno,alta,físico,acceso no autorizado,contraseñas débiles,4,4,mitigar,2025-10-18,1
ce299009-631f-46a0-9b48-a404e00715ea,MLV1-R07770,MLV1-A0148,documentación,interno,alta,físico,pérdida de información,ausencia de respaldos,3,5,transferir,2025-10-19,1
91827e82-19dd-48e6-a33e-29236e4f0a11,MLV1-R08361,MLV1-A0115,servicios ti,confidencial,alta,digital,error humano,ausencia de políticas,3,4,mitigar,2025-10-19,1
7cbf9f54-5797-4a9d-87f6-e972a51ab937,MLV1-R06388,MLV1-A0121,información,confidencial,alta,digital,acceso no autorizado,ausencia de políticas,3,2,aceptar,2025-10-20,1
bd318610-1293-4d27-b575-769b2ba4fe99,MLV1-R00447,MLV1-A0975,redes y comunicaciones,interno,critica,físico,interrupción del servicio,sin mantenimiento,4,4,mitigar,2025-10-21,1
fae7143f-2332-4c53-b044-14db8249e2a5,MLV1-R04521,MLV1-A0312,otros,publico,alta,físico,interrupción del servicio,sin mantenimiento,4,4,mitigar,2025-10-21,1
916729b3-a2fa-499f-930a-7ad06fc32017,MLV1-R07359,MLV1-A0038,servicios ti,interno,critica,digital,ransomware,antivirus desactualizado,4,4,mitigar,2025-10-21,1
8a3dd64a-6106-4840-b774-555a6342dfcd,MLV1-R08844,MLV1-A0081,otros,interno,alta,físico,error humano,falta de capacitación,5,4,mitigar,2025-10-21,1
0c7ac853-7a00-4195-9982-a2f22aea10bf,MLV1-R02272,MLV1-A0480,software,interno,critica,digital,ransomware,ausencia de respaldos,5,4,mitigar,2025-10-23,1
0914f479-232d-4c00-9222-7c692ecadfd6,MLV1-R04269,MLV1-A0089,redes y comunicaciones,interno,media,físico,malware,configuración incorrecta,3,3,aceptar,2025-10-23,1
54674b2f-79f6-42d5-b402-83c5bbc95ccd,MLV1-R00511,MLV1-A0900,documentación,interno,alta,físico,divulgación de información,falta de controles de acceso,4,4,mitigar,2025-10-24,1
c057b401-322c-444a-ade6-01fac4165deb,MLV1-R04021,MLV1-A0570,información,interno,media,digital,pérdida de información,ausencia de respaldos,4,4,mitigar,2025-10-24,1
be252af8-23c0-4143-b6c7-3dec88432ef7,MLV1-R04520,MLV1-A0182,información,interno,alta,digital,pérdida de información,ausencia de respaldos,4,4,mitigar,2025-10-24,1
f57a9aa0-e18f-4b54-aebb-9e398b1b0e40,MLV1-R05403,MLV1-A0570,información,interno,media,digital,error humano,ausencia de políticas,3,3,aceptar,2025-10-24,1
5bf550d3-1048-4392-8e89-11f1e3297f1d,MLV1-R08326,MLV1-A0455,información,interno,media,digital,malware,antivirus desactualizado,3,4,transferir,2025-10-24,1
a44b76c2-7079-4cfe-8722-4d4dc1b15ab7,MLV1-R08534,MLV1-A0631,otros,interno,critica,físico,robo,falta de controles de acceso,3,3,aceptar,2025-10-24,1
be706f96-b31e-4c03-a227-7d35294e7c14,MLV1-R08955,MLV1-A0865,software,interno,alta,digital,error humano,falta de capacitación,4,5,mitigar,2025-10-24,1
2f5a7097-41ae-4bd3-a2fd-21926b71ac97,MLV1-R01013,MLV1-A0239,software,interno,alta,digital,error humano,configuración incorrecta,1,3,aceptar,2025-10-25,1
299f99b2-8d2f-42e5-8a3f-d801867dce7f,MLV1-R02259,MLV1-A0452,hardware,interno,critica,físico,malware,antivirus desactualizado,5,5,mitigar,2025-10-25,1
9fca2433-956f-4ea8-a793-62cfcbcedf3a,MLV1-R04078,MLV1-A0723,servicios ti,interno,media,digital,malware,antivirus desactualizado,5,2,mitigar,2025-10-25,1
16d73e6b-908c-4ee0-bbb5-ce4cc4ef7f75,MLV1-R04865,MLV1-A0239,software,interno,alta,digital,error humano,configuración incorrecta,3,4,mitigar,2025-10-25,1
afb43e9e-b379-4057-85ec-8b3d885e2d2a,MLV1-R04952,MLV1-A0283,hardware,interno,critica,físico,robo,falta de controles de acceso,3,5,mitigar,2025-10-25,1
2617daef-393d-4112-896d-013c1338690e,MLV1-R06613,MLV1-A0694,hardware,interno,media,físico,daño físico,almacenamiento inadecuado,4,4,mitigar,2025-10-25,1
1b748dbb-3622-4125-8a04-3e753aede68c,MLV1-R09846,MLV1-A0239,software,interno,alta,digital,acceso no autorizado,contraseñas débiles,3,4,mitigar,2025-10-25,1
c91b15ae-86e8-4ec8-b9c9-8cb93365fb9a,MLV1-R01217,MLV1-A0542,redes y comunicaciones,interno,critica,físico,interrupción del servicio,sin mantenimiento,4,4,mitigar,2025-10-26,1
aa97031c-55c2-4ca0-a796-e0ad3c40a8ec,MLV1-R04211,MLV1-A0542,redes y comunicaciones,interno,critica,físico,malware,antivirus desactualizado,3,4,mitigar,2025-10-26,1
b17afa32-e9fc-4d3f-9e86-df0c689dad4e,MLV1-R07035,MLV1-A0191,redes y comunicaciones,interno,baja,físico,malware,falta de capacitación,4,3,transferir,2025-10-26,1
c0091dbe-ad16-41ba-a70b-08112c5acdb0,MLV1-R02803,MLV1-A0454,información,interno,media,digital,divulgación de información,contraseñas débiles,3,3,mitigar,2025-10-27,1
f0e05a87-e164-460b-bd55-826a8a09ffed,MLV1-R04830,MLV1-A0962,redes y comunicaciones,publico,alta,físico,acceso no autorizado,contraseñas débiles,3,4,mitigar,2025-10-27,1
f94b3fcc-f55a-4dcc-936f-f35db20a9f94,MLV1-R06707,MLV1-A0454,información,interno,media,digital,acceso no autorizado,falta de controles de acceso,3,3,aceptar,2025-10-27,1
d9aa7a20-9b09-4783-89ec-ef13edb3231d,MLV1-R08216,MLV1-A0962,redes y comunicaciones,publico,alta,físico,interrupción del servicio,configuración incorrecta,2,3,transferir,2025-10-27,1
d30fdfe7-b52b-49aa-a222-9f747b723f17,MLV1-R08853,MLV1-A0962,redes y comunicaciones,publico,alta,físico,acceso no autorizado,contraseñas débiles,5,3,mitigar,2025-10-27,1
13624236-e3a6-4dd6-bd04-bd73d540e890,MLV1-R02022,MLV1-A0953,servicios ti,publico,alta,digital,acceso no autorizado,falta de controles de acceso,4,2,aceptar,2025-10-28,1
729d8bf6-c82f-484a-a1b6-0f82c764ecc5,MLV1-R04384,MLV1-A0738,hardware,interno,alta,físico,error humano,ausencia de políticas,3,3,aceptar,2025-10-28,1
d0ac6a7c-7439-4f1e-8d4c-704d84db5a9b,MLV1-R04543,MLV1-A0639,redes y comunicaciones,confidencial,media,físico,falla eléctrica,equipos obsoletos,4,3,transferir,2025-10-28,1
d53f8edc-3b29-4e71-942a-a353f336dee2,MLV1-R07688,MLV1-A0953,servicios ti,publico,alta,digital,acceso no autorizado,contraseñas débiles,4,5,mitigar,2025-10-28,1
1c9ae429-2300-4f5d-aa5d-7ed190f0fd7a,MLV1-R09745,MLV1-A0050,información,confidencial,alta,digital,malware,falta de capacitación,5,3,transferir,2025-10-28,1
c727e1a2-edb8-4c03-87c2-1bd0ebee3dce,MLV1-R01965,MLV1-A0409,información,publico,media,digital,acceso no autorizado,contraseñas débiles,4,3,mitigar,2025-10-29,1
8990886d-a7fb-4cda-b6d3-8c72bd26487c,MLV1-R03568,MLV1-A0627,servicios ti,publico,media,digital,pérdida de información,ausencia de respaldos,5,4,transferir,2025-10-29,1
f27b7dc5-edab-4bbf-8985-b7a41c30aeaf,MLV1-R04640,MLV1-A0372,redes y comunicaciones,publico,media,físico,malware,falta de capacitación,3,1,aceptar,2025-10-29,1
87411434-d8de-48a5-8981-ea994e4356fe,MLV1-R03350,MLV1-A0558,software,confidencial,media,digital,interrupción del servicio,sin mantenimiento,4,2,mitigar,2025-10-30,1
1aca3bee-c846-47b5-adec-e2a2209c8252,MLV1-R08685,MLV1-A0558,software,confidencial,media,digital,pérdida de información,configuración incorrecta,2,1,mitigar,2025-10-30,1
f3152f48-a76c-472a-99e9-2bc38d8cf7a8,MLV1-R09226,MLV1-A0374,hardware,interno,alta,físico,error humano,configuración incorrecta,5,4,mitigar,2025-10-30,1
01b55049-75ff-4d0c-8a27-2f8704619770,MLV1-R02852,MLV1-A0979,redes y comunicaciones,interno,alta,físico,falla eléctrica,equipos obsoletos,2,5,mitigar,2025-10-31,1
799d77aa-7249-4a95-8c6e-f3ee528fdcbe,MLV1-R01966,MLV1-A0089,redes y comunicaciones,interno,media,físico,acceso no autorizado,ausencia de políticas,3,1,mitigar,2025-11-01,1
7a9f7f83-258a-42f1-959d-acf07ce9dcbd,MLV1-R06377,MLV1-A0220,hardware,restringido,critica,físico,inundación,almacenamiento inadecuado,4,5,mitigar,2025-11-01,1
62a6f74a-8cbf-4236-920a-14ab66daeca5,MLV1-R09355,MLV1-A0351,documentación,interno,alta,físico,error humano,configuración incorrecta,5,4,mitigar,2025-11-01,1
9c37f39d-44ac-4401-bda9-70ec829ac81a,MLV1-R09507,MLV1-A0351,documentación,interno,alta,físico,pérdida de información,almacenamiento inadecuado,2,3,mitigar,2025-11-01,1
0a04dd73-53cb-43db-a9b7-2345f965e40e,MLV1-R00068,MLV1-A0709,hardware,restringido,critica,físico,robo,ausencia de políticas,4,5,mitigar,2025-11-02,1
866ba24d-0dc7-461a-bd75-6209f99909ff,MLV1-R00263,MLV1-A0586,hardware,confidencial,critica,físico,malware,antivirus desactualizado,4,4,mitigar,2025-11-02,1
469484e8-dccf-47c4-a779-94d823f010e4,MLV1-R00608,MLV1-A0959,servicios ti,interno,media,digital,error humano,ausencia de políticas,2,3,mitigar,2025-11-02,1
7f9b02ac-a0e5-48e9-8d48-7c678552f372,MLV1-R04988,MLV1-A0183,redes y comunicaciones,interno,alta,físico,falla eléctrica,equipos obsoletos,4,5,mitigar,2025-11-02,1
369aacfe-4b3a-472b-a248-6393f172d62f,MLV1-R06615,MLV1-A0983,hardware,interno,alta,físico,robo,falta de controles de acceso,4,4,mitigar,2025-11-03,1
bd1d66b7-f22f-4c4a-906b-7d5867179362,MLV1-R01679,MLV1-A0529,información,interno,media,digital,ransomware,antivirus desactualizado,5,4,transferir,2025-11-04,1
f6ff9a43-c2fd-4a33-b16e-cee62a32ec39,MLV1-R04807,MLV1-A0295,otros,interno,media,físico,daño físico,sin mantenimiento,2,1,aceptar,2025-11-04,1
4edf4ed1-b7c1-42d9-96b6-7815eb2a9709,MLV1-R05999,MLV1-A0620,información,confidencial,media,digital,malware,configuración incorrecta,5,4,mitigar,2025-11-04,1
c3e04107-f8ef-4b7f-8757-60a49826dc09,MLV1-R09772,MLV1-A0295,otros,interno,media,físico,acceso no autorizado,contraseñas débiles,4,5,transferir,2025-11-04,1
3b97700f-45c2-491d-9da7-f318c6ac449f,MLV1-R00122,MLV1-A0693,información,interno,alta,digital,pérdida de información,almacenamiento inadecuado,3,4,transferir,2025-11-05,1
5bbd2eab-50a5-40e1-9792-2fb28d8beb73,MLV1-R00120,MLV1-A0875,servicios ti,interno,alta,digital,acceso no autorizado,falta de controles de acceso,4,4,transferir,2025-11-06,1
1c3df03b-dc80-43dd-91f8-11df7744d5a2,MLV1-R08269,MLV1-A0429,software,restringido,media,digital,ransomware,antivirus desactualizado,4,5,mitigar,2025-11-06,1
ef67ac85-0a1f-4eac-9326-d012199ae8ca,MLV1-R09771,MLV1-A0264,software,confidencial,alta,digital,malware,antivirus desactualizado,5,4,mitigar,2025-11-06,1
498b6216-81e5-487e-92ce-e3447aeff3de,MLV1-R00954,MLV1-A0029,software,confidencial,alta,digital,ransomware,falta de capacitación,1,4,aceptar,2025-11-07,1
03315626-afb5-44ff-8806-fdf3f051fe99,MLV1-R02183,MLV1-A0961,redes y comunicaciones,interno,baja,físico,error humano,configuración incorrecta,1,3,mitigar,2025-11-07,1
983a5d3e-d6d2-43ca-8993-0bd518802ea0,MLV1-R03518,MLV1-A0606,hardware,publico,media,físico,error humano,falta de capacitación,2,2,aceptar,2025-11-07,1
0758b378-3053-42ba-84b1-bf20de803715,MLV1-R05059,MLV1-A0731,otros,interno,alta,físico,error humano,ausencia de políticas,4,5,mitigar,2025-11-07,1
980f9ccd-b883-42b1-9aa8-ac68b797a85c,MLV1-R05630,MLV1-A0029,software,confidencial,alta,digital,malware,configuración incorrecta,1,4,mitigar,2025-11-07,1
050455d0-061b-49bd-89d6-a275d7de25b9,MLV1-R07967,MLV1-A0947,otros,interno,alta,físico,interrupción del servicio,equipos obsoletos,4,5,mitigar,2025-11-07,1
3f0f728a-238e-4aec-b1ec-5556a00cc02d,MLV1-R09503,MLV1-A0622,otros,interno,baja,físico,pérdida de información,ausencia de respaldos,5,3,mitigar,2025-11-07,1
ac92f630-79ae-48ae-9366-87d17ecf6a54,MLV1-R09506,MLV1-A0217,software,confidencial,alta,digital,error humano,configuración incorrecta,3,4,mitigar,2025-11-07,1
26394e75-52f8-4ed3-ae91-f78500c972fa,MLV1-R00245,MLV1-A0378,software,restringido,alta,digital,interrupción del servicio,configuración incorrecta,3,4,mitigar,2025-11-08,1
f1eeff2d-d7ba-45d7-b17a-0ca210311624,MLV1-R03225,MLV1-A0266,documentación,interno,baja,físico,inundación,almacenamiento inadecuado,2,3,mitigar,2025-11-08,1
4fbf84c4-f46b-48c6-9877-e0dc5eb7ea64,MLV1-R04467,MLV1-A0180,hardware,interno,alta,físico,error humano,falta de capacitación,4,4,mitigar,2025-11-08,1
5ff61705-309a-4e42-89ef-3c0565e1ae2c,MLV1-R09309,MLV1-A0139,hardware,interno,media,físico,falla eléctrica,equipos obsoletos,4,3,transferir,2025-11-08,1
bb6d6669-9705-48be-9799-cbed546a8ef0,MLV1-R05352,MLV1-A0451,documentación,interno,alta,físico,pérdida de información,ausencia de respaldos,3,4,mitigar,2025-11-09,1
3859f1e3-ca3f-4a5a-bef9-59b8775d2de4,MLV1-R02654,MLV1-A0470,redes y comunicaciones,publico,alta,físico,error humano,falta de capacitación,2,5,mitigar,2025-11-10,1
44af5272-8537-4dd7-a71b-7a5bdda5b493,MLV1-R05363,MLV1-A0182,información,interno,alta,digital,acceso no autorizado,ausencia de políticas,3,4,mitigar,2025-11-10,1
52a61723-cc29-4f01-9e93-5ed004989b77,MLV1-R07473,MLV1-A0663,servicios ti,interno,critica,digital,pérdida de información,almacenamiento inadecuado,3,4,mitigar,2025-11-10,1
4cda9c72-0478-4f86-bcde-7a0b29299499,MLV1-R06480,MLV1-A0217,software,confidencial,alta,digital,malware,antivirus desactualizado,4,3,mitigar,2025-11-12,1
3b2ca360-8ec8-481b-8e7e-15641edc8e52,MLV1-R02752,MLV1-A0674,servicios ti,interno,media,digital,pérdida de información,almacenamiento inadecuado,1,2,aceptar,2025-11-13,1
23231a45-20b0-4b7b-9648-730c93c6d8fd,MLV1-R03732,MLV1-A0855,otros,interno,critica,físico,daño físico,almacenamiento inadecuado,2,5,mitigar,2025-11-13,1
a9cc439f-fa03-4041-9a09-64dbdb4ac003,MLV1-R08393,MLV1-A0497,documentación,publico,alta,digital,robo,falta de controles de acceso,3,4,mitigar,2025-11-13,1
8e98a238-9033-4e85-b771-4e78cf3ce6f6,MLV1-R08740,MLV1-A0970,servicios ti,interno,alta,digital,acceso no autorizado,contraseñas débiles,2,5,mitigar,2025-11-13,1
36d60a32-498c-4ce8-8589-4bb3e1b45d50,MLV1-R09721,MLV1-A0319,servicios ti,confidencial,alta,digital,acceso no autorizado,contraseñas débiles,5,4,mitigar,2025-11-14,1
443ea8e9-389a-449c-bb65-b94209ceb4fd,MLV1-R01069,MLV1-A0272,servicios ti,interno,alta,digital,pérdida de información,ausencia de respaldos,3,5,evitar,2025-11-15,1
1daeab3a-f87d-4d1b-a804-cf11b2609726,MLV1-R02451,MLV1-A0028,software,interno,baja,digital,ransomware,configuración incorrecta,4,4,mitigar,2025-11-15,1
bcf21c34-6aed-466c-bbb8-23083bd96b45,MLV1-R02518,MLV1-A0028,software,interno,baja,digital,error humano,configuración incorrecta,1,2,aceptar,2025-11-15,1
bb741f73-698b-4e1c-87fe-6c8bd3026e73,MLV1-R03589,MLV1-A0954,información,confidencial,media,digital,pérdida de información,almacenamiento inadecuado,2,2,mitigar,2025-11-15,1
fa3f69fc-ec49-4645-a8fc-9f703941d396,MLV1-R04981,MLV1-A0185,otros,interno,alta,físico,daño físico,almacenamiento inadecuado,5,5,mitigar,2025-11-15,1
f365758d-b358-4699-822f-92c6749efa40,MLV1-R07141,MLV1-A0028,software,interno,baja,digital,ransomware,antivirus desactualizado,4,3,mitigar,2025-11-15,1
f0b5404a-b376-42f4-a304-e78efc8bb56c,MLV1-R09777,MLV1-A0428,hardware,restringido,critica,físico,daño físico,almacenamiento inadecuado,2,4,aceptar,2025-11-15,1
a99d3e80-a1f5-47cb-bccb-4d365b2802ec,MLV1-R00981,MLV1-A0927,redes y comunicaciones,interno,alta,físico,acceso no autorizado,falta de controles de acceso,3,4,mitigar,2025-11-16,1
c141d692-0f96-414c-bbc5-09ed8d992bd8,MLV1-R02081,MLV1-A0821,servicios ti,confidencial,alta,digital,interrupción del servicio,configuración incorrecta,3,5,mitigar,2025-11-16,1
5f84ca2a-4d1d-4e22-8e47-a5a7dafe7fa1,MLV1-R05817,MLV1-A0927,redes y comunicaciones,interno,alta,físico,acceso no autorizado,contraseñas débiles,4,4,mitigar,2025-11-16,1
99274ba6-107c-484b-9ef6-d194e0e717d7,MLV1-R07436,MLV1-A0136,hardware,interno,alta,físico,falla eléctrica,equipos obsoletos,4,4,mitigar,2025-11-16,1
8974f68d-061c-4659-b98b-d080ed66efa1,MLV1-R07685,MLV1-A0136,hardware,interno,alta,físico,robo,falta de controles de acceso,4,3,mitigar,2025-11-16,1
5a2b5f60-3ffb-4e0c-b253-62e84470ee05,MLV1-R07893,MLV1-A0927,redes y comunicaciones,interno,alta,físico,acceso no autorizado,contraseñas débiles,3,4,mitigar,2025-11-16,1
6a8f2361-d779-417f-bda2-64e8f2b2a0a9,MLV1-R08510,MLV1-A0011,hardware,interno,critica,físico,error humano,configuración incorrecta,3,5,mitigar,2025-11-17,1
eecd8a80-6228-401b-8b85-c04a4ba0fdc8,MLV1-R05298,MLV1-A0059,otros,confidencial,alta,físico,pérdida de información,ausencia de respaldos,3,5,mitigar,2025-11-18,1
f8ff4bcf-1752-47f8-9414-ce1de4dc0450,MLV1-R04124,MLV1-A0863,otros,confidencial,critica,físico,error humano,falta de capacitación,5,5,mitigar,2025-11-19,1
76614ddd-5240-443c-9998-bc079602996f,MLV1-R07449,MLV1-A0863,otros,confidencial,critica,físico,acceso no autorizado,falta de controles de acceso,5,4,mitigar,2025-11-19,1
bb3036e3-601e-4788-9da9-cb1d0ac1da9f,MLV1-R06006,MLV1-A0921,otros,interno,media,físico,error humano,configuración incorrecta,3,4,mitigar,2025-11-20,1
33131886-33d8-4972-8601-928271fd195d,MLV1-R07293,MLV1-A0062,información,confidencial,media,digital,acceso no autorizado,contraseñas débiles,3,3,aceptar,2025-11-20,1
56cb92a0-1461-40d0-adf1-8557ca1363f0,MLV1-R09392,MLV1-A0405,información,confidencial,baja,digital,ransomware,antivirus desactualizado,4,3,mitigar,2025-11-20,1
3c213ff2-95d8-4000-ab73-fdbcf47472d0,MLV1-R09574,MLV1-A0348,hardware,confidencial,media,físico,falla eléctrica,sin mantenimiento,3,4,mitigar,2025-11-20,1
00060074-f7c2-4960-98d8-0073d0c0c76d,MLV1-R03060,MLV1-A0987,hardware,interno,baja,físico,acceso no autorizado,ausencia de políticas,2,3,transferir,2025-11-21,1
c0b99e14-f2c9-4d85-a168-e7f272db3d2b,MLV1-R07050,MLV1-A0327,servicios ti,confidencial,media,digital,malware,falta de capacitación,3,4,mitigar,2025-11-21,1
c5bba5e0-3c96-43a5-b2f3-03711cccd920,MLV1-R07475,MLV1-A0666,hardware,publico,baja,físico,malware,antivirus desactualizado,4,3,mitigar,2025-11-21,1
bf78cbb1-293b-4fb6-b9f3-20abdda022ed,MLV1-R02713,MLV1-A0594,documentación,interno,media,digital,error humano,ausencia de políticas,3,3,mitigar,2025-11-22,1
7bf7fa8d-449e-4ae5-8a70-fb3a7202d622,MLV1-R08025,MLV1-A0924,hardware,interno,critica,físico,acceso no autorizado,falta de controles de acceso,3,4,mitigar,2025-11-22,1
f6cfe580-9adf-497b-a199-bb9628d86f5d,MLV1-R09911,MLV1-A0014,software,interno,critica,digital,acceso no autorizado,contraseñas débiles,5,5,mitigar,2025-11-22,1
2998656c-812b-4e16-a0b6-3e10c7e3d4ac,MLV1-R04280,MLV1-A0035,información,confidencial,critica,digital,malware,configuración incorrecta,4,5,mitigar,2025-11-23,1
776f9d82-0062-4e63-a3bf-c1cbbaecfc89,MLV1-R06319,MLV1-A0678,hardware,confidencial,baja,físico,malware,configuración incorrecta,3,2,transferir,2025-11-23,1
e4ea360a-3e4f-4860-a36c-61c802697b8c,MLV1-R03332,MLV1-A0275,hardware,interno,media,físico,malware,configuración incorrecta,1,5,aceptar,2025-11-24,1
3595b925-c71c-4f1c-bb44-8af387e95dbe,MLV1-R09091,MLV1-A0868,documentación,publico,media,físico,robo,falta de controles de acceso,4,3,evitar,2025-11-24,1
f0278a7e-ec1a-4ad7-9972-ae85615fda58,MLV1-R00012,MLV1-A0440,información,interno,media,digital,acceso no autorizado,falta de controles de acceso,5,4,mitigar,2025-11-25,1
1e3dd916-dc9f-4798-900f-ad1916360cac,MLV1-R05429,MLV1-A0375,hardware,confidencial,alta,físico,error humano,ausencia de políticas,2,4,aceptar,2025-11-25,1
e65bdc29-5427-4df9-90bc-22fe93eae4da,MLV1-R06709,MLV1-A0804,información,restringido,alta,digital,acceso no autorizado,ausencia de políticas,4,4,mitigar,2025-11-25,1
64b83ca5-0248-4b0f-abe2-76e15a5a7961,MLV1-R01369,MLV1-A0637,hardware,publico,alta,físico,daño físico,sin mantenimiento,2,5,mitigar,2025-11-26,1
27049ec4-0a58-4feb-b67d-a646d206eff6,MLV1-R04791,MLV1-A0704,servicios ti,interno,baja,digital,malware,antivirus desactualizado,5,2,aceptar,2025-11-26,1
069f0aaa-7190-4276-b104-b3e543aaeb25,MLV1-R06183,MLV1-A0010,otros,publico,baja,físico,acceso no autorizado,contraseñas débiles,3,2,mitigar,2025-11-26,1
f2cc68a6-cdeb-4f67-8558-3b9e084e5e16,MLV1-R01474,MLV1-A0463,hardware,publico,media,físico,robo,falta de controles de acceso,3,3,aceptar,2025-11-27,1
57e7185d-d90f-4981-95ad-71d2cdede8a2,MLV1-R04446,MLV1-A0359,documentación,interno,media,físico,error humano,ausencia de políticas,3,1,mitigar,2025-11-27,1
ec93feac-b6e1-4487-b5f0-337f70300f0a,MLV1-R06173,MLV1-A0359,documentación,interno,media,físico,error humano,configuración incorrecta,5,4,evitar,2025-11-27,1
aaca4dd4-2370-49e1-a846-1d7b53d45042,MLV1-R06970,MLV1-A0263,servicios ti,restringido,critica,digital,acceso no autorizado,ausencia de políticas,4,5,mitigar,2025-11-27,1
968d0729-84d7-42b8-9b0b-3f6a29024b2c,MLV1-R06989,MLV1-A0722,hardware,publico,alta,físico,inundación,almacenamiento inadecuado,2,5,aceptar,2025-11-27,1
a48b6a8b-cdb6-4e58-86ff-f645669d1555,MLV1-R04363,MLV1-A0195,software,publico,baja,digital,pérdida de información,configuración incorrecta,3,3,mitigar,2025-11-28,1
d6a9ba71-4070-4113-a1d5-707109b41ecc,MLV1-R06412,MLV1-A0531,redes y comunicaciones,interno,media,físico,interrupción del servicio,sin mantenimiento,3,5,transferir,2025-11-29,1
b22ce67c-fba6-4998-ad68-cc15448995e6,MLV1-R07464,MLV1-A0573,hardware,interno,alta,físico,robo,falta de controles de acceso,5,5,mitigar,2025-11-29,1
7265b61e-d0b6-45cc-b91f-e0aa5ee76d3b,MLV1-R08099,MLV1-A0762,hardware,confidencial,alta,físico,falla eléctrica,sin mantenimiento,3,5,mitigar,2025-11-29,1
25d60239-026b-44a5-8045-0eecc603fa9c,MLV1-R09233,MLV1-A0990,servicios ti,interno,media,digital,malware,configuración incorrecta,4,2,aceptar,2025-11-29,1
e1f20487-a1d9-40a7-8702-49f491301414,MLV1-R00246,MLV1-A0424,información,interno,media,digital,divulgación de información,falta de controles de acceso,3,1,mitigar,2025-11-30,1
7093d703-d883-4409-845a-4b7408e1000c,MLV1-R05227,MLV1-A0800,información,interno,alta,digital,ransomware,falta de capacitación,4,4,transferir,2025-11-30,1
a091837c-6417-4363-a0df-2ea849abe4fe,MLV1-R05267,MLV1-A0424,información,interno,media,digital,error humano,ausencia de políticas,3,1,aceptar,2025-11-30,1
1fb66508-27a6-42cc-a008-f3e3fd0cb24f,MLV1-R09040,MLV1-A0243,hardware,interno,alta,físico,incendio,ausencia de políticas,4,4,mitigar,2025-11-30,1
042d6118-25a9-44a8-b891-137812787ef4,MLV1-R03003,MLV1-A0688,redes y comunicaciones,publico,media,físico,acceso no autorizado,ausencia de políticas,3,2,mitigar,2025-12-01,1
cdd0bfaf-d10d-4ecc-85a7-7b8af6c52d31,MLV1-R08627,MLV1-A0339,software,publico,alta,digital,malware,configuración incorrecta,2,5,mitigar,2025-12-01,1
71730b92-31a5-4ff4-808b-2a9be2a0e445,MLV1-R02252,MLV1-A0244,software,interno,alta,digital,acceso no autorizado,falta de controles de acceso,4,3,mitigar,2025-12-02,1
807d14d2-70f1-4bba-9fb6-56b56002518f,MLV1-R03182,MLV1-A0004,información,interno,alta,digital,ransomware,antivirus desactualizado,4,5,mitigar,2025-12-02,1
ed30b0a9-62c6-4169-9f90-b005935061c5,MLV1-R03585,MLV1-A0728,información,interno,media,digital,malware,configuración incorrecta,2,5,mitigar,2025-12-02,1
6084675c-02fb-440d-b20b-9bba8607c18f,MLV1-R05574,MLV1-A0709,hardware,restringido,critica,físico,error humano,falta de capacitación,3,4,mitigar,2025-12-02,1
5a711373-9c9f-4433-90a1-b7d271335816,MLV1-R04461,MLV1-A0319,servicios ti,confidencial,alta,digital,malware,antivirus desactualizado,3,4,mitigar,2025-12-03,1
727fb76b-e61a-48ec-abbd-8b3e9793738f,MLV1-R05730,MLV1-A0642,documentación,interno,media,digital,error humano,falta de capacitación,3,2,transferir,2025-12-03,1
dbb7aad5-3383-4281-9c1c-4e415b46ca66,MLV1-R05743,MLV1-A0625,redes y comunicaciones,interno,alta,físico,interrupción del servicio,sin mantenimiento,5,4,mitigar,2025-12-03,1
c9b63bd7-e5b7-451b-8fc5-6ab20610d5ae,MLV1-R07558,MLV1-A0485,software,publico,media,digital,interrupción del servicio,configuración incorrecta,1,3,aceptar,2025-12-03,1
a663d9c6-b656-4a92-977e-2f5647670ff4,MLV1-R09780,MLV1-A0054,hardware,publico,critica,físico,malware,configuración incorrecta,5,5,mitigar,2025-12-03,1
65c10e93-e65d-465d-9cef-6bed3b502c3c,MLV1-R08717,MLV1-A0001,documentación,confidencial,critica,físico,incendio,almacenamiento inadecuado,3,5,mitigar,2025-12-04,1
c95a68e2-bbb5-41c2-a68f-7657c300e37d,MLV1-R09806,MLV1-A0424,información,interno,media,digital,pérdida de información,ausencia de respaldos,5,3,transferir,2025-12-04,1
4f1d0706-1c38-419f-8e2e-8e59ba06683e,MLV1-R04135,MLV1-A0075,servicios ti,confidencial,alta,digital,malware,falta de capacitación,5,5,mitigar,2025-12-05,1
d0fbf4ba-5c72-4329-b13b-abe48b0a4f38,MLV1-R04639,MLV1-A0959,servicios ti,interno,media,digital,ransomware,ausencia de respaldos,5,4,mitigar,2025-12-05,1
1dda5da6-06c5-4c67-8e1e-4367a1147656,MLV1-R05695,MLV1-A0075,servicios ti,confidencial,alta,digital,ransomware,ausencia de respaldos,5,5,mitigar,2025-12-05,1
26429e1e-8c16-4ba4-ad25-3a2432ecf2b8,MLV1-R02556,MLV1-A0400,información,interno,baja,digital,ransomware,falta de capacitación,2,2,mitigar,2025-12-06,1
d636cf20-04fb-4bc9-b29f-bc32c1b6e8d4,MLV1-R04326,MLV1-A0061,redes y comunicaciones,confidencial,alta,físico,malware,configuración incorrecta,4,3,mitigar,2025-12-06,1
28646a6b-e86b-4a69-b7a9-718dc5e7ce8b,MLV1-R05908,MLV1-A0097,redes y comunicaciones,confidencial,media,físico,error humano,configuración incorrecta,3,3,mitigar,2025-12-06,1
17c25d8d-bcb3-4815-a10a-ce965d805b57,MLV1-R07187,MLV1-A0499,información,interno,baja,digital,malware,antivirus desactualizado,3,1,aceptar,2025-12-06,1
6b973c3c-78af-4bf0-85f5-00645ca18a12,MLV1-R08726,MLV1-A0514,hardware,publico,alta,físico,malware,antivirus desactualizado,4,4,mitigar,2025-12-06,1
9ec2c76c-7ca2-426e-91fb-eef5909d9182,MLV1-R09425,MLV1-A0146,software,interno,media,digital,pérdida de información,configuración incorrecta,3,1,mitigar,2025-12-08,1
241b5e12-7234-4055-bd68-fa0a950eb38f,MLV1-R01500,MLV1-A0065,otros,publico,media,físico,acceso no autorizado,contraseñas débiles,5,3,mitigar,2025-12-09,1
938c58a0-16dd-4d95-9929-50a2b6dcac38,MLV1-R01893,MLV1-A0847,información,interno,media,digital,divulgación de información,contraseñas débiles,5,3,mitigar,2025-12-09,1
f6472f11-c244-4f7c-a67d-d95a1aef8b75,MLV1-R03985,MLV1-A0397,software,publico,alta,digital,acceso no autorizado,falta de controles de acceso,5,4,transferir,2025-12-09,1
dbcb0107-e196-4c74-846d-fca6883c933b,MLV1-R04753,MLV1-A0062,información,confidencial,media,digital,pérdida de información,configuración incorrecta,2,3,mitigar,2025-12-09,1
4938599d-e016-4813-9def-7d410fbc2700,MLV1-R04768,MLV1-A0384,hardware,publico,alta,físico,daño físico,sin mantenimiento,3,3,mitigar,2025-12-09,1
279ca683-f36f-4cf0-a2b8-49212026b93f,MLV1-R07433,MLV1-A0397,software,publico,alta,digital,pérdida de información,almacenamiento inadecuado,2,4,mitigar,2025-12-09,1
daf57e93-9c3f-4083-96e1-ad37c4717d78,MLV1-R08638,MLV1-A0292,redes y comunicaciones,interno,media,físico,malware,falta de capacitación,3,4,mitigar,2025-12-09,1
a2b11043-178b-454b-b998-045d09bbe071,MLV1-R09341,MLV1-A0397,software,publico,alta,digital,pérdida de información,ausencia de respaldos,4,4,mitigar,2025-12-09,1
65afbf4b-5082-4721-899b-dc9460b9527a,MLV1-R00271,MLV1-A0327,servicios ti,confidencial,media,digital,pérdida de información,ausencia de respaldos,4,2,aceptar,2025-12-10,1
a81f86f3-7539-46ee-ba56-ef324128e891,MLV1-R01113,MLV1-A0335,servicios ti,confidencial,media,digital,ransomware,antivirus desactualizado,4,2,aceptar,2025-12-10,1
d0b3b144-b494-48dc-b030-f956125ff299,MLV1-R04815,MLV1-A0534,hardware,interno,alta,físico,malware,configuración incorrecta,3,5,mitigar,2025-12-10,1
8a46c20a-a3c3-479f-bd33-5e0fdb7259ed,MLV1-R02304,MLV1-A0825,hardware,interno,baja,físico,acceso no autorizado,contraseñas débiles,2,3,aceptar,2025-12-11,1
6e7ca0bc-011e-492c-bfb2-54932bec7a61,MLV1-R03939,MLV1-A0207,hardware,confidencial,critica,físico,robo,falta de controles de acceso,3,4,mitigar,2025-12-11,1
8cd91a75-a456-4704-b65b-c7dbbc9ee380,MLV1-R07316,MLV1-A0825,hardware,interno,baja,físico,malware,configuración incorrecta,4,2,mitigar,2025-12-11,1
8e8e559a-52db-4fc2-8d64-1e5f66714c18,MLV1-R00938,MLV1-A0124,información,interno,alta,digital,malware,configuración incorrecta,3,4,mitigar,2025-12-12,1
3ed3fe9a-3d29-48fc-ab9d-1a5087c7522b,MLV1-R04683,MLV1-A0471,información,interno,media,digital,malware,antivirus desactualizado,4,5,mitigar,2025-12-12,1
4d2074c4-3195-4aeb-b027-a1ebfde18ff4,MLV1-R06995,MLV1-A0471,información,interno,media,digital,acceso no autorizado,contraseñas débiles,4,4,mitigar,2025-12-12,1
c9feea31-ed0a-44ee-8e21-e93a16fb4059,MLV1-R01457,MLV1-A0718,otros,interno,critica,físico,error humano,configuración incorrecta,4,4,mitigar,2025-12-13,1
97e78b14-f805-49ce-843e-4a910f5b81a5,MLV1-R02015,MLV1-A0582,hardware,interno,alta,físico,acceso no autorizado,contraseñas débiles,3,2,transferir,2025-12-13,1
b5bff29c-906e-4854-8989-09c888aec7c8,MLV1-R02533,MLV1-A0030,hardware,restringido,alta,físico,malware,antivirus desactualizado,5,5,evitar,2025-12-13,1
c885ca62-ad81-47d9-8a5f-0758c49ae3d3,MLV1-R02907,MLV1-A0801,software,confidencial,alta,digital,error humano,falta de capacitación,4,4,mitigar,2025-12-13,1
63b344e5-e8fa-4450-a980-2d513d6deeb8,MLV1-R06914,MLV1-A0099,hardware,interno,media,físico,acceso no autorizado,contraseñas débiles,4,5,mitigar,2025-12-13,1
a5c31ae5-d149-4dc1-a71a-170855fa687f,MLV1-R07383,MLV1-A0030,hardware,restringido,alta,físico,acceso no autorizado,contraseñas débiles,5,5,mitigar,2025-12-13,1
d8ca2fdd-9a94-457e-ba16-2d416120260e,MLV1-R08450,MLV1-A0582,hardware,interno,alta,físico,error humano,falta de capacitación,2,4,transferir,2025-12-13,1
24fb708d-a034-4ce7-9363-8ca15d3f7f8a,MLV1-R08571,MLV1-A0714,información,interno,alta,digital,error humano,ausencia de políticas,2,4,aceptar,2025-12-13,1
dc382ce0-0242-49e1-9678-ec41b968453b,MLV1-R09346,MLV1-A0030,hardware,restringido,alta,físico,daño físico,sin mantenimiento,2,3,mitigar,2025-12-13,1
3950fd22-39fb-4b54-b119-0dfe957a7058,MLV1-R04774,MLV1-A0234,hardware,restringido,media,físico,robo,falta de controles de acceso,2,3,mitigar,2025-12-14,1
b20a96ae-96da-4d16-bc06-45bfc321b3f9,MLV1-R06194,MLV1-A0795,documentación,publico,critica,físico,inundación,almacenamiento inadecuado,4,4,mitigar,2025-12-14,1
b023f15e-95b6-4f27-9dc8-0fa050d3313c,MLV1-R06531,MLV1-A0680,documentación,confidencial,critica,físico,divulgación de información,ausencia de políticas,2,4,mitigar,2025-12-14,1
695a31c7-67f0-4a32-a3b0-fc3d28ecce4b,MLV1-R09975,MLV1-A0234,hardware,restringido,media,físico,robo,falta de controles de acceso,4,4,mitigar,2025-12-14,1
828bd6f5-da08-4aca-85e3-c5000ca05357,MLV1-R00429,MLV1-A0372,redes y comunicaciones,publico,media,físico,malware,falta de capacitación,5,2,mitigar,2025-12-15,1
569d3133-b7c7-4c74-84ec-520b345b0443,MLV1-R02303,MLV1-A0986,hardware,interno,media,físico,malware,configuración incorrecta,4,1,aceptar,2025-12-15,1
b3182e63-729b-4b8f-89a4-76330f143997,MLV1-R03632,MLV1-A0219,hardware,interno,media,físico,falla eléctrica,sin mantenimiento,3,1,aceptar,2025-12-15,1
db643123-7396-44f3-bb83-217549ecc812,MLV1-R04908,MLV1-A0260,hardware,interno,media,físico,acceso no autorizado,contraseñas débiles,3,2,aceptar,2025-12-15,1
d905522b-31a5-4454-9da6-d879ecb0077c,MLV1-R05324,MLV1-A0362,información,interno,alta,digital,malware,configuración incorrecta,3,5,mitigar,2025-12-15,1
1dddaef3-6aef-4548-a833-fbf8ab380c49,MLV1-R05442,MLV1-A0986,hardware,interno,media,físico,acceso no autorizado,contraseñas débiles,3,2,aceptar,2025-12-15,1
7bde9214-7b6b-4a21-9bce-36b282bed591,MLV1-R06164,MLV1-A0362,información,interno,alta,digital,error humano,configuración incorrecta,3,4,mitigar,2025-12-15,1
9c62e0c3-a462-4513-b415-a57b640b68de,MLV1-R08648,MLV1-A0362,información,interno,alta,digital,pérdida de información,almacenamiento inadecuado,4,5,mitigar,2025-12-15,1
e77a2983-068d-42eb-b01a-00c92996a629,MLV1-R01825,MLV1-A0454,información,interno,media,digital,pérdida de información,almacenamiento inadecuado,2,4,mitigar,2025-12-17,1
81dfe346-765a-4f94-81ba-476a72f29ccc,MLV1-R05797,MLV1-A0831,hardware,restringido,media,físico,malware,falta de capacitación,4,3,transferir,2025-12-17,1
24ca8948-02bf-42b9-b47f-770b2c620915,MLV1-R09987,MLV1-A0044,servicios ti,confidencial,alta,digital,acceso no autorizado,contraseñas débiles,4,3,mitigar,2025-12-17,1
e3c07ca2-3a47-4d2d-85fd-785b70e89c00,MLV1-R00485,MLV1-A0381,software,confidencial,critica,digital,malware,antivirus desactualizado,3,5,evitar,2025-12-18,1
d9c005cf-ba31-4a31-b8e4-0b96276b9c55,MLV1-R05217,MLV1-A0242,documentación,publico,alta,digital,incendio,almacenamiento inadecuado,4,4,mitigar,2025-12-18,1
c1014d7b-174b-4ef1-a935-084608eec171,MLV1-R09547,MLV1-A0902,hardware,interno,media,físico,acceso no autorizado,contraseñas débiles,4,3,mitigar,2025-12-19,1
a511d7c2-e0b8-4453-8ca9-2d19c2153524,MLV1-R00269,MLV1-A0258,software,interno,critica,digital,error humano,falta de capacitación,4,5,mitigar,2025-12-20,1
0886a795-9857-4231-a3df-759cba617f7d,MLV1-R02156,MLV1-A0770,hardware,interno,critica,físico,falla eléctrica,equipos obsoletos,4,5,mitigar,2025-12-20,1
20ba6965-4f96-4acd-8a52-3263843c7649,MLV1-R05284,MLV1-A0383,servicios ti,restringido,alta,digital,error humano,falta de capacitación,2,4,transferir,2025-12-20,1
1669f65b-9d5a-4f77-97d8-dc16998f2fc1,MLV1-R05509,MLV1-A0561,hardware,interno,media,físico,acceso no autorizado,contraseñas débiles,4,4,mitigar,2025-12-20,1
e6e35f80-d2cb-4c01-9ea3-5e88379e5b9b,MLV1-R07094,MLV1-A0296,redes y comunicaciones,interno,media,físico,malware,antivirus desactualizado,4,1,aceptar,2025-12-20,1
5e2ba913-acec-45bc-b433-db295943a8b2,MLV1-R09743,MLV1-A0149,hardware,interno,alta,físico,incendio,ausencia de políticas,3,2,mitigar,2025-12-20,1
29ab3a9c-f05e-4a93-a706-05dc264cfb7b,MLV1-R00244,MLV1-A0613,otros,interno,baja,físico,pérdida de información,almacenamiento inadecuado,3,2,mitigar,2025-12-21,1
89bdd70b-e408-465e-a51d-4d3aae932c03,MLV1-R02319,MLV1-A0441,hardware,restringido,alta,físico,daño físico,almacenamiento inadecuado,4,5,mitigar,2025-12-21,1
62910963-2a89-4daa-b003-9637ccf09d47,MLV1-R04771,MLV1-A0278,servicios ti,interno,critica,digital,pérdida de información,configuración incorrecta,4,4,mitigar,2025-12-21,1
b2239f3e-8984-4eff-a357-5bcc5dd8e159,MLV1-R07402,MLV1-A0990,servicios ti,interno,media,digital,error humano,ausencia de políticas,3,1,mitigar,2025-12-21,1
687c9673-c2b8-4644-bbdb-3eca8021c04d,MLV1-R09205,MLV1-A0898,información,interno,critica,digital,divulgación de información,falta de controles de acceso,5,3,mitigar,2025-12-21,1
778fc7f7-2a39-4d20-bc2f-2cb02ae6c1b3,MLV1-R00553,MLV1-A0392,servicios ti,interno,baja,digital,acceso no autorizado,contraseñas débiles,4,2,aceptar,2025-12-22,1
196785aa-e9a7-4cb4-918b-02effa7c3c1a,MLV1-R03187,MLV1-A0380,hardware,interno,alta,físico,daño físico,almacenamiento inadecuado,5,4,mitigar,2025-12-22,1
b4e13efd-8041-4d38-a065-37f8c9ffeb57,MLV1-R03631,MLV1-A0664,servicios ti,interno,media,digital,interrupción del servicio,equipos obsoletos,5,3,transferir,2025-12-22,1
958e921d-4716-4a70-928b-58b7f858f484,MLV1-R05458,MLV1-A0380,hardware,interno,alta,físico,falla eléctrica,sin mantenimiento,1,3,aceptar,2025-12-22,1
19ece524-3b4d-424a-a70c-3dc709427ff6,MLV1-R07376,MLV1-A0462,información,publico,critica,digital,divulgación de información,ausencia de políticas,4,5,mitigar,2025-12-22,1
620a92da-49a2-4647-b89e-13f5ef5d938d,MLV1-R08931,MLV1-A0206,información,interno,alta,digital,acceso no autorizado,ausencia de políticas,3,4,mitigar,2025-12-22,1
f95f5f7f-a5a5-413f-a9fe-7a0089d2bd1f,MLV1-R09049,MLV1-A0255,hardware,interno,alta,físico,malware,configuración incorrecta,3,2,mitigar,2025-12-22,1
ce79ee1c-e774-4b4e-b293-41da4174501f,MLV1-R09670,MLV1-A0084,información,publico,media,digital,acceso no autorizado,contraseñas débiles,5,3,mitigar,2025-12-22,1
daaaca8c-3ef3-446b-9286-8bcd99340282,MLV1-R01180,MLV1-A0317,software,restringido,alta,digital,error humano,configuración incorrecta,3,4,evitar,2025-12-23,1
a4f147d4-5d8e-45bc-b978-9bf058dbc802,MLV1-R02332,MLV1-A0317,software,restringido,alta,digital,malware,antivirus desactualizado,5,4,mitigar,2025-12-23,1
531838c3-00d8-4a74-9147-ba434a0bf639,MLV1-R06196,MLV1-A0277,redes y comunicaciones,publico,media,físico,falla eléctrica,sin mantenimiento,5,3,transferir,2025-12-23,1
682dfc62-907d-49ff-9702-59cea8382c08,MLV1-R04613,MLV1-A0972,software,confidencial,media,digital,pérdida de información,ausencia de respaldos,3,4,mitigar,2025-12-24,1
6ac6025c-505e-4af5-a757-aa75d102258e,MLV1-R05368,MLV1-A0972,software,confidencial,media,digital,acceso no autorizado,contraseñas débiles,4,3,mitigar,2025-12-24,1
20010f50-d53f-4584-9f47-8678f6b7624a,MLV1-R06684,MLV1-A0762,hardware,confidencial,alta,físico,daño físico,sin mantenimiento,4,4,transferir,2025-12-24,1
94c00eef-cf3a-4938-9e8e-f8525438f9c9,MLV1-R08079,MLV1-A0798,software,confidencial,critica,digital,acceso no autorizado,falta de controles de acceso,4,5,mitigar,2025-12-24,1
b044e1d9-ca6e-467f-9b0d-d51a4875fc86,MLV1-R02936,MLV1-A0425,servicios ti,interno,critica,digital,malware,antivirus desactualizado,5,5,mitigar,2025-12-25,1
8e74e2bd-c09b-4c7d-a158-3fc4a56d7833,MLV1-R05211,MLV1-A0740,hardware,confidencial,critica,físico,falla eléctrica,sin mantenimiento,4,5,mitigar,2025-12-25,1
18c6b71a-35ff-4ecd-a139-ce4fa9918126,MLV1-R05997,MLV1-A0335,servicios ti,confidencial,media,digital,acceso no autorizado,contraseñas débiles,3,1,aceptar,2025-12-25,1
146e7044-f32d-4bf4-bc7d-e8e033781ffc,MLV1-R03028,MLV1-A0268,otros,interno,alta,físico,daño físico,sin mantenimiento,1,3,aceptar,2025-12-26,1
047e7d6d-2024-494d-ae27-0b2d5461b9a6,MLV1-R05855,MLV1-A0690,hardware,confidencial,media,físico,malware,antivirus desactualizado,3,5,mitigar,2025-12-26,1
fbc0f9ff-6b85-47c7-b328-dea728575efd,MLV1-R06276,MLV1-A0299,software,interno,alta,digital,malware,antivirus desactualizado,4,4,evitar,2025-12-26,1
0976a305-1ba7-45e2-9189-e15e2f34d896,MLV1-R07460,MLV1-A0700,otros,restringido,critica,físico,interrupción del servicio,configuración incorrecta,3,4,mitigar,2025-12-26,1
03e6b4cd-ba22-4540-be91-3159d3b779c7,MLV1-R01860,MLV1-A0995,hardware,confidencial,alta,físico,falla eléctrica,sin mantenimiento,4,5,mitigar,2025-12-27,1
9b1808a9-97ff-4f79-907d-24dcba40ab52,MLV1-R03740,MLV1-A0995,hardware,confidencial,alta,físico,daño físico,sin mantenimiento,4,2,aceptar,2025-12-27,1
91a81cc6-3dab-4c92-8981-b8442fb0003e,MLV1-R07062,MLV1-A0056,servicios ti,confidencial,alta,digital,malware,antivirus desactualizado,4,4,mitigar,2025-12-27,1
7f75ab61-8374-4d79-9424-6e1903224eb8,MLV1-R08439,MLV1-A0995,hardware,confidencial,alta,físico,daño físico,sin mantenimiento,2,4,mitigar,2025-12-27,1
9ff31dea-93ec-4a45-8869-a535e0c48923,MLV1-R09631,MLV1-A0292,redes y comunicaciones,interno,media,físico,acceso no autorizado,contraseñas débiles,5,4,mitigar,2025-12-27,1
5b07eb55-d86e-4c01-b7c2-b4284dc62d49,MLV1-R04513,MLV1-A0503,redes y comunicaciones,interno,media,físico,interrupción del servicio,sin mantenimiento,5,3,mitigar,2025-12-28,1
7eaabb98-2dfb-45e8-a33a-6c469606f949,MLV1-R04654,MLV1-A0173,redes y comunicaciones,interno,media,físico,falla eléctrica,equipos obsoletos,2,3,aceptar,2025-12-28,1
243f0623-311b-4ac2-9c8c-06ca92d0ebf5,MLV1-R03279,MLV1-A0920,software,interno,alta,digital,interrupción del servicio,equipos obsoletos,3,5,mitigar,2025-12-29,1
8c5a11f7-38fb-4d23-b514-06bf75cd55cc,MLV1-R04692,MLV1-A0920,software,interno,alta,digital,acceso no autorizado,contraseñas débiles,3,5,mitigar,2025-12-29,1
867ab6c4-f610-4ba0-8e8e-120fb16f709c,MLV1-R05318,MLV1-A0432,software,interno,media,digital,interrupción del servicio,sin mantenimiento,2,2,aceptar,2025-12-29,1
e4e21245-2b3d-43c3-acc7-81d79fd03318,MLV1-R04097,MLV1-A0484,software,restringido,media,digital,ransomware,antivirus desactualizado,5,3,mitigar,2025-12-30,1
2e8824e8-96b9-45d6-9b33-63b364a754d2,MLV1-R09997,MLV1-A0415,documentación,interno,media,digital,inundación,almacenamiento inadecuado,4,5,mitigar,2025-12-30,1
6e8c6735-8fbf-4941-8797-fa24c206f816,MLV1-R02536,MLV1-A0303,redes y comunicaciones,interno,baja,físico,malware,antivirus desactualizado,3,1,mitigar,2025-12-31,1
73c1f993-4825-4363-a4b1-536c3a597396,MLV1-R05564,MLV1-A0854,hardware,publico,media,físico,incendio,ausencia de políticas,2,3,mitigar,2025-12-31,1
24845a0c-e23c-4cbe-994d-cda0f65501a5,MLV1-R07304,MLV1-A0837,hardware,confidencial,media,físico,acceso no autorizado,contraseñas débiles,3,4,mitigar,2025-12-31,1
b38865c6-1971-409c-9685-2a73d5b6295a,MLV1-R08315,MLV1-A0303,redes y comunicaciones,interno,baja,físico,interrupción del servicio,equipos obsoletos,4,4,transferir,2025-12-31,1
44fd3635-9076-491d-ad80-bed58c9de92f,MLV1-R08903,MLV1-A0735,información,interno,media,digital,ransomware,ausencia de respaldos,4,4,mitigar,2025-12-31,1
c793c1cf-f32c-49a1-88ea-62408d0e0e5d,MLV1-R01253,MLV1-A0281,información,interno,media,digital,pérdida de información,almacenamiento inadecuado,3,3,mitigar,2026-01-01,1
c06b48d2-42e2-423a-bd35-f7b0c50a4c1f,MLV1-R01756,MLV1-A0943,información,publico,media,digital,pérdida de información,ausencia de respaldos,4,4,mitigar,2026-01-01,1
adaf73b3-2133-4377-8c97-143d6f1507e6,MLV1-R07781,MLV1-A0229,documentación,confidencial,alta,digital,daño físico,almacenamiento inadecuado,5,4,transferir,2026-01-01,1
20578110-1da2-4404-8c28-800e8c060a78,DGRA-R01,DGRA-A01,hardware,confidencial,muy alta,digital,acceso no autorizado,falta de controles de acceso,1,3,mitigar,2026-01-02,1
ebb7349b-4199-479a-96cd-f436d992f716,MLV1-R01894,MLV1-A0027,software,interno,baja,digital,interrupción del servicio,sin mantenimiento,4,3,mitigar,2026-01-02,1
97e86346-b23a-432e-a297-9457c985b722,MLV1-R04901,MLV1-A0455,información,interno,media,digital,divulgación de información,contraseñas débiles,4,4,mitigar,2026-01-02,1
9e2e7dde-8a41-401c-a4a0-6b36d8c4aafd,MLV1-R06958,MLV1-A0027,software,interno,baja,digital,error humano,configuración incorrecta,3,2,aceptar,2026-01-02,1
a5e7e12f-b1f2-4c3b-90bb-dae87b96275f,MLV1-R07309,MLV1-A0480,software,interno,critica,digital,ransomware,ausencia de respaldos,3,5,mitigar,2026-01-02,1
47c08d9b-e94f-42a3-8272-4154b4ef235b,DGRA-R02,DGRA-A02,hardware,confidencial,muy alta,digital,pérdida de información,ausencia de respaldos,2,4,mitigar,2026-01-03,1
e0f91c71-2ced-4113-bdae-442019e095e5,MLV1-R00846,MLV1-A0020,hardware,confidencial,critica,físico,error humano,configuración incorrecta,4,3,mitigar,2026-01-03,1
6c7ec46f-abe5-4a7d-952d-415258ab4a68,MLV1-R01518,MLV1-A0879,otros,confidencial,critica,físico,interrupción del servicio,configuración incorrecta,2,4,mitigar,2026-01-03,1
eb842c0f-a6ad-49b7-8ed6-71c432907503,MLV1-R04050,MLV1-A0879,otros,confidencial,critica,físico,acceso no autorizado,falta de controles de acceso,2,3,aceptar,2026-01-03,1
c19514b2-971d-4616-a7fb-3c83871b2f6c,MLV1-R05038,MLV1-A0609,hardware,interno,alta,físico,error humano,ausencia de políticas,4,3,mitigar,2026-01-03,1
04646de9-8c46-4e91-b8ad-65a7b245af48,MLV1-R08238,MLV1-A0879,otros,confidencial,critica,físico,interrupción del servicio,equipos obsoletos,3,5,mitigar,2026-01-03,1
ba247e16-2d84-43b3-8451-ba5b51498636,MLV1-R08745,MLV1-A0408,hardware,interno,media,físico,malware,antivirus desactualizado,4,4,evitar,2026-01-03,1
2841ea51-5eab-4cb5-aabf-d78e8024ae2a,DGRA-R03,DGRA-A03,hardware,confidencial,alta,digital,falla eléctrica,configuración incorrecta,3,5,mitigar,2026-01-04,1
cb1d0029-bf77-4565-af91-0cd81138f150,MLV1-R01161,MLV1-A0965,servicios ti,publico,critica,digital,acceso no autorizado,contraseñas débiles,5,5,mitigar,2026-01-04,1
259702d6-aeb2-4cb3-8698-044f3dcd9274,MLV1-R01935,MLV1-A0260,hardware,interno,media,físico,error humano,falta de capacitación,1,4,aceptar,2026-01-04,1
fc309785-bcd9-44b2-bcbf-0be5babee03d,DGRA-R04,DGRA-A04,equipo de red,confidencial,muy alta,digital,ransomware,antivirus desactualizado,4,1,mitigar,2026-01-05,1
dfa04ecc-1a8f-43d5-bd39-d74cbcdb8d59,MLV1-R00578,MLV1-A0630,documentación,interno,alta,digital,robo,falta de controles de acceso,3,3,mitigar,2026-01-05,1
fb2362cc-1f00-425d-8a39-345fefb399f6,MLV1-R01120,MLV1-A0807,software,interno,alta,digital,pérdida de información,almacenamiento inadecuado,4,5,mitigar,2026-01-05,1
4b7aad5d-135a-42d5-a392-2210c233b031,MLV1-R02408,MLV1-A0215,hardware,interno,alta,físico,malware,antivirus desactualizado,3,4,mitigar,2026-01-05,1
eef73153-b7b9-4d8a-ae94-9d2823c4eca8,MLV1-R03234,MLV1-A0134,documentación,confidencial,critica,digital,divulgación de información,ausencia de políticas,5,5,mitigar,2026-01-05,1
2d2f1ba6-cf6e-476d-9486-affb17d68b47,MLV1-R05072,MLV1-A0281,información,interno,media,digital,acceso no autorizado,contraseñas débiles,4,4,mitigar,2026-01-05,1
39ec3686-1cbd-4d63-bce6-1946f25dea81,MLV1-R05545,MLV1-A0465,hardware,interno,alta,físico,robo,falta de controles de acceso,4,4,mitigar,2026-01-05,1
8a4181c2-3872-4929-a852-ff784f613c7b,MLV1-R06382,MLV1-A0539,hardware,publico,media,físico,error humano,falta de capacitación,4,3,mitigar,2026-01-05,1
f4fc520a-f99b-453d-becd-cb7b5fe0a32b,MLV1-R06537,MLV1-A0444,redes y comunicaciones,publico,media,físico,interrupción del servicio,sin mantenimiento,3,4,mitigar,2026-01-05,1
b9cff0cf-a93b-432e-8d7b-dd5e3fbc5078,MLV1-R07410,MLV1-A0215,hardware,interno,alta,físico,error humano,falta de capacitación,3,4,mitigar,2026-01-05,1
b579ef44-e488-4518-bd25-254d38851238,MLV1-R07923,MLV1-A0215,hardware,interno,alta,físico,incendio,ausencia de políticas,3,4,mitigar,2026-01-05,1
cd82a28d-d521-43bc-b581-87bc68c3a190,MLV1-R08287,MLV1-A0734,otros,confidencial,critica,físico,interrupción del servicio,equipos obsoletos,2,4,mitigar,2026-01-05,1
7a2bc26c-d3db-4757-a066-22dc1ba1c70f,MLV1-R09154,MLV1-A0461,redes y comunicaciones,interno,media,físico,interrupción del servicio,sin mantenimiento,5,2,mitigar,2026-01-05,1
7a18ce64-d0a9-459a-a1c9-04b3d7f6d56f,DGRA-R05,DGRA-A05,equipo de red,uso interno,alta,digital,error humano,falta de capacitación,5,2,mitigar,2026-01-06,1
39d7431f-b9e5-400e-aa66-5837e64cd71e,DGRA-R06,DGRA-A06,equipo de red,uso interno,alta,digital,malware,equipos obsoletos,1,3,mitigar,2026-01-07,1
d0438796-e441-4c1b-b401-8282a2c50458,MLV1-R01740,MLV1-A0277,redes y comunicaciones,publico,media,físico,error humano,configuración incorrecta,4,3,mitigar,2026-01-07,1
3a092daa-8f96-493f-bb20-6db3e2c47891,MLV1-R03155,MLV1-A0323,redes y comunicaciones,interno,alta,físico,acceso no autorizado,falta de controles de acceso,4,5,mitigar,2026-01-07,1
f5f32927-8b14-4dd1-8426-d140646fbd5e,MLV1-R03786,MLV1-A0323,redes y comunicaciones,interno,alta,físico,acceso no autorizado,falta de controles de acceso,3,4,mitigar,2026-01-07,1
c1a271c9-14c3-4dd2-b925-5d6aeacb2c84,DGRA-R07,DGRA-A07,hardware,confidencial,muy alta,digital,robo,ausencia de políticas,2,4,mitigar,2026-01-08,1
ae59f985-ad6c-4606-973d-1e1eeb6f46ad,MLV1-R01191,MLV1-A0014,software,interno,critica,digital,acceso no autorizado,falta de controles de acceso,2,3,mitigar,2026-01-08,1
dc5d3a80-44cf-4593-bc56-4c78855d489e,MLV1-R01311,MLV1-A0036,hardware,restringido,alta,físico,error humano,ausencia de políticas,4,4,mitigar,2026-01-08,1
e93954ef-25ea-4751-a841-99f52022f9e8,MLV1-R03883,MLV1-A0858,documentación,interno,baja,físico,inundación,almacenamiento inadecuado,4,1,aceptar,2026-01-08,1
c7605bed-4c3f-41aa-8b72-16328716ce54,MLV1-R05173,MLV1-A0212,información,confidencial,alta,digital,acceso no autorizado,contraseñas débiles,5,3,mitigar,2026-01-08,1
ad22ef48-52b2-4680-b8a1-ead00391f59d,MLV1-R06200,MLV1-A0650,hardware,restringido,media,físico,daño físico,sin mantenimiento,4,4,mitigar,2026-01-08,1
b7b9678e-82b3-4e0d-9e0a-90bcb6b72208,MLV1-R07162,MLV1-A0696,software,interno,critica,digital,error humano,falta de capacitación,2,4,aceptar,2026-01-08,1
be8ec398-18f4-4626-b7dc-b39c05e8fc34,MLV1-R08959,MLV1-A0036,hardware,restringido,alta,físico,daño físico,sin mantenimiento,4,5,mitigar,2026-01-08,1
a1ed0123-813c-4841-b692-2f6edb826a6a,DGRA-R08,DGRA-A08,hardware,uso interno,media,digital,incendio,falta de controles de acceso,3,5,mitigar,2026-01-09,1
7137030d-da18-4736-a6ac-05091acfe934,MLV1-R00209,MLV1-A0703,redes y comunicaciones,confidencial,alta,físico,acceso no autorizado,contraseñas débiles,4,4,mitigar,2026-01-09,1
cae480b0-e304-4811-9811-e44e7d733fe0,MLV1-R00729,MLV1-A0703,redes y comunicaciones,confidencial,alta,físico,acceso no autorizado,ausencia de políticas,2,5,mitigar,2026-01-09,1
90fc1afc-7360-48e5-986d-f99580340a9c,MLV1-R02956,MLV1-A0538,información,interno,alta,digital,error humano,falta de capacitación,4,5,mitigar,2026-01-09,1
4cc6464c-4d01-4fc2-9945-ad0d505ba8bd,MLV1-R03595,MLV1-A0976,hardware,interno,alta,físico,falla eléctrica,sin mantenimiento,4,4,mitigar,2026-01-09,1
cc7d88b6-92d1-40d2-8543-db4eec958d35,MLV1-R07779,MLV1-A0538,información,interno,alta,digital,malware,falta de capacitación,3,4,mitigar,2026-01-09,1
6cf6a1a3-dcb8-4658-a334-6694a5b36a5a,MLV1-R08030,MLV1-A0703,redes y comunicaciones,confidencial,alta,físico,interrupción del servicio,equipos obsoletos,3,4,mitigar,2026-01-09,1
a00a6be7-e3ee-412d-b44e-b843ab51223e,MLV1-R09175,MLV1-A0703,redes y comunicaciones,confidencial,alta,físico,falla eléctrica,equipos obsoletos,4,4,mitigar,2026-01-09,1
2562e6d7-8214-4315-bf53-b0da0fe45c84,DGRA-R09,DGRA-A09,hardware,confidencial,alta,digital,daño físico,ausencia de respaldos,4,1,mitigar,2026-01-10,1
859b33fa-d3f2-4013-ba07-f3bdbbd58d8d,MLV1-R00379,MLV1-A0558,software,confidencial,media,digital,acceso no autorizado,contraseñas débiles,4,3,mitigar,2026-01-10,1
5462271a-3545-4d3b-8e75-106b52fa7995,MLV1-R02276,MLV1-A0386,documentación,interno,baja,digital,pérdida de información,configuración incorrecta,4,3,mitigar,2026-01-10,1
5de7efac-1541-409a-b6e4-bf0fbfc429b4,MLV1-R03086,MLV1-A0024,software,publico,alta,digital,malware,antivirus desactualizado,4,2,mitigar,2026-01-10,1
bd548147-02bd-4861-8259-c980b58a7a27,MLV1-R03339,MLV1-A0611,servicios ti,interno,critica,digital,error humano,configuración incorrecta,4,5,mitigar,2026-01-10,1
ee593688-8b1b-440b-90f5-2dfea4930960,MLV1-R04288,MLV1-A0840,otros,restringido,critica,físico,robo,ausencia de políticas,4,5,mitigar,2026-01-10,1
138fce29-f7f8-46a3-88c3-3d7548b48520,MLV1-R04915,MLV1-A0205,servicios ti,interno,alta,digital,error humano,falta de capacitación,2,3,aceptar,2026-01-10,1
7f4c28ff-4d99-4e64-9dc0-fb07e6de0a4f,DGRA-R10,DGRA-A10,hardware,confidencial,alta,digital,falla del servidor,configuración incorrecta,5,2,mitigar,2026-01-11,1
f984c359-93ee-4a4f-a19d-dd26675b498b,MLV1-R00416,MLV1-A0133,otros,interno,critica,físico,acceso no autorizado,contraseñas débiles,5,4,mitigar,2026-01-11,1
cdf02b0f-137c-484b-86d7-29bbab51b7aa,MLV1-R01368,MLV1-A0533,hardware,interno,media,físico,daño físico,sin mantenimiento,4,4,transferir,2026-01-11,1
f492bbaf-832b-44ef-8a2d-c42fa78c1cec,MLV1-R01463,MLV1-A0116,documentación,confidencial,media,digital,daño físico,equipos obsoletos,4,3,evitar,2026-01-11,1
d05ae723-5657-4d77-808c-d9da7d775b01,MLV1-R02953,MLV1-A0533,hardware,interno,media,físico,inundación,almacenamiento inadecuado,3,3,aceptar,2026-01-11,1
2a459033-8ea9-4a89-a731-12bc1f377566,MLV1-R03696,MLV1-A0116,documentación,confidencial,media,digital,daño físico,sin mantenimiento,1,4,aceptar,2026-01-11,1
4737f881-95d0-4c81-983e-bbe732608f4c,MLV1-R03999,MLV1-A0116,documentación,confidencial,media,digital,divulgación de información,contraseñas débiles,5,2,mitigar,2026-01-11,1
99c579c5-0664-4a7f-8025-eba89099707c,MLV1-R04080,MLV1-A0772,hardware,interno,baja,físico,malware,configuración incorrecta,3,1,aceptar,2026-01-11,1
28516498-b81c-4240-b05b-af5e1c3dc988,MLV1-R04120,MLV1-A0398,servicios ti,interno,media,digital,acceso no autorizado,falta de controles de acceso,2,3,mitigar,2026-01-11,1
d9b77f4e-5c88-4700-9133-f0fd07d37c6c,MLV1-R06642,MLV1-A0116,documentación,confidencial,media,digital,daño físico,almacenamiento inadecuado,4,4,mitigar,2026-01-11,1
35448729-7856-488e-9b92-174744c42f06,MLV1-R09181,MLV1-A0588,documentación,interno,alta,digital,incendio,ausencia de políticas,5,5,mitigar,2026-01-11,1
08233f89-764b-4e91-b1e0-cf066c860f85,DGRA-R11,DGRA-A11,hardware,uso interno,alta,digital,divulgación de información,antivirus desactualizado,1,3,mitigar,2026-01-12,1
706d76d5-82dd-4c6a-96dd-c430378fc5f4,MLV1-R00175,MLV1-A0018,redes y comunicaciones,confidencial,alta,físico,interrupción del servicio,sin mantenimiento,3,4,mitigar,2026-01-12,1
dd1aef60-f2f1-4aed-b854-8dcbc184241e,MLV1-R02092,MLV1-A0151,otros,confidencial,media,físico,pérdida de información,ausencia de respaldos,4,3,mitigar,2026-01-12,1
cf04b089-76ce-454e-9448-bca7a7539e53,MLV1-R04115,MLV1-A0326,otros,confidencial,alta,físico,pérdida de información,almacenamiento inadecuado,3,4,mitigar,2026-01-12,1
95d7144b-c682-4324-8f66-c19880d042cd,MLV1-R07324,MLV1-A0899,hardware,interno,alta,físico,malware,antivirus desactualizado,5,4,mitigar,2026-01-12,1
3a34c265-1b11-4a5e-8233-349a0175085a,MLV1-R09253,MLV1-A0224,otros,confidencial,media,físico,pérdida de información,configuración incorrecta,4,5,mitigar,2026-01-12,1
e1a82fbe-7f90-48c3-810c-448c4c3844b4,MLV1-R09959,MLV1-A0224,otros,confidencial,media,físico,acceso no autorizado,contraseñas débiles,2,2,aceptar,2026-01-12,1
3bc42925-269e-4e37-954d-7fa2cffb8d9d,DGRA-R12,DGRA-A12,software,confidencial,muy alta,digital,interrupción del servicio,falta de capacitación,2,4,mitigar,2026-01-13,1
30edc41b-6d7e-4a19-8a8a-c960cfe824b4,DGRA-R13,DGRA-A13,software,confidencial,alta,digital,acceso no autorizado,equipos obsoletos,3,5,mitigar,2026-01-14,1
72ad1913-1c56-44a2-8b7e-39d09e8d6e31,MLV1-R02269,MLV1-A0258,software,interno,critica,digital,error humano,configuración incorrecta,3,5,mitigar,2026-01-14,1
670dcbd5-79e4-4018-95b2-1e04ca051dd7,MLV1-R02941,MLV1-A0454,información,interno,media,digital,divulgación de información,falta de controles de acceso,4,3,mitigar,2026-01-14,1
96a2a256-4817-4470-ab28-c45ab1d5ec29,MLV1-R04984,MLV1-A0191,redes y comunicaciones,interno,baja,físico,malware,antivirus desactualizado,4,3,mitigar,2026-01-14,1
4821a035-b423-4dcd-b217-f1b11887202b,DGRA-R14,DGRA-A14,software,confidencial,muy alta,digital,pérdida de información,ausencia de políticas,4,1,mitigar,2026-01-15,1
55833eb0-3413-42c6-bf86-b16c15c590a3,MLV1-R05803,MLV1-A0056,servicios ti,confidencial,alta,digital,malware,antivirus desactualizado,2,4,aceptar,2026-01-15,1
4a1a8792-5b33-46b6-9738-d2fc08dafca8,MLV1-R05811,MLV1-A0036,hardware,restringido,alta,físico,robo,falta de controles de acceso,4,4,mitigar,2026-01-15,1
ad4fe467-f01a-474b-bd65-8e8ed0b33841,MLV1-R06541,MLV1-A0581,redes y comunicaciones,interno,critica,físico,malware,falta de capacitación,3,3,aceptar,2026-01-15,1
71431496-5c64-4d52-a9f2-e8d85a5ca1b6,DGRA-R15,DGRA-A15,base de datos,reservada,muy alta,digital,falla eléctrica,falta de controles de acceso,5,2,mitigar,2026-01-16,1
1f345610-8f4a-4f70-8272-8f852931e5f7,MLV1-R00133,MLV1-A0987,hardware,interno,baja,físico,falla eléctrica,sin mantenimiento,3,1,aceptar,2026-01-16,1
01160a33-c33e-4f75-8f94-c7f91400eb26,MLV1-R01960,MLV1-A0317,software,restringido,alta,digital,pérdida de información,ausencia de respaldos,5,4,mitigar,2026-01-16,1
080bb044-95b3-43d0-9697-bfe1889f6c1c,MLV1-R08805,MLV1-A0343,documentación,interno,alta,físico,pérdida de información,ausencia de respaldos,3,5,mitigar,2026-01-16,1
7042f750-d63e-4bbe-adb8-f2c01b9850e9,MLV1-R09349,MLV1-A0222,documentación,interno,alta,físico,robo,falta de controles de acceso,3,3,mitigar,2026-01-16,1
f135e965-d1e5-40c8-9d74-0dc4f80b112d,DGRA-R16,DGRA-A16,servicio,uso interno,alta,digital,ransomware,ausencia de respaldos,1,3,mitigar,2026-01-17,1
6dbf8e7d-ed61-4841-84e1-af550af0c92d,MLV1-R01548,MLV1-A0146,software,interno,media,digital,ransomware,ausencia de respaldos,3,3,mitigar,2026-01-17,1
8918e801-fcc7-4b87-b791-d7aeb7f036cc,MLV1-R02652,MLV1-A0711,documentación,interno,critica,digital,inundación,almacenamiento inadecuado,5,4,mitigar,2026-01-17,1
06057c94-8684-4739-9c75-78d8386b8f74,DGRA-R17,DGRA-A17,servicio,uso interno,media,digital,error humano,configuración incorrecta,2,4,mitigar,2026-01-18,1
57e8aa74-89a9-4af0-821f-7976aba96d22,MLV1-R01309,MLV1-A0211,documentación,confidencial,alta,físico,daño físico,sin mantenimiento,5,3,transferir,2026-01-18,1
61637f32-2e9c-4f08-96dc-0203e6cb757c,MLV1-R02603,MLV1-A0532,redes y comunicaciones,interno,media,físico,interrupción del servicio,configuración incorrecta,5,2,mitigar,2026-01-18,1
7367b427-e861-48ab-8ec1-935d3dc3bff6,MLV1-R05060,MLV1-A0985,hardware,interno,alta,físico,acceso no autorizado,falta de controles de acceso,4,2,mitigar,2026-01-18,1
827e1f0c-6f04-421f-95f6-b3e3c4f96ed5,MLV1-R07301,MLV1-A0532,redes y comunicaciones,interno,media,físico,acceso no autorizado,falta de controles de acceso,4,2,aceptar,2026-01-18,1
c4c6de7e-a62a-4376-9f61-3569e414aca1,MLV1-R08691,MLV1-A0873,servicios ti,confidencial,critica,digital,ransomware,falta de capacitación,2,4,mitigar,2026-01-18,1
647ccc77-cd14-4f2f-ba49-dcdbd6af28d2,DGRA-R18,DGRA-A18,infraestructura,uso interno,alta,físico,malware,antivirus desactualizado,3,5,mitigar,2026-01-19,1
4ebd4402-f202-42d5-9541-5164a7dec61b,MLV1-R01383,MLV1-A0328,redes y comunicaciones,interno,alta,físico,error humano,falta de capacitación,5,3,mitigar,2026-01-19,1
ac391090-04f6-40dd-a5b9-472aa0ba41d7,MLV1-R02025,MLV1-A0468,software,restringido,media,digital,acceso no autorizado,falta de controles de acceso,4,3,transferir,2026-01-19,1
f2bba0ac-ab8c-44cc-9555-e947428c0d81,MLV1-R07641,MLV1-A0059,otros,confidencial,alta,físico,error humano,configuración incorrecta,3,4,mitigar,2026-01-19,1
6da0d4db-3b75-45cb-86a5-e81cffeb9495,MLV1-R09819,MLV1-A0108,hardware,confidencial,alta,físico,acceso no autorizado,falta de controles de acceso,4,4,transferir,2026-01-19,1
51a16f3e-9435-43c2-8048-716e1448a22d,MLV1-R09930,MLV1-A0468,software,restringido,media,digital,ransomware,ausencia de respaldos,3,3,transferir,2026-01-19,1
a8ac88fe-d677-4672-a771-810521133182,DGRA-R19,DGRA-A19,equipo de comunicacion,uso interno,media,físico,robo,falta de capacitación,4,1,mitigar,2026-01-20,1
7297246c-6861-45a4-8aa5-a5026f4c53d9,MLV1-R02271,MLV1-A0578,información,interno,alta,digital,ransomware,antivirus desactualizado,4,2,mitigar,2026-01-20,1
255aaf6d-d845-4fbf-adc7-e87cd7291baa,MLV1-R03830,MLV1-A0578,información,interno,alta,digital,error humano,falta de capacitación,4,4,mitigar,2026-01-20,1
85444ecf-d459-4b6c-9d2a-c4125e09dbb0,MLV1-R05095,MLV1-A0768,hardware,interno,media,físico,acceso no autorizado,ausencia de políticas,1,2,aceptar,2026-01-20,1
12844d97-b14a-4e73-8813-d3405f670d9d,MLV1-R05663,MLV1-A0346,documentación,restringido,alta,físico,pérdida de información,almacenamiento inadecuado,2,2,aceptar,2026-01-20,1
fdd0fda7-6e1c-43ad-a85c-94de939d9e46,MLV1-R06390,MLV1-A0346,documentación,restringido,alta,físico,robo,falta de controles de acceso,4,4,mitigar,2026-01-20,1
5d3d7dd6-4564-4cd5-a211-c00f279610da,MLV1-R07015,MLV1-A0578,información,interno,alta,digital,error humano,falta de capacitación,5,3,mitigar,2026-01-20,1
d84fa013-5e8c-492b-97d1-0c015d6088e0,MLV1-R07511,MLV1-A0437,redes y comunicaciones,interno,critica,físico,malware,antivirus desactualizado,3,4,mitigar,2026-01-20,1
542c0c4e-faa2-48ca-8705-2c68adf2577a,MLV1-R07600,MLV1-A0346,documentación,restringido,alta,físico,error humano,configuración incorrecta,4,3,mitigar,2026-01-20,1
ce0fdf54-e69c-4494-b20b-a856966aa607,MLV1-R07638,MLV1-A0346,documentación,restringido,alta,físico,daño físico,sin mantenimiento,1,4,aceptar,2026-01-20,1
65f091de-cc1a-4311-a7d5-84462de18bae,DGRA-R20,DGRA-A20,información,reservada,muy alta,digital,incendio,equipos obsoletos,5,2,mitigar,2026-01-21,1
5abf073e-87b2-418a-96df-134722843927,MLV1-R06234,MLV1-A0301,redes y comunicaciones,publico,alta,físico,error humano,falta de capacitación,3,3,transferir,2026-01-21,1
a5291eff-d05b-40d6-bd8e-682f5046308b,MLV1-R06500,MLV1-A0829,servicios ti,confidencial,media,digital,interrupción del servicio,equipos obsoletos,3,4,mitigar,2026-01-21,1
cf61a988-03be-4d15-881f-a9237c6d1f92,MLV1-R00128,MLV1-A0658,información,restringido,media,digital,pérdida de información,ausencia de respaldos,4,5,mitigar,2026-01-23,1
effd72ff-066a-4b5b-a8bc-d9cd68735cef,MLV1-R00576,MLV1-A0208,documentación,interno,media,físico,incendio,almacenamiento inadecuado,3,5,mitigar,2026-01-23,1
aeb61bde-f5dd-49da-beab-09b36b982228,MLV1-R05791,MLV1-A0717,redes y comunicaciones,interno,baja,físico,acceso no autorizado,ausencia de políticas,4,1,aceptar,2026-01-23,1
5bc0fed0-d8a2-486e-93ff-9f19dcbdc7bb,MLV1-R06909,MLV1-A0658,información,restringido,media,digital,ransomware,ausencia de respaldos,2,4,mitigar,2026-01-23,1
c6067b33-7e2c-44ae-a285-c368d6ba8be4,MLV1-R04489,MLV1-A0536,servicios ti,publico,alta,digital,ransomware,antivirus desactualizado,5,4,evitar,2026-01-24,1
d0b533e0-3f87-4885-8df7-7d86b9d7cbef,MLV1-R04924,MLV1-A0276,documentación,interno,alta,digital,pérdida de información,configuración incorrecta,3,5,mitigar,2026-01-25,1
71cbd486-152f-42da-a0d6-fc27f48e0a6e,MLV1-R07061,MLV1-A0676,documentación,publico,media,físico,error humano,configuración incorrecta,3,2,transferir,2026-01-25,1
b8036704-34da-4a50-b281-6c7be931f914,MLV1-R07800,MLV1-A0039,hardware,interno,media,físico,robo,ausencia de políticas,3,3,aceptar,2026-01-25,1
5cd36332-90fa-40d4-887c-c77610cab58a,MLV1-R09404,MLV1-A0880,servicios ti,confidencial,alta,digital,interrupción del servicio,configuración incorrecta,2,3,mitigar,2026-01-25,1
632d5efb-98bc-4208-a66f-0e9580919c2e,MLV1-R01813,MLV1-A0171,información,interno,alta,digital,error humano,falta de capacitación,3,5,mitigar,2026-01-26,1
840cd743-e191-406a-9435-905d054dd00d,MLV1-R02524,MLV1-A0171,información,interno,alta,digital,pérdida de información,ausencia de respaldos,5,4,mitigar,2026-01-26,1
a72be467-74f2-4a32-93ef-18a101b887bf,MLV1-R05262,MLV1-A0284,software,interno,alta,digital,acceso no autorizado,falta de controles de acceso,4,4,transferir,2026-01-26,1
9072ac25-ffe2-42a3-b54a-2696c1fbb1b2,MLV1-R05264,MLV1-A0284,software,interno,alta,digital,acceso no autorizado,contraseñas débiles,5,5,mitigar,2026-01-26,1
fe21200f-cee4-43bb-bd3a-c415322a3094,MLV1-R06175,MLV1-A0299,software,interno,alta,digital,malware,antivirus desactualizado,3,4,mitigar,2026-01-26,1
c6ec886c-700e-4ea0-b937-3b142c5507ad,MLV1-R07601,MLV1-A0063,servicios ti,interno,media,digital,interrupción del servicio,configuración incorrecta,3,3,mitigar,2026-01-26,1
7b942d24-30fb-4f71-b512-6fb428f0b19a,MLV1-R09408,MLV1-A0171,información,interno,alta,digital,acceso no autorizado,falta de controles de acceso,3,3,aceptar,2026-01-26,1
464f40ea-38d3-462e-bdfd-29ac65561e3f,MLV1-R09903,MLV1-A0152,software,interno,media,digital,interrupción del servicio,configuración incorrecta,3,2,aceptar,2026-01-27,1
9aeb8bc2-70f0-478a-9c4f-9ff001605a0f,MLV1-R03362,MLV1-A0290,otros,interno,alta,físico,error humano,ausencia de políticas,1,3,aceptar,2026-01-28,1
5001cc26-f592-434a-86c4-2d9b73e7fe5c,MLV1-R07613,MLV1-A0905,hardware,interno,critica,físico,acceso no autorizado,falta de controles de acceso,5,3,mitigar,2026-01-28,1
b8f369ec-9672-439d-a280-f12edeb1d3c9,MLV1-R07892,MLV1-A0167,hardware,interno,media,físico,daño físico,sin mantenimiento,1,3,aceptar,2026-01-28,1
829744e7-7b23-4920-8bec-2dbc33076ee1,MLV1-R09401,MLV1-A0905,hardware,interno,critica,físico,falla eléctrica,sin mantenimiento,4,5,mitigar,2026-01-28,1
d351f382-f1ba-47bd-a142-09667c4d9842,MLV1-R04039,MLV1-A0128,software,interno,alta,digital,acceso no autorizado,contraseñas débiles,4,3,transferir,2026-01-29,1
9b8cbae7-2e0c-4aa7-aba7-9bbedbc3f179,MLV1-R05080,MLV1-A0008,información,interno,media,digital,error humano,configuración incorrecta,2,3,transferir,2026-01-29,1
335e2b9d-e974-4e06-9589-5dd745533a86,MLV1-R08107,MLV1-A0008,información,interno,media,digital,malware,antivirus desactualizado,2,4,mitigar,2026-01-29,1
083f6994-9f52-4a2d-8d03-299cb06cbf2c,MLV1-R02411,MLV1-A0696,software,interno,critica,digital,pérdida de información,ausencia de respaldos,4,5,transferir,2026-01-30,1
d6c1f7b3-f00c-4cb2-93b0-ce8b20133784,MLV1-R03247,MLV1-A0067,servicios ti,restringido,media,digital,acceso no autorizado,falta de controles de acceso,2,3,mitigar,2026-01-30,1
2223148e-a40a-4c8e-84d7-e244a590c3a1,MLV1-R04548,MLV1-A0760,servicios ti,confidencial,alta,digital,interrupción del servicio,sin mantenimiento,4,5,mitigar,2026-01-30,1
81586c29-bdac-44be-b6cf-7639cd12166d,MLV1-R04936,MLV1-A0760,servicios ti,confidencial,alta,digital,acceso no autorizado,contraseñas débiles,5,5,mitigar,2026-01-30,1
b92f7721-448f-4c76-99f8-c21d2ee001bc,MLV1-R07009,MLV1-A0818,hardware,confidencial,alta,físico,falla eléctrica,equipos obsoletos,4,4,mitigar,2026-01-30,1
6eb9c747-cbfb-41ab-a153-6dbfb9fa566e,MLV1-R09586,MLV1-A0760,servicios ti,confidencial,alta,digital,pérdida de información,ausencia de respaldos,5,5,mitigar,2026-01-30,1
99cfa31b-5aaf-434d-b0b5-d42fdb7f7ffd,MLV1-R02153,MLV1-A0754,redes y comunicaciones,interno,media,físico,malware,antivirus desactualizado,5,2,mitigar,2026-01-31,1
8d1884e7-b77e-4f03-938c-a402e47e64d7,MLV1-R03875,MLV1-A0712,hardware,interno,media,físico,daño físico,almacenamiento inadecuado,3,2,mitigar,2026-01-31,1
fe195447-2381-4f52-acec-4eafa6cb43f9,MLV1-R04130,MLV1-A0754,redes y comunicaciones,interno,media,físico,interrupción del servicio,sin mantenimiento,3,4,mitigar,2026-01-31,1
edd11b61-33e8-4cc6-b46c-6b4a3a563c0a,MLV1-R05280,MLV1-A0754,redes y comunicaciones,interno,media,físico,acceso no autorizado,falta de controles de acceso,3,4,mitigar,2026-01-31,1
1957d667-285a-47ab-9743-064e55950611,MLV1-R05613,MLV1-A0754,redes y comunicaciones,interno,media,físico,error humano,configuración incorrecta,4,2,mitigar,2026-01-31,1
a81ce05c-aef4-4b5e-9a49-d3fcd7600266,MLV1-R02342,MLV1-A0759,información,interno,media,digital,malware,configuración incorrecta,3,2,mitigar,2026-02-01,1
3c5cef49-5adf-45db-8bb1-84de663c8498,MLV1-R02903,MLV1-A0155,software,restringido,media,digital,error humano,falta de capacitación,4,4,mitigar,2026-02-01,1
7d2aa39d-d7da-434d-a0f4-3ba772a3f431,MLV1-R03996,MLV1-A0546,información,interno,media,digital,acceso no autorizado,contraseñas débiles,3,3,mitigar,2026-02-01,1
ee12e3c7-fd1a-46ad-84a2-1c3333a03c7a,MLV1-R05135,MLV1-A0880,servicios ti,confidencial,alta,digital,acceso no autorizado,contraseñas débiles,4,4,mitigar,2026-02-01,1
fbffe9f3-8942-468b-967b-4f2b58cf7fb1,MLV1-R07211,MLV1-A0545,hardware,publico,media,físico,malware,falta de capacitación,4,3,mitigar,2026-02-01,1
55c7bd42-a631-46de-a027-82ea1df5f9da,MLV1-R08563,MLV1-A0546,información,interno,media,digital,pérdida de información,almacenamiento inadecuado,3,2,mitigar,2026-02-01,1
4bd3c2f5-8336-45da-aadf-f59cc4fc5f23,MLV1-R03084,MLV1-A0578,información,interno,alta,digital,acceso no autorizado,contraseñas débiles,4,4,mitigar,2026-02-02,1
aac42666-c861-4f15-b875-42322654c8aa,MLV1-R05759,MLV1-A0611,servicios ti,interno,critica,digital,ransomware,antivirus desactualizado,2,4,mitigar,2026-02-02,1
289cd451-45b4-4ff6-96ef-1889f38756ca,MLV1-R00405,MLV1-A0729,servicios ti,restringido,baja,digital,interrupción del servicio,sin mantenimiento,3,2,mitigar,2026-02-03,1
eff5476c-7c72-41fc-9f84-a8573a32eb93,MLV1-R01465,MLV1-A0288,software,publico,alta,digital,acceso no autorizado,ausencia de políticas,2,3,mitigar,2026-02-03,1
79228433-770b-4e72-8268-0b363abf59a2,MLV1-R03566,MLV1-A0776,documentación,confidencial,media,físico,pérdida de información,almacenamiento inadecuado,4,3,mitigar,2026-02-03,1
d2c40f7e-1e16-46a8-a261-98478681340d,MLV1-R04381,MLV1-A0288,software,publico,alta,digital,error humano,falta de capacitación,2,3,aceptar,2026-02-03,1
36782645-048f-4931-9560-6a91310a4427,MLV1-R04614,MLV1-A0288,software,publico,alta,digital,error humano,falta de capacitación,3,3,transferir,2026-02-03,1
0cf01f67-6272-40c5-969e-b0106b9f2176,MLV1-R08041,MLV1-A0288,software,publico,alta,digital,error humano,falta de capacitación,3,4,mitigar,2026-02-03,1
4bed38e1-251c-49e6-8bf6-69b5cec85c36,MLV1-R08368,MLV1-A0288,software,publico,alta,digital,interrupción del servicio,equipos obsoletos,4,5,mitigar,2026-02-03,1
daf0f290-07f2-449e-958a-4dec2b4ede39,MLV1-R00216,MLV1-A0421,información,interno,alta,digital,error humano,ausencia de políticas,5,3,mitigar,2026-02-04,1
0ad4a09f-2d77-4e90-b54a-7119601a08c7,MLV1-R01429,MLV1-A0352,software,publico,alta,digital,ransomware,antivirus desactualizado,3,4,transferir,2026-02-04,1
6aed6d04-0a6a-4fff-8f05-654bf3f59b86,MLV1-R02138,MLV1-A0550,documentación,restringido,media,digital,error humano,falta de capacitación,2,3,mitigar,2026-02-04,1
82781ce1-dea0-486d-92d3-8252584163cf,MLV1-R04586,MLV1-A0352,software,publico,alta,digital,acceso no autorizado,falta de controles de acceso,4,5,mitigar,2026-02-04,1
74f22803-8266-42bb-a22c-cde80bda4084,MLV1-R05310,MLV1-A0609,hardware,interno,alta,físico,error humano,ausencia de políticas,4,5,mitigar,2026-02-04,1
7a29ce67-99fe-4749-9e61-10398981a81b,MLV1-R06029,MLV1-A0421,información,interno,alta,digital,acceso no autorizado,ausencia de políticas,3,4,mitigar,2026-02-04,1
7f65536a-5aaf-4590-b392-d7b592f33b30,MLV1-R08228,MLV1-A0421,información,interno,alta,digital,acceso no autorizado,falta de controles de acceso,3,3,aceptar,2026-02-04,1
74630283-5bfc-4cbf-b467-c5beab7e770f,MLV1-R00256,MLV1-A0652,servicios ti,interno,alta,digital,malware,falta de capacitación,4,4,mitigar,2026-02-05,1
b0a2a5a9-3d24-430c-9cca-4c6ab6245f7b,MLV1-R01021,MLV1-A0732,hardware,confidencial,alta,físico,falla eléctrica,equipos obsoletos,4,4,transferir,2026-02-06,1
25809607-6107-45fb-8879-4d18e4d1eb74,MLV1-R03965,MLV1-A0294,hardware,interno,alta,físico,acceso no autorizado,falta de controles de acceso,4,5,mitigar,2026-02-06,1
79985bd5-c02a-48a0-8041-420c224e7689,MLV1-R04891,MLV1-A0732,hardware,confidencial,alta,físico,robo,falta de controles de acceso,4,4,mitigar,2026-02-06,1
4ecf5b24-190a-4b50-b763-4dc51938fc62,MLV1-R06007,MLV1-A0255,hardware,interno,alta,físico,robo,ausencia de políticas,4,5,mitigar,2026-02-06,1
2af94abc-66e4-41b7-acbd-7b425c3b1f05,MLV1-R06014,MLV1-A0384,hardware,publico,alta,físico,robo,ausencia de políticas,3,4,transferir,2026-02-07,1
7166462c-c73e-47ba-9929-5ea95dc81db3,MLV1-R07703,MLV1-A0895,documentación,publico,alta,digital,daño físico,sin mantenimiento,5,4,mitigar,2026-02-07,1
eef5bf94-b2f2-4849-a0f6-986aca00f3f5,MLV1-R04919,MLV1-A0811,software,publico,alta,digital,ransomware,antivirus desactualizado,4,4,mitigar,2026-02-08,1
eaeee29c-7661-4cd1-9bcb-1435f281b299,MLV1-R04986,MLV1-A0863,otros,confidencial,critica,físico,interrupción del servicio,sin mantenimiento,3,5,evitar,2026-02-08,1
7a9e371a-cd60-466d-9881-4bd5d25a4105,MLV1-R06821,MLV1-A0867,hardware,interno,media,físico,daño físico,almacenamiento inadecuado,5,4,mitigar,2026-02-08,1
51244d69-8dfe-4572-8fee-33fbd8be28bb,MLV1-R00158,MLV1-A0331,información,interno,media,digital,ransomware,configuración incorrecta,2,1,mitigar,2026-02-09,1
ad5bf43d-b65e-4f8b-b816-48bd4ccbc510,MLV1-R00474,MLV1-A0868,documentación,publico,media,físico,pérdida de información,ausencia de respaldos,2,3,mitigar,2026-02-09,1
445a9e2b-f828-46f7-b07a-28c9e82d3df8,MLV1-R03685,MLV1-A0706,documentación,publico,critica,físico,error humano,ausencia de políticas,3,4,mitigar,2026-02-10,1
adfe86a1-8c4d-4c92-8567-74dd7d2ba95a,MLV1-R03961,MLV1-A0086,software,interno,alta,digital,error humano,ausencia de políticas,3,4,mitigar,2026-02-10,1
5ac86c54-75d4-40d9-878f-7ec96e96b366,MLV1-R05798,MLV1-A0095,servicios ti,interno,critica,digital,ransomware,antivirus desactualizado,3,5,mitigar,2026-02-11,1
6c045515-69e6-4a0c-a9b7-7910d86850de,MLV1-R06089,MLV1-A0757,servicios ti,restringido,alta,digital,interrupción del servicio,equipos obsoletos,3,5,transferir,2026-02-11,1
a352f37a-66ca-4383-bd33-0910d794d1d6,MLV1-R06169,MLV1-A0422,hardware,interno,alta,físico,falla eléctrica,sin mantenimiento,3,4,mitigar,2026-02-11,1
6bddc08f-ff4f-4147-b07f-3f644167ddce,MLV1-R07689,MLV1-A0095,servicios ti,interno,critica,digital,interrupción del servicio,sin mantenimiento,2,3,aceptar,2026-02-11,1
21e00d41-2201-45dd-9b66-c7e9fd36e66b,MLV1-R05255,MLV1-A0884,servicios ti,interno,media,digital,acceso no autorizado,falta de controles de acceso,5,5,mitigar,2026-02-12,1
ba2eaa9c-18cc-45e1-aa7f-0196b0880175,MLV1-R00176,MLV1-A0102,hardware,publico,baja,físico,acceso no autorizado,contraseñas débiles,5,4,mitigar,2026-02-13,1
0efbdd7d-2ffc-4a99-891a-bb2675a0a58b,MLV1-R03964,MLV1-A0799,servicios ti,interno,media,digital,interrupción del servicio,configuración incorrecta,2,4,aceptar,2026-02-13,1
ba10ff09-2ffe-4045-a2e5-39368c352afe,MLV1-R04339,MLV1-A0828,software,publico,media,digital,acceso no autorizado,contraseñas débiles,4,3,mitigar,2026-02-13,1
799f5f0b-d69a-4781-96b4-f9212bd5550f,MLV1-R07502,MLV1-A0828,software,publico,media,digital,malware,configuración incorrecta,3,4,mitigar,2026-02-13,1
354106c0-74e7-45ca-8620-e80ae60e2a74,MLV1-R00187,MLV1-A0798,software,confidencial,critica,digital,acceso no autorizado,falta de controles de acceso,4,5,mitigar,2026-02-14,1
5663290a-0180-4330-8bad-c1a241651caf,MLV1-R00342,MLV1-A0247,información,confidencial,alta,digital,ransomware,antivirus desactualizado,5,4,mitigar,2026-02-14,1
557437dd-60be-429b-86cf-6cae203d18e0,MLV1-R01166,MLV1-A0844,servicios ti,confidencial,media,digital,malware,falta de capacitación,2,4,mitigar,2026-02-14,1
4bb3cfcf-1b84-4b3c-a27c-a9112573ed6d,MLV1-R01830,MLV1-A0247,información,confidencial,alta,digital,ransomware,ausencia de respaldos,5,4,mitigar,2026-02-14,1
b1d96b92-3552-41a7-ae0b-cbdcd4b175ff,MLV1-R01902,MLV1-A0013,servicios ti,interno,alta,digital,ransomware,antivirus desactualizado,4,3,evitar,2026-02-14,1
a736b9a1-9c65-40c9-9e09-5b46c8e9ddf5,MLV1-R03432,MLV1-A0247,información,confidencial,alta,digital,pérdida de información,ausencia de respaldos,4,4,mitigar,2026-02-14,1
951825c0-ae57-458c-ac54-29196dfa491a,MLV1-R04427,MLV1-A0095,servicios ti,interno,critica,digital,malware,antivirus desactualizado,4,3,mitigar,2026-02-14,1
3b4f51db-10f5-47c9-9cd8-40aa7ce85477,MLV1-R06555,MLV1-A0362,información,interno,alta,digital,ransomware,ausencia de respaldos,5,5,mitigar,2026-02-14,1
4158b2a3-12bf-4387-b967-a5e9fca355ee,MLV1-R07850,MLV1-A0247,información,confidencial,alta,digital,divulgación de información,falta de controles de acceso,5,3,transferir,2026-02-14,1
4fba0fe3-e65c-470f-a4fb-2f3d00101dc4,MLV1-R04215,MLV1-A0417,redes y comunicaciones,interno,media,físico,falla eléctrica,equipos obsoletos,5,2,mitigar,2026-02-15,1
9516ad5e-d498-4392-b00a-27ddd520fc66,MLV1-R01242,MLV1-A0991,documentación,publico,alta,físico,robo,falta de controles de acceso,4,4,mitigar,2026-02-16,1
0865c094-3bb3-4fac-9df5-6c8d9d30e902,MLV1-R02078,MLV1-A0718,otros,interno,critica,físico,acceso no autorizado,falta de controles de acceso,4,5,mitigar,2026-02-16,1
8de02e8f-ac71-40bc-afa1-9e06bcaaaff4,MLV1-R02268,MLV1-A0900,documentación,interno,alta,físico,daño físico,sin mantenimiento,2,5,mitigar,2026-02-16,1
7a04d1b8-bdf0-4753-bca8-7d0a6e1bc054,MLV1-R02284,MLV1-A0571,servicios ti,interno,critica,digital,interrupción del servicio,sin mantenimiento,3,5,mitigar,2026-02-16,1
5e6ac999-5d6d-4c04-b149-3842d65dbf1e,MLV1-R03759,MLV1-A0395,documentación,interno,alta,físico,inundación,almacenamiento inadecuado,4,3,mitigar,2026-02-16,1
0054bc6f-0a92-4a1d-aa11-db62a0083d9c,MLV1-R04522,MLV1-A0991,documentación,publico,alta,físico,pérdida de información,ausencia de respaldos,5,4,mitigar,2026-02-16,1
8dff647e-d474-402f-8902-c38e30766b67,MLV1-R08542,MLV1-A0571,servicios ti,interno,critica,digital,error humano,falta de capacitación,3,5,mitigar,2026-02-16,1
237cbd4d-aa3e-4c07-85a2-11025acbb9d4,MLV1-R00483,MLV1-A0459,hardware,interno,alta,físico,inundación,almacenamiento inadecuado,4,4,transferir,2026-02-17,1
fb794eb0-b0b4-47a9-ac78-6bdc6cf37924,MLV1-R02363,MLV1-A0221,hardware,interno,media,físico,acceso no autorizado,falta de controles de acceso,3,3,aceptar,2026-02-17,1
8fb51f70-b565-4072-8abb-bd2de8a05cd1,MLV1-R05151,MLV1-A0971,información,interno,media,digital,pérdida de información,ausencia de respaldos,3,3,mitigar,2026-02-17,1
406873c5-9b5c-4230-82f4-29624f12af5a,MLV1-R05753,MLV1-A0942,información,restringido,media,digital,divulgación de información,falta de controles de acceso,4,3,transferir,2026-02-17,1
f2c81432-3194-44a2-9134-b188c77d41ed,MLV1-R07446,MLV1-A0847,información,interno,media,digital,pérdida de información,ausencia de respaldos,4,1,aceptar,2026-02-17,1
436586c4-8c8d-4c7a-aea1-7f261caead65,MLV1-R07468,MLV1-A0664,servicios ti,interno,media,digital,acceso no autorizado,falta de controles de acceso,3,3,mitigar,2026-02-17,1
9bcc557f-675b-4cea-ac40-7ccdda010a34,MLV1-R08202,MLV1-A0086,software,interno,alta,digital,pérdida de información,configuración incorrecta,4,5,mitigar,2026-02-17,1
c71538b8-a6d0-4854-8678-82c8a34fdf60,MLV1-R09513,MLV1-A0221,hardware,interno,media,físico,falla eléctrica,sin mantenimiento,3,3,aceptar,2026-02-17,1
a069fe7d-ff1b-4f9c-b0e3-ff4e18ce7802,MLV1-R02433,MLV1-A0263,servicios ti,restringido,critica,digital,pérdida de información,almacenamiento inadecuado,3,4,mitigar,2026-02-18,1
3acbc055-95f8-4a82-95a5-f887ff432128,MLV1-R03145,MLV1-A0008,información,interno,media,digital,pérdida de información,ausencia de respaldos,5,4,mitigar,2026-02-18,1
172ed6a2-08fc-4c12-9431-cc6e0c943c00,MLV1-R07984,MLV1-A0253,información,confidencial,media,digital,malware,falta de capacitación,4,3,mitigar,2026-02-18,1
30d38fee-e762-463f-9e6f-b20c9834bfa4,MLV1-R00549,MLV1-A0257,servicios ti,interno,alta,digital,ransomware,antivirus desactualizado,5,4,mitigar,2026-02-19,1
74a62ecd-6525-4483-9363-e89a5bbdd51a,MLV1-R01350,MLV1-A0008,información,interno,media,digital,pérdida de información,almacenamiento inadecuado,3,5,mitigar,2026-02-19,1
aaac245c-37f1-4d53-9f0a-712aa4dcdee2,MLV1-R01943,MLV1-A0324,documentación,interno,media,digital,robo,falta de controles de acceso,3,2,aceptar,2026-02-19,1
efcaab8a-2d02-46ca-aac7-11f48e0f5526,MLV1-R06534,MLV1-A0324,documentación,interno,media,digital,daño físico,sin mantenimiento,2,4,mitigar,2026-02-19,1
8877311c-6aaf-4eb2-aa6e-3647eac2e5e2,MLV1-R06552,MLV1-A0324,documentación,interno,media,digital,inundación,ausencia de políticas,1,5,mitigar,2026-02-19,1
d44da0ce-383c-486e-9059-51a30f0ce749,MLV1-R07499,MLV1-A0510,información,interno,media,digital,acceso no autorizado,contraseñas débiles,5,3,evitar,2026-02-19,1
ced51026-6ffd-4740-944e-07a9975e0ac4,MLV1-R09935,MLV1-A0970,servicios ti,interno,alta,digital,error humano,configuración incorrecta,3,2,aceptar,2026-02-19,1
2911436e-2430-413c-b4f0-ba3aaf05c05e,MLV1-R07140,MLV1-A0522,información,confidencial,media,digital,divulgación de información,contraseñas débiles,2,3,mitigar,2026-02-20,1
356dfb58-5480-4633-9f11-86c8e4f8bb33,MLV1-R03871,MLV1-A0627,servicios ti,publico,media,digital,error humano,falta de capacitación,1,2,aceptar,2026-02-21,1
a7346695-a80c-49cc-8d78-0d6fd2187cec,MLV1-R05165,MLV1-A0004,información,interno,alta,digital,ransomware,antivirus desactualizado,4,5,mitigar,2026-02-21,1
08efac42-335f-4616-bfb7-4aa69cc9c692,MLV1-R07235,MLV1-A0773,información,interno,baja,digital,divulgación de información,ausencia de políticas,1,1,aceptar,2026-02-21,1
1836416c-4991-49f0-a702-9e8ddfb14731,MLV1-R04604,MLV1-A0294,hardware,interno,alta,físico,inundación,almacenamiento inadecuado,2,5,mitigar,2026-02-22,1
068bd77a-ce9f-445c-8e46-b83016dc1d88,MLV1-R05271,MLV1-A0829,servicios ti,confidencial,media,digital,acceso no autorizado,contraseñas débiles,2,2,aceptar,2026-02-22,1
2c55ad6f-120d-40ce-a1b2-73d6b32573f1,MLV1-R05385,MLV1-A0019,hardware,interno,media,físico,error humano,falta de capacitación,3,3,mitigar,2026-02-22,1
005b2266-2965-4147-8446-19384d7cac58,MLV1-R00497,MLV1-A0298,servicios ti,interno,alta,digital,malware,antivirus desactualizado,5,3,mitigar,2026-02-23,1
c4d29342-220c-4421-ab22-f42f9ba904e9,MLV1-R01185,MLV1-A0031,software,interno,media,digital,ransomware,ausencia de respaldos,5,4,mitigar,2026-02-23,1
24416bdd-8c6b-4064-9aee-233e39f19bf9,MLV1-R02822,MLV1-A0824,redes y comunicaciones,confidencial,critica,físico,error humano,falta de capacitación,4,5,mitigar,2026-02-23,1
bbbf2ea0-1827-48ec-8e30-c922495734c5,MLV1-R03704,MLV1-A0824,redes y comunicaciones,confidencial,critica,físico,error humano,falta de capacitación,2,3,mitigar,2026-02-23,1
16c34da0-9961-4072-a839-24924fdb307c,MLV1-R03853,MLV1-A0298,servicios ti,interno,alta,digital,acceso no autorizado,contraseñas débiles,5,3,transferir,2026-02-23,1
7eaacadb-bc14-46ce-8d36-b51a753323f2,MLV1-R04893,MLV1-A0824,redes y comunicaciones,confidencial,critica,físico,malware,configuración incorrecta,2,5,aceptar,2026-02-23,1
b1ef1ca4-db06-4cb9-9ea5-04e690008889,MLV1-R06048,MLV1-A0930,software,interno,critica,digital,malware,antivirus desactualizado,5,5,mitigar,2026-02-23,1
5e6ac94b-66fa-4a80-acfe-f1533770ca48,MLV1-R06732,MLV1-A0780,servicios ti,interno,alta,digital,ransomware,configuración incorrecta,1,3,aceptar,2026-02-23,1
00e55aa8-fe93-4636-9600-e357ac491dfa,MLV1-R06763,MLV1-A0586,hardware,confidencial,critica,físico,falla eléctrica,sin mantenimiento,4,5,mitigar,2026-02-23,1
b9e59d4c-73cf-4360-9a54-f202af12dcdb,MLV1-R07968,MLV1-A0031,software,interno,media,digital,acceso no autorizado,contraseñas débiles,4,3,mitigar,2026-02-23,1
6f5a1df7-5077-4e6f-bdc0-e2997cb851f8,MLV1-R08746,MLV1-A0780,servicios ti,interno,alta,digital,ransomware,antivirus desactualizado,5,3,mitigar,2026-02-23,1
95289d8d-c102-46e4-9cbc-ea1cfab97a29,MLV1-R08964,MLV1-A0548,servicios ti,restringido,media,digital,acceso no autorizado,contraseñas débiles,4,1,aceptar,2026-02-23,1
5ac4746d-7340-4bdf-8e40-671cacc6a973,MLV1-R09598,MLV1-A0824,redes y comunicaciones,confidencial,critica,físico,malware,antivirus desactualizado,4,4,mitigar,2026-02-23,1
6ed1cf59-7b73-4078-96b3-0a4db09e5a74,MLV1-R00223,MLV1-A0968,hardware,interno,alta,físico,daño físico,almacenamiento inadecuado,4,5,mitigar,2026-02-24,1
c7a87863-e1fa-45d7-b1ad-73702018c485,MLV1-R03171,MLV1-A0384,hardware,publico,alta,físico,acceso no autorizado,falta de controles de acceso,4,5,mitigar,2026-02-24,1
1a1af1c0-6ba2-47bc-9d2d-b260b9ec1ace,MLV1-R03464,MLV1-A0739,hardware,interno,alta,físico,daño físico,equipos obsoletos,3,4,mitigar,2026-02-24,1
67b89fb4-c2c3-4ed7-bb2e-fb5fa5ad092e,MLV1-R03531,MLV1-A0633,hardware,publico,alta,físico,falla eléctrica,equipos obsoletos,5,4,mitigar,2026-02-24,1
88aab5c9-c300-4257-9b1d-9e2ddc82e45b,MLV1-R04186,MLV1-A0739,hardware,interno,alta,físico,error humano,falta de capacitación,4,4,mitigar,2026-02-24,1
8c2c5427-0880-49dd-8f2a-cc5bbd34330d,MLV1-R05218,MLV1-A0739,hardware,interno,alta,físico,acceso no autorizado,contraseñas débiles,4,4,mitigar,2026-02-24,1
8a0f74f6-832e-48d7-8501-17bc00d919ae,MLV1-R01372,MLV1-A0978,redes y comunicaciones,publico,media,físico,interrupción del servicio,configuración incorrecta,5,3,transferir,2026-02-25,1
9a245c41-1997-4b4b-bb42-a929918affbb,MLV1-R07384,MLV1-A0342,redes y comunicaciones,restringido,alta,físico,interrupción del servicio,sin mantenimiento,3,2,aceptar,2026-02-25,1
f6fd564a-d839-4ad4-931b-4fdcb8001c49,MLV1-R03477,MLV1-A0423,redes y comunicaciones,confidencial,media,físico,error humano,configuración incorrecta,4,3,mitigar,2026-02-26,1
7650637c-66ba-41af-a4df-24306d2de97b,MLV1-R07364,MLV1-A0065,otros,publico,media,físico,daño físico,sin mantenimiento,3,3,mitigar,2026-02-26,1
8db095dc-a6dc-4f6b-8d7c-62df77982d96,MLV1-R06001,MLV1-A0969,redes y comunicaciones,interno,alta,físico,error humano,configuración incorrecta,3,4,mitigar,2026-02-27,1
d153058f-cb2f-4f2a-9fab-c56f82ddf294,MLV1-R08136,MLV1-A0969,redes y comunicaciones,interno,alta,físico,acceso no autorizado,falta de controles de acceso,4,4,transferir,2026-02-27,1
d76ea074-aace-42d0-83e8-6e2bec3646bb,MLV1-R08380,MLV1-A0547,redes y comunicaciones,confidencial,alta,físico,error humano,falta de capacitación,3,4,mitigar,2026-02-27,1
8c009e21-83d6-4309-9063-c3748cd4d966,MLV1-R09816,MLV1-A0978,redes y comunicaciones,publico,media,físico,acceso no autorizado,falta de controles de acceso,5,3,mitigar,2026-02-27,1
3c56cc4f-44f2-4a96-9195-bfd246478a15,MLV1-R05386,MLV1-A0125,servicios ti,interno,alta,digital,error humano,ausencia de políticas,3,4,evitar,2026-02-28,1
b1d9080d-7eeb-4b37-8a21-723657f868dd,MLV1-R08533,MLV1-A0824,redes y comunicaciones,confidencial,critica,físico,acceso no autorizado,falta de controles de acceso,4,4,transferir,2026-02-28,1
bc940445-301a-436f-872f-ac514fcfd901,MLV1-R01768,MLV1-A0477,información,confidencial,alta,digital,pérdida de información,ausencia de respaldos,4,3,evitar,2026-03-01,1
1580d7d7-9896-4d2f-8767-ad206a376b8c,MLV1-R05678,MLV1-A0902,hardware,interno,media,físico,error humano,configuración incorrecta,4,5,mitigar,2026-03-02,1
151c5374-27c0-42a7-8d88-2e91fa91990b,MLV1-R05709,MLV1-A0738,hardware,interno,alta,físico,error humano,configuración incorrecta,3,4,transferir,2026-03-02,1
b7c1ceb0-392b-4e66-8229-e98b17da2186,MLV1-R07153,MLV1-A0133,otros,interno,critica,físico,interrupción del servicio,equipos obsoletos,2,5,mitigar,2026-03-02,1
37b7f032-e568-408b-955a-ef88b81e3624,MLV1-R08126,MLV1-A0661,hardware,publico,alta,físico,falla eléctrica,sin mantenimiento,2,4,aceptar,2026-03-03,1
20d1d568-3b96-4d75-8de5-2ca39c40b45c,MLV1-R09909,MLV1-A0661,hardware,publico,alta,físico,error humano,ausencia de políticas,4,3,mitigar,2026-03-03,1
694dbd6b-baaa-425a-9f05-a05274c63cc5,MLV1-R03065,MLV1-A0448,servicios ti,interno,media,digital,pérdida de información,ausencia de respaldos,5,3,mitigar,2026-03-04,1
338f3bdc-848b-4ad8-b889-3506b503dc53,MLV1-R03287,MLV1-A0962,redes y comunicaciones,publico,alta,físico,falla eléctrica,equipos obsoletos,3,5,mitigar,2026-03-04,1
8a334dad-e396-433c-ba4a-51beb532c877,MLV1-R09954,MLV1-A0644,hardware,interno,critica,físico,inundación,ausencia de políticas,2,4,aceptar,2026-03-04,1
9a12ba35-0af0-4760-9346-9f99ad44efe4,MLV1-R00276,MLV1-A0418,hardware,interno,media,físico,falla eléctrica,equipos obsoletos,4,4,mitigar,2026-03-05,1
7cbe024c-80da-499a-9b4c-1cff34db5106,MLV1-R00631,MLV1-A0139,hardware,interno,media,físico,error humano,falta de capacitación,2,2,aceptar,2026-03-05,1
d5431377-af3f-4a4b-a9c7-f55f244447a0,MLV1-R00711,MLV1-A0853,servicios ti,interno,media,digital,acceso no autorizado,ausencia de políticas,5,3,mitigar,2026-03-05,1
d93dbf67-f20c-4630-92f6-b2ec852e09c1,MLV1-R00996,MLV1-A0418,hardware,interno,media,físico,falla eléctrica,equipos obsoletos,4,4,mitigar,2026-03-05,1
23256ab0-509b-4913-bbe2-f3827c710747,MLV1-R08798,MLV1-A0121,información,confidencial,alta,digital,pérdida de información,ausencia de respaldos,4,5,transferir,2026-03-05,1
ff0913b4-7571-4292-9d2b-0e99394769fd,MLV1-R00848,MLV1-A0744,servicios ti,interno,media,digital,error humano,falta de capacitación,3,3,mitigar,2026-03-06,1
9eab56f1-0961-45a3-bc5f-aae82d30b453,MLV1-R03846,MLV1-A0839,hardware,interno,media,físico,daño físico,equipos obsoletos,3,1,aceptar,2026-03-06,1
5fbb5efd-4740-440e-8ee5-2eb943a79a7c,MLV1-R04367,MLV1-A0899,hardware,interno,alta,físico,error humano,falta de capacitación,4,5,mitigar,2026-03-06,1
6aede272-c7f6-435a-b1e5-eb011bdfe36c,MLV1-R04372,MLV1-A0839,hardware,interno,media,físico,error humano,ausencia de políticas,3,3,aceptar,2026-03-06,1
b49fb45a-abdc-4b50-b5f1-edbac206b396,MLV1-R04695,MLV1-A0744,servicios ti,interno,media,digital,acceso no autorizado,falta de controles de acceso,4,2,aceptar,2026-03-06,1
42c97cfc-b29b-46a7-b589-d7df9ebd3ff2,MLV1-R02726,MLV1-A0586,hardware,confidencial,critica,físico,inundación,almacenamiento inadecuado,4,5,mitigar,2026-03-07,1
81325c1d-57e1-4875-a49c-c23a92f64fd0,MLV1-R06650,MLV1-A0085,información,interno,critica,digital,pérdida de información,ausencia de respaldos,3,5,transferir,2026-03-07,1
ab5c893d-b514-4059-8e48-4858e9393a89,MLV1-R07333,MLV1-A0253,información,confidencial,media,digital,error humano,falta de capacitación,3,3,transferir,2026-03-07,1
27ebc8e7-8d21-4039-a6ad-f3a31cd09c16,MLV1-R09388,MLV1-A0370,redes y comunicaciones,interno,media,físico,falla eléctrica,equipos obsoletos,4,2,aceptar,2026-03-07,1
3228ecd8-93c2-4cb3-8b99-725a5beff8c8,MLV1-R09409,MLV1-A0211,documentación,confidencial,alta,físico,pérdida de información,ausencia de respaldos,5,4,mitigar,2026-03-07,1
b29ed1cb-b2b3-4bbf-9bb7-ce3db989d600,MLV1-R02990,MLV1-A0599,software,confidencial,alta,digital,interrupción del servicio,configuración incorrecta,5,4,evitar,2026-03-08,1
4f0d8708-d81f-40e9-aebc-6b511ab6dde1,MLV1-R03785,MLV1-A0096,servicios ti,interno,media,digital,interrupción del servicio,sin mantenimiento,2,5,aceptar,2026-03-08,1
597eb62a-196e-46f2-be7a-f76fc06a4966,MLV1-R04937,MLV1-A0096,servicios ti,interno,media,digital,ransomware,ausencia de respaldos,4,4,mitigar,2026-03-08,1
90faf72e-c479-440b-9044-d155b6455ca8,MLV1-R06366,MLV1-A0096,servicios ti,interno,media,digital,interrupción del servicio,configuración incorrecta,1,4,aceptar,2026-03-08,1
cdff3776-ca14-425b-8641-483624405a13,MLV1-R07777,MLV1-A0054,hardware,publico,critica,físico,falla eléctrica,sin mantenimiento,3,4,mitigar,2026-03-08,1
57f4cc8e-2b04-4203-9c39-dbef42587bb2,MLV1-R07842,MLV1-A0096,servicios ti,interno,media,digital,ransomware,ausencia de respaldos,3,2,mitigar,2026-03-08,1
f7a69eda-0a5b-4b6a-aa6e-2c8f30ea01bd,MLV1-R08425,MLV1-A0903,información,confidencial,critica,digital,divulgación de información,falta de controles de acceso,3,5,mitigar,2026-03-09,1
9e10202f-090b-41bc-ae9d-c6d5269d44dc,MLV1-R06044,MLV1-A0710,software,interno,baja,digital,acceso no autorizado,ausencia de políticas,3,1,aceptar,2026-03-10,1
387fc354-dc69-474c-bd87-8495fdd16c18,MLV1-R04967,MLV1-A0207,hardware,confidencial,critica,físico,falla eléctrica,sin mantenimiento,1,5,aceptar,2026-03-11,1
2c46e29e-00f4-4a4d-b425-84aac4116a1b,MLV1-R05634,MLV1-A0541,redes y comunicaciones,interno,critica,físico,malware,antivirus desactualizado,3,5,mitigar,2026-03-11,1
f002c94d-24cc-43fa-8c9f-3781f2233762,MLV1-R00888,MLV1-A0362,información,interno,alta,digital,pérdida de información,configuración incorrecta,3,4,mitigar,2026-03-12,1
7474a00a-68a8-451a-b7d5-bea4bccf8aa0,MLV1-R04492,MLV1-A0800,información,interno,alta,digital,ransomware,ausencia de respaldos,4,5,mitigar,2026-03-12,1
021a5e1a-6676-4c27-a7ea-d2cb1dc7be4d,MLV1-R05023,MLV1-A0487,documentación,interno,media,digital,pérdida de información,configuración incorrecta,3,2,aceptar,2026-03-12,1
017df1ba-2353-4b5c-bef9-5b6ca9bba7b8,MLV1-R09413,MLV1-A0487,documentación,interno,media,digital,inundación,ausencia de políticas,2,3,aceptar,2026-03-12,1
d1db94f5-182c-4523-9b43-d639c749e0b6,MLV1-R07637,MLV1-A0747,hardware,interno,alta,físico,falla eléctrica,equipos obsoletos,3,4,mitigar,2026-03-13,1
11057ec1-2405-4ece-8e0c-0ed0bec1c696,MLV1-R07656,MLV1-A0698,redes y comunicaciones,confidencial,critica,físico,interrupción del servicio,configuración incorrecta,4,4,mitigar,2026-03-13,1
6a769ec6-4533-4da7-a5c1-20d89681ec0e,MLV1-R01744,MLV1-A0086,software,interno,alta,digital,ransomware,falta de capacitación,3,5,transferir,2026-03-14,1
43dccc2b-de01-43b7-83f7-30ea19c4ba60,MLV1-R01817,MLV1-A0185,otros,interno,alta,físico,error humano,falta de capacitación,4,4,mitigar,2026-03-14,1
1585e4cb-5ae5-46b7-9b86-39300ac28d0e,MLV1-R03377,MLV1-A0394,documentación,interno,alta,físico,daño físico,equipos obsoletos,3,4,mitigar,2026-03-15,1
eb0eaf9a-3917-4ba3-a0cc-2414d5aa0a87,MLV1-R04263,MLV1-A0267,servicios ti,interno,alta,digital,interrupción del servicio,configuración incorrecta,4,3,mitigar,2026-03-15,1
5d6818b0-c3b2-40a7-9e6b-d9a843e905d9,MLV1-R06656,MLV1-A0394,documentación,interno,alta,físico,inundación,ausencia de políticas,5,4,mitigar,2026-03-15,1
5fe4d240-6948-4724-bc28-2656b7955dae,MLV1-R07640,MLV1-A0280,servicios ti,interno,media,digital,malware,antivirus desactualizado,3,4,transferir,2026-03-15,1
b946f6fe-9cef-40a7-a60e-1aad1831bfa9,MLV1-R00805,MLV1-A0040,otros,interno,critica,físico,interrupción del servicio,sin mantenimiento,5,5,transferir,2026-03-16,1
1f351685-097a-4a6e-b519-996a09510915,MLV1-R02356,MLV1-A0398,servicios ti,interno,media,digital,interrupción del servicio,sin mantenimiento,3,3,mitigar,2026-03-16,1
399d75a3-58bf-4bb6-b4ff-eeddba9c16ff,MLV1-R04066,MLV1-A0566,hardware,interno,alta,físico,error humano,falta de capacitación,3,4,mitigar,2026-03-16,1
d9a6391a-66db-4fd8-888a-f4c41e0ba716,MLV1-R04844,MLV1-A0624,documentación,interno,baja,digital,pérdida de información,ausencia de respaldos,3,3,mitigar,2026-03-16,1
823649c6-8cc5-4f50-8b31-254035a84a37,MLV1-R07632,MLV1-A0447,hardware,interno,alta,físico,error humano,falta de capacitación,4,4,mitigar,2026-03-16,1
1c2a2870-1c1d-427d-bc35-2fea9c8e0321,MLV1-R02573,MLV1-A0459,hardware,interno,alta,físico,falla eléctrica,sin mantenimiento,2,3,mitigar,2026-03-17,1
eb587f48-5799-4861-9923-cc860594cd75,MLV1-R04899,MLV1-A0331,información,interno,media,digital,pérdida de información,ausencia de respaldos,4,5,mitigar,2026-03-17,1
7142e73d-39ae-4603-91e3-9991a293b3bb,MLV1-R05331,MLV1-A0752,documentación,interno,alta,digital,pérdida de información,ausencia de respaldos,3,4,mitigar,2026-03-17,1
fef2213c-0e31-4c4a-96e3-d74fdd01270a,MLV1-R05845,MLV1-A0568,servicios ti,interno,alta,digital,interrupción del servicio,configuración incorrecta,2,4,mitigar,2026-03-17,1
96bf86ec-4628-46c1-8ee4-65f3ffbabe91,MLV1-R06708,MLV1-A0685,servicios ti,interno,media,digital,ransomware,ausencia de respaldos,3,3,transferir,2026-03-17,1
21c24494-26aa-41a5-aa1b-c89f8523260b,MLV1-R08152,MLV1-A0155,software,restringido,media,digital,error humano,configuración incorrecta,2,3,aceptar,2026-03-17,1
43ee0f79-5a92-49cb-8c57-30981305fd8a,MLV1-R08788,MLV1-A0543,servicios ti,interno,baja,digital,acceso no autorizado,ausencia de políticas,4,3,mitigar,2026-03-18,1
674099c6-9861-48f3-8e84-65fca116f990,MLV1-R03438,MLV1-A0855,otros,interno,critica,físico,acceso no autorizado,falta de controles de acceso,3,4,mitigar,2026-03-19,1
68c580de-645d-46b2-9e19-f9ee41499c51,MLV1-R06660,MLV1-A0912,software,interno,media,digital,interrupción del servicio,equipos obsoletos,4,2,mitigar,2026-03-19,1
66dccf4b-4bd1-4244-9311-834d614eacb9,MLV1-R03257,MLV1-A0438,hardware,interno,alta,físico,malware,falta de capacitación,5,4,mitigar,2026-03-20,1
a1337cde-1d7b-48d7-a62e-9433574aab69,MLV1-R09710,MLV1-A0948,otros,confidencial,baja,físico,error humano,ausencia de políticas,3,2,aceptar,2026-03-21,1
dc2f9d36-9a0f-4212-83c7-752d1c0d00d1,MLV1-R00505,MLV1-A0416,información,interno,alta,digital,pérdida de información,ausencia de respaldos,4,4,mitigar,2026-03-22,1
d7668073-5a8f-4e45-aace-d1e392b34015,MLV1-R01719,MLV1-A0416,información,interno,alta,digital,acceso no autorizado,contraseñas débiles,5,5,transferir,2026-03-22,1
8e7a2172-3f88-4304-9bf0-f13c89bfd32c,MLV1-R05788,MLV1-A0416,información,interno,alta,digital,pérdida de información,ausencia de respaldos,5,3,evitar,2026-03-22,1
14369b2e-ed7e-4676-af1c-696b3fb165c0,MLV1-R06280,MLV1-A0370,redes y comunicaciones,interno,media,físico,interrupción del servicio,equipos obsoletos,4,3,transferir,2026-03-22,1
429b0bb6-2656-431b-89f8-aecdac3ca8ee,MLV1-R03481,MLV1-A0363,información,publico,alta,digital,divulgación de información,contraseñas débiles,4,3,mitigar,2026-03-24,1
69024ef5-2b50-4cf6-bb19-b2b0e0de253d,MLV1-R04559,MLV1-A0915,redes y comunicaciones,confidencial,media,físico,falla eléctrica,equipos obsoletos,3,1,mitigar,2026-03-24,1
2afbaece-c89a-4271-9aff-86c296bdeb4a,MLV1-R06664,MLV1-A0371,hardware,interno,media,físico,acceso no autorizado,falta de controles de acceso,5,2,mitigar,2026-03-24,1
cdd067d2-7cea-4723-94c2-8bfe1c96cb81,MLV1-R08341,MLV1-A0363,información,publico,alta,digital,malware,configuración incorrecta,1,4,aceptar,2026-03-24,1
11ae77f6-d8e8-47dd-ad9e-115a19de6712,MLV1-R08867,MLV1-A0363,información,publico,alta,digital,divulgación de información,falta de controles de acceso,4,3,transferir,2026-03-24,1
c60379ea-955e-4ad3-9241-c9ebd5ef6893,MLV1-R09265,MLV1-A0363,información,publico,alta,digital,error humano,ausencia de políticas,2,4,aceptar,2026-03-24,1
02154354-74dc-4edf-abd5-f361e78e2ecd,MLV1-R01714,MLV1-A0943,información,publico,media,digital,ransomware,antivirus desactualizado,4,4,mitigar,2026-03-25,1
9065b5ec-2cd9-432b-969a-a7b97f7fe766,MLV1-R08241,MLV1-A0617,documentación,interno,critica,digital,error humano,falta de capacitación,1,4,aceptar,2026-03-25,1
b81981eb-c0f5-4cde-b94f-6d98b14f7d0c,MLV1-R01845,MLV1-A0823,hardware,confidencial,alta,físico,daño físico,almacenamiento inadecuado,4,3,mitigar,2026-03-26,1
72436c31-9a3d-46e0-9ef5-e31f85ee8894,MLV1-R02223,MLV1-A0089,redes y comunicaciones,interno,media,físico,interrupción del servicio,equipos obsoletos,3,2,mitigar,2026-03-26,1
e4a2f72d-7238-4ef7-bde2-5e1072757da2,MLV1-R04459,MLV1-A0479,servicios ti,interno,media,digital,pérdida de información,configuración incorrecta,4,4,transferir,2026-03-26,1
b792568d-9b1b-43b9-870c-08813b1212d1,MLV1-R02329,MLV1-A0492,servicios ti,confidencial,media,digital,malware,antivirus desactualizado,5,3,evitar,2026-03-27,1
71446023-7843-4f03-8863-784d8dcc1d10,MLV1-R02723,MLV1-A0911,redes y comunicaciones,confidencial,media,físico,interrupción del servicio,sin mantenimiento,3,4,transferir,2026-03-27,1
84637d19-2f52-4a8b-8860-534a5c4a9dc6,MLV1-R04873,MLV1-A0035,información,confidencial,critica,digital,ransomware,ausencia de respaldos,3,5,evitar,2026-03-27,1
8f6ececf-b8b0-4ea9-9646-25d4fc8ea738,MLV1-R05246,MLV1-A0492,servicios ti,confidencial,media,digital,pérdida de información,ausencia de respaldos,4,4,mitigar,2026-03-27,1
610bd336-7300-4362-b1ec-ddd357ad168a,MLV1-R09034,MLV1-A0492,servicios ti,confidencial,media,digital,malware,antivirus desactualizado,2,4,aceptar,2026-03-27,1
b2c7e5c1-d497-4092-861e-e6eb18ea901b,MLV1-R09295,MLV1-A0492,servicios ti,confidencial,media,digital,acceso no autorizado,contraseñas débiles,2,5,mitigar,2026-03-27,1
890a5d81-fd97-4a08-825f-f5fa989acccc,MLV1-R00893,MLV1-A0493,servicios ti,interno,media,digital,ransomware,ausencia de respaldos,4,5,evitar,2026-03-28,1
7bf3e6e0-1dd9-4d6a-ab59-31777c1e1417,MLV1-R00993,MLV1-A0193,software,interno,alta,digital,interrupción del servicio,sin mantenimiento,5,4,mitigar,2026-03-28,1
f8219f8a-b3f7-484a-8109-e4e732e7e0d0,MLV1-R06094,MLV1-A0493,servicios ti,interno,media,digital,error humano,falta de capacitación,5,3,mitigar,2026-03-28,1
a465a6d8-7bd7-47c4-9873-2cd4f2d44b00,MLV1-R09550,MLV1-A0493,servicios ti,interno,media,digital,error humano,configuración incorrecta,4,4,mitigar,2026-03-28,1
86ba5937-8ae8-40ea-94ca-3ccbe0896655,MLV1-R00381,MLV1-A0893,software,interno,media,digital,error humano,falta de capacitación,3,2,transferir,2026-03-29,1
5c6685e1-df91-4fac-8a30-26e5f4ac26a3,MLV1-R01171,MLV1-A0849,software,interno,media,digital,pérdida de información,configuración incorrecta,4,3,transferir,2026-03-29,1
9a2a81ff-6452-4c97-9cfb-ae3de9b723b1,MLV1-R03027,MLV1-A0194,información,confidencial,critica,digital,pérdida de información,almacenamiento inadecuado,2,4,mitigar,2026-03-29,1
87ba8829-f26d-4034-887a-b5760816c7c5,MLV1-R03666,MLV1-A0986,hardware,interno,media,físico,daño físico,almacenamiento inadecuado,2,3,mitigar,2026-03-29,1
89260d60-ae0e-4e6e-9202-5d4ca4a619c3,MLV1-R04499,MLV1-A0315,servicios ti,confidencial,alta,digital,acceso no autorizado,ausencia de políticas,2,4,transferir,2026-03-29,1
b6fdcdd3-e067-414f-a657-d9e1ff1b3852,MLV1-R06542,MLV1-A0605,documentación,interno,alta,físico,error humano,configuración incorrecta,4,5,mitigar,2026-03-29,1
f6a4ae29-14b9-4a67-ab8e-633ba4365ee9,MLV1-R07407,MLV1-A0024,software,publico,alta,digital,interrupción del servicio,equipos obsoletos,3,4,mitigar,2026-03-29,1
a59ffcd0-28d5-4afc-8de1-85b8ce972bd5,MLV1-R08443,MLV1-A0893,software,interno,media,digital,malware,configuración incorrecta,3,3,mitigar,2026-03-29,1
cff3e3c2-21fa-43a6-9f50-96bbc1c41021,MLV1-R09478,MLV1-A0893,software,interno,media,digital,pérdida de información,ausencia de respaldos,4,3,mitigar,2026-03-29,1
2030c1f8-280a-46f8-904d-f63c45665d3a,MLV1-R07580,MLV1-A0073,información,confidencial,media,digital,ransomware,ausencia de respaldos,5,2,mitigar,2026-03-30,1
c99cc25a-8d8f-4313-a80c-454a408ccfbf,MLV1-R02328,MLV1-A0912,software,interno,media,digital,acceso no autorizado,falta de controles de acceso,4,3,mitigar,2026-03-31,1
312b0d22-35b7-43b9-b90e-7ecc58554815,MLV1-R02651,MLV1-A0499,información,interno,baja,digital,malware,configuración incorrecta,4,2,mitigar,2026-04-01,1
707ebf3a-3f3a-4a8f-80a8-120a8faa7a09,MLV1-R03888,MLV1-A0617,documentación,interno,critica,digital,incendio,almacenamiento inadecuado,3,4,mitigar,2026-04-01,1
61df41a5-9f41-4ef9-910e-12dfb5074078,MLV1-R08738,MLV1-A0235,servicios ti,restringido,alta,digital,ransomware,ausencia de respaldos,4,5,mitigar,2026-04-01,1
0e07f608-5604-47cd-90ba-616b76b68a77,MLV1-R08774,MLV1-A0651,información,interno,baja,digital,divulgación de información,falta de controles de acceso,5,4,mitigar,2026-04-01,1
3d53cd8a-c8d0-42fc-af42-4e0dd2efa2f1,MLV1-R02083,MLV1-A0269,software,restringido,media,digital,malware,falta de capacitación,4,3,transferir,2026-04-02,1
62ff2f91-b3e0-4ebb-93d5-b2fd253febf3,MLV1-R07200,MLV1-A0351,documentación,interno,alta,físico,pérdida de información,almacenamiento inadecuado,3,4,evitar,2026-04-02,1
fca89f48-5ada-47e8-8bc9-259399fb6deb,MLV1-R09275,MLV1-A0663,servicios ti,interno,critica,digital,acceso no autorizado,falta de controles de acceso,4,4,mitigar,2026-04-02,1
2468b2c0-b6b2-4869-b58a-803d735a26db,MLV1-R09391,MLV1-A0443,hardware,confidencial,media,físico,acceso no autorizado,contraseñas débiles,2,2,aceptar,2026-04-02,1
06862c69-0b04-4587-91d2-9ebc2f4bf911,MLV1-R00037,MLV1-A0110,información,publico,critica,digital,pérdida de información,ausencia de respaldos,5,4,mitigar,2026-04-03,1
e7e3e5a4-c641-4a6c-b5db-87dcfae2c991,MLV1-R01658,MLV1-A0457,servicios ti,interno,baja,digital,interrupción del servicio,sin mantenimiento,2,3,aceptar,2026-04-03,1
68aa350b-0518-4a6d-9862-be938af31602,MLV1-R04287,MLV1-A0700,otros,restringido,critica,físico,error humano,ausencia de políticas,3,4,mitigar,2026-04-03,1
5b84894d-72fd-4944-a409-5e1d169d9fd4,MLV1-R06727,MLV1-A0955,hardware,interno,baja,físico,daño físico,almacenamiento inadecuado,1,2,aceptar,2026-04-03,1
dd6fd1ee-875c-4399-a17b-46497fd4dedc,MLV1-R00465,MLV1-A0271,hardware,publico,critica,físico,robo,falta de controles de acceso,4,4,mitigar,2026-04-04,1
88297f73-1a85-4884-9991-c0a68b413164,MLV1-R03982,MLV1-A0428,hardware,restringido,critica,físico,falla eléctrica,sin mantenimiento,5,3,mitigar,2026-04-04,1
213e70f6-5a22-4a63-9962-a55dd4e83e52,MLV1-R06898,MLV1-A0321,información,interno,alta,digital,pérdida de información,ausencia de respaldos,5,4,mitigar,2026-04-04,1
23d5dc17-fdbb-423b-882c-10a500895909,MLV1-R08101,MLV1-A0124,información,interno,alta,digital,ransomware,antivirus desactualizado,5,4,mitigar,2026-04-04,1
dc359f9f-877f-4d73-9eea-5c5b8c8acb33,MLV1-R08178,MLV1-A0608,software,interno,critica,digital,ransomware,antivirus desactualizado,5,5,mitigar,2026-04-04,1
4c87c57c-6023-48ad-8ff5-01d41e4a7303,MLV1-R08828,MLV1-A0321,información,interno,alta,digital,divulgación de información,falta de controles de acceso,3,2,aceptar,2026-04-04,1
b50b21e8-3b65-448d-8d3b-5a8da9edea37,MLV1-R00119,MLV1-A0837,hardware,confidencial,media,físico,robo,falta de controles de acceso,2,3,mitigar,2026-04-05,1
15269b6b-51a1-48f1-824c-870468164669,MLV1-R00953,MLV1-A0407,servicios ti,interno,critica,digital,pérdida de información,ausencia de respaldos,5,3,mitigar,2026-04-05,1
06f561e3-2119-4065-8de9-ee351c157778,MLV1-R02529,MLV1-A0710,software,interno,baja,digital,error humano,configuración incorrecta,3,2,transferir,2026-04-05,1
bb8d075c-0442-4ece-bf66-add564bcf90b,MLV1-R03228,MLV1-A0407,servicios ti,interno,critica,digital,acceso no autorizado,falta de controles de acceso,5,4,mitigar,2026-04-05,1
7896d2b3-b9bb-4199-b041-44f02054ded9,MLV1-R05807,MLV1-A0534,hardware,interno,alta,físico,incendio,ausencia de políticas,1,3,aceptar,2026-04-05,1
4ba50587-f4a7-4763-9457-69143c11c0c3,MLV1-R07461,MLV1-A0407,servicios ti,interno,critica,digital,interrupción del servicio,sin mantenimiento,2,5,mitigar,2026-04-05,1
80e16b28-3e81-4bf7-b76a-601042874149,MLV1-R08049,MLV1-A0239,software,interno,alta,digital,acceso no autorizado,ausencia de políticas,3,4,mitigar,2026-04-05,1
1a8fe27c-56c0-4a6a-b4bb-30203c3f0693,MLV1-R09204,MLV1-A0333,redes y comunicaciones,restringido,alta,físico,acceso no autorizado,ausencia de políticas,5,4,mitigar,2026-04-05,1
8a6eb889-0c82-4a11-b98a-4912742f2f16,MLV1-R02662,MLV1-A0970,servicios ti,interno,alta,digital,ransomware,ausencia de respaldos,4,5,mitigar,2026-04-06,1
6c8f23f2-f709-45a3-b536-bde22d117a55,MLV1-R00779,MLV1-A0600,software,confidencial,media,digital,error humano,falta de capacitación,3,2,mitigar,2026-04-07,1
360dad12-6bcc-494e-822d-9b16cb2c4297,MLV1-R01505,MLV1-A0209,software,interno,media,digital,malware,antivirus desactualizado,3,1,aceptar,2026-04-07,1
378011e3-c15a-4319-a5d4-e097851e4717,MLV1-R01644,MLV1-A0016,redes y comunicaciones,restringido,critica,físico,interrupción del servicio,equipos obsoletos,2,3,mitigar,2026-04-07,1
404b41ab-3181-4927-a832-4934817bab91,MLV1-R01827,MLV1-A0302,información,confidencial,media,digital,acceso no autorizado,falta de controles de acceso,3,3,aceptar,2026-04-07,1
f59ce413-74ce-4191-ad4f-2f202c550f1d,MLV1-R02887,MLV1-A0225,hardware,interno,critica,físico,falla eléctrica,equipos obsoletos,4,4,mitigar,2026-04-07,1
9f2e3dd6-2643-4640-aa05-29742a2b3be7,MLV1-R04812,MLV1-A0600,software,confidencial,media,digital,interrupción del servicio,configuración incorrecta,3,3,aceptar,2026-04-07,1
bd3dc098-dc3d-471e-84b0-d832edf375d2,MLV1-R05805,MLV1-A0807,software,interno,alta,digital,error humano,falta de capacitación,1,3,aceptar,2026-04-07,1
18979e3f-d60a-4082-967c-efab244c9885,MLV1-R08400,MLV1-A0209,software,interno,media,digital,pérdida de información,ausencia de respaldos,4,2,aceptar,2026-04-07,1
334678b7-eda2-4792-9833-48a81fd8bc0b,MLV1-R08822,MLV1-A0264,software,confidencial,alta,digital,acceso no autorizado,contraseñas débiles,4,4,mitigar,2026-04-07,1
56382f9b-b336-45a4-9a4f-66ab2a09922f,MLV1-R08940,MLV1-A0869,servicios ti,interno,alta,digital,pérdida de información,ausencia de respaldos,4,4,mitigar,2026-04-07,1
1fad810b-815e-42bb-817e-ccdbb0061831,MLV1-R00691,MLV1-A0922,hardware,confidencial,baja,físico,error humano,ausencia de políticas,1,1,mitigar,2026-04-08,1
e894ec21-d637-442a-a4cf-7de92078d7b9,MLV1-R02225,MLV1-A0572,software,publico,baja,digital,pérdida de información,ausencia de respaldos,3,2,mitigar,2026-04-08,1
1a02a952-4625-4fff-87c9-a0cb8bb08caa,MLV1-R03593,MLV1-A0812,servicios ti,publico,media,digital,malware,antivirus desactualizado,4,1,aceptar,2026-04-08,1
ceda2a78-85ba-4e34-82be-b83bb9da3109,MLV1-R04073,MLV1-A0628,hardware,interno,critica,físico,acceso no autorizado,contraseñas débiles,4,3,mitigar,2026-04-08,1
c3df2ce1-3b2c-4a3e-9b56-50322ef12def,MLV1-R05213,MLV1-A0812,servicios ti,publico,media,digital,interrupción del servicio,configuración incorrecta,3,3,mitigar,2026-04-08,1
155b9f5d-ef15-4cc0-9627-1e48dd511613,MLV1-R05850,MLV1-A0446,hardware,confidencial,alta,físico,error humano,falta de capacitación,4,4,mitigar,2026-04-08,1
9ef860ba-1909-474c-9126-51e9b3bd1376,MLV1-R06236,MLV1-A0812,servicios ti,publico,media,digital,malware,falta de capacitación,4,4,mitigar,2026-04-08,1
0fa392d8-f99c-424d-9c75-5382cb4f4528,MLV1-R07898,MLV1-A0926,software,interno,critica,digital,ransomware,ausencia de respaldos,3,5,transferir,2026-04-08,1
c3406337-3056-4052-9ef6-97830465ba59,MLV1-R08217,MLV1-A0922,hardware,confidencial,baja,físico,error humano,ausencia de políticas,2,2,aceptar,2026-04-08,1
c2d3e913-4324-49db-8db6-5a3c55ed6e98,MLV1-R09133,MLV1-A0628,hardware,interno,critica,físico,error humano,configuración incorrecta,4,5,mitigar,2026-04-08,1
bdbbe82c-a5a9-4614-87a6-255c9dc16a1c,MLV1-R09637,MLV1-A0812,servicios ti,publico,media,digital,error humano,configuración incorrecta,5,3,evitar,2026-04-08,1
ccf0901e-aa61-4641-87f0-e0e6c0df9ee5,MLV1-R00872,MLV1-A0572,software,publico,baja,digital,malware,antivirus desactualizado,4,4,mitigar,2026-04-09,1
a6f65702-e180-4317-87c7-76b38e03cd98,MLV1-R01554,MLV1-A0477,información,confidencial,alta,digital,malware,configuración incorrecta,5,5,mitigar,2026-04-09,1
a28d45fa-51c0-46bf-94ef-3cdba6e0396b,MLV1-R02991,MLV1-A0561,hardware,interno,media,físico,falla eléctrica,equipos obsoletos,3,2,transferir,2026-04-09,1
3f338949-29f4-44ae-b43d-6d3c895bccf6,MLV1-R01868,MLV1-A0604,software,interno,media,digital,interrupción del servicio,equipos obsoletos,3,4,mitigar,2026-04-10,1
c0ddd5ad-d9db-4fc7-b334-ace259b0a78a,MLV1-R03415,MLV1-A0109,redes y comunicaciones,confidencial,alta,físico,interrupción del servicio,sin mantenimiento,4,5,mitigar,2026-04-10,1
2fd7b554-21e3-4639-98b3-72c65207b824,MLV1-R03452,MLV1-A0833,software,interno,media,digital,malware,antivirus desactualizado,4,3,mitigar,2026-04-10,1
5e92be61-2833-4765-a365-560becd6cc3d,MLV1-R03822,MLV1-A0109,redes y comunicaciones,confidencial,alta,físico,malware,antivirus desactualizado,4,5,mitigar,2026-04-10,1
bbfc6402-baf0-4af3-9118-fcdae0d5c3bf,MLV1-R06784,MLV1-A0156,información,publico,critica,digital,pérdida de información,configuración incorrecta,2,4,mitigar,2026-04-10,1
c7a3393f-5783-48cc-86eb-ae563a2bc454,MLV1-R09400,MLV1-A0659,información,restringido,media,digital,acceso no autorizado,falta de controles de acceso,4,3,evitar,2026-04-10,1
d39d6285-2d73-40df-91f0-9871951ed173,MLV1-R09493,MLV1-A0260,hardware,interno,media,físico,daño físico,sin mantenimiento,4,3,mitigar,2026-04-10,1
43f6a50c-b920-4fd2-bcd8-25b7349fc217,MLV1-R00394,MLV1-A0907,software,interno,alta,digital,ransomware,ausencia de respaldos,5,4,mitigar,2026-04-11,1
f5d84064-3094-4c92-98c1-c36a3dd5a793,MLV1-R01847,MLV1-A0747,hardware,interno,alta,físico,daño físico,sin mantenimiento,3,5,evitar,2026-04-11,1
c7cc1d29-3c88-48e8-849d-76f6b3bc4ada,MLV1-R05916,MLV1-A0907,software,interno,alta,digital,pérdida de información,almacenamiento inadecuado,5,3,evitar,2026-04-11,1
bcff52f8-14cf-4ad1-bffb-c80b3e81b39a,MLV1-R08441,MLV1-A0040,otros,interno,critica,físico,acceso no autorizado,falta de controles de acceso,4,5,mitigar,2026-04-11,1
364a7623-b2f2-4f78-b084-6fa321afb7d4,MLV1-R00111,MLV1-A0307,servicios ti,confidencial,media,digital,ransomware,antivirus desactualizado,4,4,mitigar,2026-04-12,1
597c9a31-0e61-4c29-9ffa-3782a110f6d2,MLV1-R02107,MLV1-A1000,hardware,interno,media,físico,error humano,configuración incorrecta,1,3,aceptar,2026-04-12,1
75c80715-2f56-4589-bf78-57e20534f82c,MLV1-R02791,MLV1-A0307,servicios ti,confidencial,media,digital,acceso no autorizado,contraseñas débiles,5,2,aceptar,2026-04-12,1
90fa78cb-801d-4b40-8074-33a8ce912404,MLV1-R03877,MLV1-A0079,redes y comunicaciones,publico,baja,físico,acceso no autorizado,falta de controles de acceso,4,3,evitar,2026-04-12,1
b5fc98a3-f170-463f-87ee-602ded82b6a4,MLV1-R08479,MLV1-A0903,información,confidencial,critica,digital,pérdida de información,ausencia de respaldos,4,5,mitigar,2026-04-12,1
bcac39c9-e542-407d-94ae-44f55dca7ae9,MLV1-R02655,MLV1-A0249,información,interno,alta,digital,pérdida de información,ausencia de respaldos,4,3,mitigar,2026-04-13,1
996b7db2-67b2-4b56-b022-9d263543d343,MLV1-R04838,MLV1-A0818,hardware,confidencial,alta,físico,falla eléctrica,sin mantenimiento,4,3,transferir,2026-04-13,1
7487487b-c970-48e6-9dde-1f8e08ffdb2a,MLV1-R08089,MLV1-A0391,hardware,interno,critica,físico,inundación,almacenamiento inadecuado,3,4,transferir,2026-04-13,1
5b5ee4b6-3f60-4491-91c0-879025d7b5e5,MLV1-R02114,MLV1-A0734,otros,confidencial,critica,físico,pérdida de información,ausencia de respaldos,4,5,mitigar,2026-04-14,1
bebf46b2-22c5-453b-b1f7-376cae3522bc,MLV1-R04563,MLV1-A0977,hardware,publico,media,físico,daño físico,sin mantenimiento,3,4,mitigar,2026-04-14,1
2a3fc3a3-e9af-461e-a934-52e47caae6a2,MLV1-R01312,MLV1-A0611,servicios ti,interno,critica,digital,malware,falta de capacitación,2,3,aceptar,2026-04-15,1
fa1520e7-da40-4dfe-9c2a-2d6ea340a14c,MLV1-R03659,MLV1-A0623,hardware,interno,alta,físico,daño físico,sin mantenimiento,3,4,mitigar,2026-04-15,1
aa8ae678-1869-43f0-b059-573297c09dea,MLV1-R04223,MLV1-A0623,hardware,interno,alta,físico,error humano,ausencia de políticas,3,2,mitigar,2026-04-15,1
9c47f1bf-ae5a-4f31-b712-9bb3b10a87b7,MLV1-R04728,MLV1-A0623,hardware,interno,alta,físico,inundación,almacenamiento inadecuado,4,4,mitigar,2026-04-15,1
e88090f9-8745-4d51-8c01-34f074006cdc,MLV1-R05748,MLV1-A0643,servicios ti,interno,media,digital,error humano,falta de capacitación,3,2,transferir,2026-04-15,1
1302bc10-340d-4487-be3b-ffd2072cb19b,MLV1-R05904,MLV1-A0623,hardware,interno,alta,físico,daño físico,almacenamiento inadecuado,5,5,mitigar,2026-04-15,1
a5292623-1eb5-48ea-b64d-2cc8751360b6,MLV1-R08219,MLV1-A0284,software,interno,alta,digital,acceso no autorizado,falta de controles de acceso,5,4,mitigar,2026-04-15,1
290d1be0-3ffd-44cc-98a5-c165d66e3587,MLV1-R08513,MLV1-A0643,servicios ti,interno,media,digital,acceso no autorizado,contraseñas débiles,4,3,mitigar,2026-04-15,1
dc47d6e0-ca21-49d3-8b98-230d6ae00680,MLV1-R00764,MLV1-A0779,documentación,restringido,critica,digital,incendio,ausencia de políticas,4,5,transferir,2026-04-16,1
384571a5-3fe5-488c-ba4f-4e8ce173887b,MLV1-R02821,MLV1-A0044,servicios ti,confidencial,alta,digital,error humano,falta de capacitación,4,4,mitigar,2026-04-16,1
c8a77699-be05-4f27-a518-edab8f4e913c,MLV1-R06274,MLV1-A0460,documentación,interno,alta,físico,divulgación de información,falta de controles de acceso,3,3,mitigar,2026-04-16,1
eb99c8c2-79f6-4821-bbc2-a27f0bbb6283,MLV1-R07310,MLV1-A0894,software,interno,media,digital,error humano,ausencia de políticas,5,4,mitigar,2026-04-16,1
45398a88-0cb0-4097-b9b2-da08d23d4861,MLV1-R02808,MLV1-A0755,servicios ti,interno,media,digital,interrupción del servicio,sin mantenimiento,5,4,mitigar,2026-04-17,1
47c3b904-9025-41c9-830d-838720e061bb,MLV1-R03520,MLV1-A0546,información,interno,media,digital,divulgación de información,falta de controles de acceso,5,3,evitar,2026-04-17,1
6659dc6b-881b-4264-b8c0-5006767f943d,MLV1-R04005,MLV1-A0224,otros,confidencial,media,físico,pérdida de información,ausencia de respaldos,3,1,aceptar,2026-04-17,1
f40215f2-beef-44bf-8975-35045134e21f,MLV1-R06383,MLV1-A0551,servicios ti,publico,alta,digital,ransomware,antivirus desactualizado,4,4,transferir,2026-04-17,1
5429d589-d4c3-47bd-9965-33c1636dbe60,MLV1-R07872,MLV1-A0884,servicios ti,interno,media,digital,malware,antivirus desactualizado,5,3,mitigar,2026-04-17,1
19a38fe4-a732-4f25-a88c-25052760ce3d,MLV1-R00939,MLV1-A0344,hardware,publico,media,físico,error humano,falta de capacitación,3,3,mitigar,2026-04-18,1
6e641d7c-ca2a-4ebb-85ed-57b8dac32f40,MLV1-R01717,MLV1-A0553,software,confidencial,alta,digital,interrupción del servicio,equipos obsoletos,3,4,mitigar,2026-04-18,1
310a31bb-d908-4bbd-88d7-069641e61682,MLV1-R05120,MLV1-A0553,software,confidencial,alta,digital,pérdida de información,almacenamiento inadecuado,3,4,evitar,2026-04-18,1
4c77004b-0f12-411e-b2ef-32ab5115ab2e,MLV1-R08157,MLV1-A0856,hardware,restringido,alta,físico,robo,falta de controles de acceso,5,4,mitigar,2026-04-18,1
17488fd1-b1c7-47fa-b2d3-7a127071cf6a,MLV1-R09995,MLV1-A0856,hardware,restringido,alta,físico,falla eléctrica,equipos obsoletos,2,3,mitigar,2026-04-18,1
eedcf492-e38a-433e-898d-04b265fafd4e,MLV1-R00302,MLV1-A0184,hardware,restringido,alta,físico,falla eléctrica,equipos obsoletos,4,5,mitigar,2026-04-19,1
e13ee9df-323d-4307-bfc3-a82c32a893fb,MLV1-R02614,MLV1-A0349,redes y comunicaciones,restringido,media,físico,falla eléctrica,equipos obsoletos,1,2,aceptar,2026-04-19,1
e8269d6b-945d-4433-8d70-7f1fb4af4fd9,MLV1-R04750,MLV1-A0669,hardware,publico,media,físico,inundación,ausencia de políticas,3,3,mitigar,2026-04-19,1
2a66e1e0-07fb-4905-b411-d5a79ad97f27,MLV1-R05423,MLV1-A0090,documentación,confidencial,alta,digital,daño físico,sin mantenimiento,4,4,mitigar,2026-04-19,1
6f41ea31-e0cc-4561-a707-9e62b34ea036,MLV1-R05655,MLV1-A0669,hardware,publico,media,físico,falla eléctrica,sin mantenimiento,1,3,aceptar,2026-04-19,1
2d2354b7-489a-438d-acdd-4747f343d375,MLV1-R09957,MLV1-A0183,redes y comunicaciones,interno,alta,físico,error humano,falta de capacitación,5,4,mitigar,2026-04-19,1
af775073-46ee-437c-b1c8-62fa7ebbcfbf,MLV1-R03326,MLV1-A0054,hardware,publico,critica,físico,malware,configuración incorrecta,4,5,mitigar,2026-04-20,1
09b5ff06-7e35-4f21-9ec6-7e5dd37fde6a,MLV1-R05795,MLV1-A0976,hardware,interno,alta,físico,falla eléctrica,equipos obsoletos,5,4,evitar,2026-04-20,1
dc4340c4-cb95-4862-a167-53100a65550b,MLV1-R01596,MLV1-A0501,hardware,interno,alta,físico,robo,falta de controles de acceso,2,5,mitigar,2026-04-21,1
77581de8-bb62-4057-8b82-cf5c7fed4710,MLV1-R03025,MLV1-A0820,software,interno,critica,digital,pérdida de información,configuración incorrecta,5,5,mitigar,2026-04-21,1
f6773d74-f050-4cc9-896b-82e0721edcc9,MLV1-R09597,MLV1-A0950,hardware,interno,critica,físico,acceso no autorizado,ausencia de políticas,1,4,aceptar,2026-04-21,1
12cd00cb-8d69-401a-b5b7-5b41d5828bcb,MLV1-R07334,MLV1-A0088,hardware,interno,alta,físico,inundación,almacenamiento inadecuado,3,2,aceptar,2026-04-22,1
4bbb4cb2-8f9b-4653-aba1-743bfa22012a,MLV1-R02145,MLV1-A0945,información,interno,alta,digital,ransomware,ausencia de respaldos,4,4,mitigar,2026-04-23,1
1278cedc-a32a-4c58-83c4-a1e94a0094b8,MLV1-R05873,MLV1-A0682,información,interno,alta,digital,pérdida de información,almacenamiento inadecuado,2,4,mitigar,2026-04-24,1
7bee5d05-6055-43b6-97dd-74eb99e21167,MLV1-R00231,MLV1-A0427,software,interno,alta,digital,ransomware,ausencia de respaldos,4,4,mitigar,2026-04-25,1
5f6a4f39-6e20-49c1-8328-ba645fbd4119,MLV1-R01241,MLV1-A0906,hardware,interno,media,físico,robo,falta de controles de acceso,4,3,mitigar,2026-04-25,1
a9b6fd97-eab1-4312-8811-69824888a9bc,MLV1-R01355,MLV1-A0427,software,interno,alta,digital,malware,antivirus desactualizado,5,4,mitigar,2026-04-25,1
d5d123af-e99d-4798-9747-cd92f53ffb44,MLV1-R02470,MLV1-A0906,hardware,interno,media,físico,acceso no autorizado,falta de controles de acceso,4,4,mitigar,2026-04-25,1
97ca015e-f7d4-47d5-82d5-7f4251bc89e8,MLV1-R02740,MLV1-A0479,servicios ti,interno,media,digital,ransomware,configuración incorrecta,2,5,aceptar,2026-04-25,1
700c7414-f372-4ad3-83ad-1bedaf99443a,MLV1-R02810,MLV1-A0820,software,interno,critica,digital,acceso no autorizado,contraseñas débiles,4,3,transferir,2026-04-25,1
37f545f2-0a7e-456d-8a10-1478f8d1d64f,MLV1-R04358,MLV1-A0103,información,confidencial,media,digital,pérdida de información,configuración incorrecta,4,5,mitigar,2026-04-25,1
49cd6f47-07d0-4baf-847e-f75fa0c8eded,MLV1-R07671,MLV1-A0906,hardware,interno,media,físico,error humano,falta de capacitación,3,2,mitigar,2026-04-25,1
346453a2-f961-456e-b780-fbe9459ace49,MLV1-R07741,MLV1-A0414,servicios ti,interno,critica,digital,pérdida de información,configuración incorrecta,4,4,mitigar,2026-04-25,1
1176079c-fcae-4fa3-be13-fd9e723d1e44,MLV1-R07805,MLV1-A0057,hardware,interno,critica,físico,robo,falta de controles de acceso,3,5,mitigar,2026-04-25,1
441593f1-165f-435c-bad6-72bd016e38a9,MLV1-R09136,MLV1-A0906,hardware,interno,media,físico,robo,ausencia de políticas,4,4,mitigar,2026-04-25,1
7cbf8546-ed15-4d00-91c7-7434ad95cdd6,MLV1-R09972,MLV1-A0135,hardware,confidencial,media,físico,malware,falta de capacitación,5,3,mitigar,2026-04-25,1
2f53d8ea-d036-4404-9b68-719211b733af,MLV1-R03950,MLV1-A0059,otros,confidencial,alta,físico,error humano,configuración incorrecta,3,4,mitigar,2026-04-27,1
9a79ee41-53a2-47fb-aa27-726c1a239e5a,MLV1-R05287,MLV1-A0515,redes y comunicaciones,interno,critica,físico,malware,falta de capacitación,4,4,mitigar,2026-04-27,1
24a2e53c-6589-42ae-8eaa-ae07a300cf53,MLV1-R06076,MLV1-A0774,hardware,interno,critica,físico,malware,antivirus desactualizado,4,5,mitigar,2026-04-27,1
1f01a725-0457-4d05-b82a-933a12494693,MLV1-R00769,MLV1-A0015,servicios ti,restringido,alta,digital,pérdida de información,configuración incorrecta,3,5,mitigar,2026-04-28,1
b6270413-4aa1-4552-b523-2f51fa033b1c,MLV1-R01248,MLV1-A0671,otros,publico,media,físico,acceso no autorizado,falta de controles de acceso,4,2,aceptar,2026-04-28,1
441b3e9b-7d93-44ef-b667-fc54f01bd5b7,MLV1-R01787,MLV1-A0721,hardware,confidencial,media,físico,falla eléctrica,equipos obsoletos,2,3,mitigar,2026-04-28,1
aeb20c17-5752-4231-afb8-1f3f30df72b8,MLV1-R02600,MLV1-A0671,otros,publico,media,físico,daño físico,sin mantenimiento,4,2,mitigar,2026-04-28,1
4ae43ced-1360-4202-8832-96053b3f052e,MLV1-R04345,MLV1-A0654,servicios ti,interno,media,digital,error humano,ausencia de políticas,3,3,mitigar,2026-04-28,1
f131c78e-a380-48a1-938a-ef4f93982cda,MLV1-R04859,MLV1-A0998,hardware,publico,alta,físico,error humano,falta de capacitación,4,4,mitigar,2026-04-28,1
2782c414-0ac7-4b9a-a4b9-5e8c3b26fa55,MLV1-R05299,MLV1-A0671,otros,publico,media,físico,daño físico,equipos obsoletos,5,4,mitigar,2026-04-28,1
156e3307-fecb-4b40-86b6-8064ba528ff5,MLV1-R06367,MLV1-A0721,hardware,confidencial,media,físico,malware,antivirus desactualizado,3,4,mitigar,2026-04-28,1
0661d2d5-df5b-4388-a476-3e3e5d00cb54,MLV1-R08258,MLV1-A0671,otros,publico,media,físico,acceso no autorizado,contraseñas débiles,5,3,mitigar,2026-04-28,1
115849bd-bb99-4502-821c-3c8a7f51f6c3,MLV1-R08849,MLV1-A0671,otros,publico,media,físico,error humano,configuración incorrecta,3,3,aceptar,2026-04-28,1
cf8b5916-f5e2-4cf4-a7cf-593e2d2a7234,MLV1-R00847,MLV1-A0402,información,confidencial,alta,digital,pérdida de información,ausencia de respaldos,5,4,mitigar,2026-04-29,1
3364b3c1-c27c-44f8-91d5-1ab1f95ff863,MLV1-R02901,MLV1-A0402,información,confidencial,alta,digital,malware,antivirus desactualizado,4,4,transferir,2026-04-29,1
f85ec00c-519b-453f-9a3c-3114853bd88e,MLV1-R03572,MLV1-A0516,hardware,publico,alta,físico,falla eléctrica,equipos obsoletos,4,5,mitigar,2026-04-29,1
7a04aec2-5ade-4c3f-bec8-ab6cbafaf1bb,MLV1-R01061,MLV1-A0899,hardware,interno,alta,físico,falla eléctrica,equipos obsoletos,2,3,aceptar,2026-04-30,1
ce656cbc-d2f3-465d-b27e-d2c045e93807,MLV1-R02708,MLV1-A0980,hardware,interno,alta,físico,falla eléctrica,equipos obsoletos,4,2,aceptar,2026-04-30,1
6fbc8445-50b2-4864-a323-bb3020ff1551,MLV1-R08460,MLV1-A0111,hardware,confidencial,media,físico,error humano,ausencia de políticas,2,1,mitigar,2026-04-30,1
29950bff-ee53-4958-b1b4-0a0cbb8a6d32,MLV1-R00350,MLV1-A0706,documentación,publico,critica,físico,robo,falta de controles de acceso,2,5,mitigar,2026-05-01,1
c6bc049e-8e34-4cf9-acde-b1333f38aeec,MLV1-R05984,MLV1-A0136,hardware,interno,alta,físico,error humano,configuración incorrecta,3,2,mitigar,2026-05-01,1
d190c902-2792-41d5-b71c-3277286f2557,MLV1-R01855,MLV1-A0410,otros,restringido,alta,físico,error humano,ausencia de políticas,3,4,transferir,2026-05-02,1
5f5dd24b-5a7b-4bed-9b5e-9644366de9fe,MLV1-R06598,MLV1-A0250,documentación,interno,critica,digital,daño físico,almacenamiento inadecuado,4,4,mitigar,2026-05-02,1
d3ec39c9-0612-4f53-bdde-129fce2b0a64,MLV1-R07087,MLV1-A0175,software,interno,critica,digital,acceso no autorizado,falta de controles de acceso,4,4,mitigar,2026-05-02,1
22b9750b-7cf8-4922-9011-de0782ed3401,MLV1-R08744,MLV1-A0035,información,confidencial,critica,digital,divulgación de información,falta de controles de acceso,3,5,evitar,2026-05-02,1
380ae5af-d008-4160-9245-38a1dab3e5ca,MLV1-R01170,MLV1-A0574,otros,interno,alta,físico,pérdida de información,configuración incorrecta,3,4,mitigar,2026-05-03,1
c0890402-20cd-4e0a-abc4-8493d2fa6f36,MLV1-R02428,MLV1-A0949,documentación,confidencial,media,digital,pérdida de información,configuración incorrecta,3,3,mitigar,2026-05-03,1
4f8f35d7-45e2-4471-90d1-b8cdf4735764,MLV1-R05020,MLV1-A0741,software,interno,baja,digital,interrupción del servicio,configuración incorrecta,1,2,mitigar,2026-05-03,1
ce1cc64f-6fa8-4992-a19a-85bd3f7fd032,MLV1-R05409,MLV1-A0949,documentación,confidencial,media,digital,error humano,falta de capacitación,2,2,aceptar,2026-05-03,1
b153c620-91bb-4ca9-bb18-f4bc4693095d,MLV1-R05970,MLV1-A0949,documentación,confidencial,media,digital,pérdida de información,almacenamiento inadecuado,3,3,transferir,2026-05-03,1
c70df62e-4ce9-45da-ae7b-7de67ffb20e1,MLV1-R06003,MLV1-A0674,servicios ti,interno,media,digital,pérdida de información,ausencia de respaldos,2,3,aceptar,2026-05-03,1
0970f39d-e29c-40f0-a5cc-c83d8216d6a9,MLV1-R06253,MLV1-A0574,otros,interno,alta,físico,daño físico,equipos obsoletos,3,5,mitigar,2026-05-03,1
904fab44-6a6b-4441-b0d5-7028e6ac7f1c,MLV1-R02028,MLV1-A0519,servicios ti,interno,alta,digital,interrupción del servicio,sin mantenimiento,3,4,transferir,2026-05-04,1
0b93a125-8dc3-46ba-9298-7452df7392ff,MLV1-R02115,MLV1-A0519,servicios ti,interno,alta,digital,ransomware,antivirus desactualizado,4,5,transferir,2026-05-04,1
012992fa-1cf4-456f-9243-b633e138e635,MLV1-R06820,MLV1-A0114,hardware,interno,alta,físico,malware,antivirus desactualizado,4,5,mitigar,2026-05-04,1
62ba9d26-c696-4740-a948-2b4abe35c075,MLV1-R04930,MLV1-A0783,hardware,interno,media,físico,falla eléctrica,equipos obsoletos,5,3,evitar,2026-05-05,1
6245f193-2246-4db4-af6a-a8b260983f67,MLV1-R03764,MLV1-A0852,hardware,interno,critica,físico,daño físico,equipos obsoletos,5,4,mitigar,2026-05-06,1
edca3c42-7f5a-4bb1-8eb0-83a131e816fc,MLV1-R04205,MLV1-A0288,software,publico,alta,digital,malware,antivirus desactualizado,4,3,mitigar,2026-05-06,1
99708e00-1e5a-49ce-b4d4-cad6ecbc4e05,MLV1-R05175,MLV1-A0866,hardware,confidencial,alta,físico,acceso no autorizado,falta de controles de acceso,4,4,mitigar,2026-05-06,1
59d8ae67-a005-423f-84a7-bc9ecf44d9cf,MLV1-R09479,MLV1-A0866,hardware,confidencial,alta,físico,daño físico,equipos obsoletos,5,5,mitigar,2026-05-06,1
c7add9a6-2113-4612-be42-0910fc411c59,MLV1-R09482,MLV1-A0866,hardware,confidencial,alta,físico,acceso no autorizado,contraseñas débiles,5,2,aceptar,2026-05-06,1
f16840dd-1119-4073-beae-ddd8ff317ec0,MLV1-R02541,MLV1-A0499,información,interno,baja,digital,error humano,ausencia de políticas,4,2,mitigar,2026-05-07,1
2452540a-b4ec-4c59-b566-b5a1a5c0aa30,MLV1-R07338,MLV1-A0726,redes y comunicaciones,interno,alta,físico,acceso no autorizado,ausencia de políticas,2,3,mitigar,2026-05-07,1
46965d71-6b3a-4811-b339-e11653d279af,MLV1-R08597,MLV1-A0726,redes y comunicaciones,interno,alta,físico,error humano,falta de capacitación,3,3,mitigar,2026-05-07,1
f496ae70-9a5f-411a-8fcf-9fd7e1220d0b,MLV1-R07350,MLV1-A0480,software,interno,critica,digital,error humano,ausencia de políticas,2,5,mitigar,2026-05-09,1
fbf83176-691b-4693-8518-a448a96aefe3,MLV1-R08898,MLV1-A0229,documentación,confidencial,alta,digital,daño físico,almacenamiento inadecuado,4,3,mitigar,2026-05-10,1
186071d8-16b3-4f26-b40c-983791f7006e,MLV1-R00555,MLV1-A0754,redes y comunicaciones,interno,media,físico,falla eléctrica,sin mantenimiento,3,3,mitigar,2026-05-11,1
fe98f326-7958-419b-b19a-b9c11087276f,MLV1-R00736,MLV1-A0942,información,restringido,media,digital,ransomware,antivirus desactualizado,4,2,aceptar,2026-05-11,1
ff9443d3-cc7d-4270-aa6f-f3bc053f70be,MLV1-R03927,MLV1-A0018,redes y comunicaciones,confidencial,alta,físico,interrupción del servicio,sin mantenimiento,3,4,mitigar,2026-05-11,1
6be112af-85e8-430c-916f-9d55806cbda7,MLV1-R04276,MLV1-A0403,hardware,confidencial,baja,físico,error humano,falta de capacitación,4,2,transferir,2026-05-11,1
76291c4b-f35d-4ecb-b493-4ca0723978cf,MLV1-R04549,MLV1-A0181,hardware,interno,media,físico,error humano,falta de capacitación,4,5,mitigar,2026-05-11,1
f043ff9d-3f79-41fd-91b0-92cdaf0cfcd7,MLV1-R04732,MLV1-A0779,documentación,restringido,critica,digital,divulgación de información,falta de controles de acceso,5,5,mitigar,2026-05-11,1
4e209ec2-952f-4be4-9b89-3f7c0a80607c,MLV1-R02157,MLV1-A0310,hardware,confidencial,alta,físico,acceso no autorizado,contraseñas débiles,5,5,mitigar,2026-05-12,1
11c76b59-30e1-404b-bd96-8b4f7a0b7ed2,MLV1-R08965,MLV1-A0112,hardware,interno,alta,físico,error humano,configuración incorrecta,3,4,mitigar,2026-05-12,1
2f798f4b-495b-4416-8969-979e4f6e337c,MLV1-R04295,MLV1-A0053,información,interno,critica,digital,acceso no autorizado,contraseñas débiles,5,4,mitigar,2026-05-13,1
4f7ca6d7-afac-471a-aa01-4944104ff5d4,MLV1-R06107,MLV1-A0873,servicios ti,confidencial,critica,digital,acceso no autorizado,contraseñas débiles,5,5,mitigar,2026-05-13,1
36050014-7aa7-4ed9-b32c-6f56fc6db1f2,MLV1-R00274,MLV1-A0072,hardware,interno,baja,físico,daño físico,sin mantenimiento,2,2,aceptar,2026-05-14,1
13885dd3-4e94-401d-b95e-e7cf9a1a1d83,MLV1-R01691,MLV1-A0072,hardware,interno,baja,físico,error humano,ausencia de políticas,2,3,mitigar,2026-05-14,1
83c43e63-8c53-40cc-a7c2-00b23f5ae06c,MLV1-R03410,MLV1-A0314,otros,confidencial,critica,físico,interrupción del servicio,sin mantenimiento,4,4,mitigar,2026-05-14,1
de7aefa6-bb27-4a23-b50f-1c683f93b162,MLV1-R06127,MLV1-A0072,hardware,interno,baja,físico,incendio,almacenamiento inadecuado,4,3,mitigar,2026-05-14,1
d12236f1-1b7c-4bc9-a101-2b6a8154f922,MLV1-R07012,MLV1-A0924,hardware,interno,critica,físico,error humano,falta de capacitación,4,5,mitigar,2026-05-14,1
1d0c26d4-8609-43d0-8153-8041e66adcc7,MLV1-R07025,MLV1-A0072,hardware,interno,baja,físico,error humano,falta de capacitación,3,2,aceptar,2026-05-14,1
89b600c1-b9e0-4219-b51f-930fb6729d73,MLV1-R00406,MLV1-A0061,redes y comunicaciones,confidencial,alta,físico,error humano,ausencia de políticas,3,4,mitigar,2026-05-15,1
1bd2cc82-9f37-4314-9160-396d6d8e4a97,MLV1-R06170,MLV1-A0907,software,interno,alta,digital,malware,antivirus desactualizado,3,4,mitigar,2026-05-15,1
10d3eed0-c52c-45c9-a49f-aada8336d95c,MLV1-R06375,MLV1-A0151,otros,confidencial,media,físico,error humano,falta de capacitación,3,4,transferir,2026-05-15,1
2217e73e-5fcb-4c14-baa5-132b5451a675,MLV1-R08980,MLV1-A0020,hardware,confidencial,critica,físico,falla eléctrica,equipos obsoletos,3,5,transferir,2026-05-15,1
08c06f2b-6de3-401c-8bf1-ec5a39f7a4a6,MLV1-R09898,MLV1-A0106,software,confidencial,critica,digital,interrupción del servicio,sin mantenimiento,3,4,mitigar,2026-05-15,1
cbc86d8a-2749-4e86-ac4c-a0a0073aea85,MLV1-R01831,MLV1-A0988,redes y comunicaciones,interno,media,físico,malware,antivirus desactualizado,4,3,mitigar,2026-05-16,1
cb41e564-eba1-472e-878b-2d40690ab502,MLV1-R01978,MLV1-A0966,servicios ti,restringido,critica,digital,acceso no autorizado,falta de controles de acceso,4,5,mitigar,2026-05-16,1
e932ecf7-6246-4d6f-b561-d62065b5dd77,MLV1-R04108,MLV1-A0216,redes y comunicaciones,interno,critica,físico,falla eléctrica,equipos obsoletos,2,5,aceptar,2026-05-16,1
751e76f9-f9bf-4754-9205-7852c5c27b74,MLV1-R06567,MLV1-A0321,información,interno,alta,digital,malware,antivirus desactualizado,5,4,mitigar,2026-05-16,1
a0a4f522-77f4-4956-9247-dbeab5c21bda,MLV1-R07684,MLV1-A0057,hardware,interno,critica,físico,error humano,configuración incorrecta,3,5,mitigar,2026-05-16,1
054db627-6efe-46bc-b2ab-bd0ed8e75044,MLV1-R01056,MLV1-A0077,hardware,interno,critica,físico,daño físico,almacenamiento inadecuado,4,4,mitigar,2026-05-17,1
2b05d204-cd6d-46ba-9653-a66193fe0e23,MLV1-R01763,MLV1-A0778,redes y comunicaciones,interno,media,físico,error humano,falta de capacitación,3,4,transferir,2026-05-17,1
29a11ad6-e999-4252-b917-202d865735bb,MLV1-R02884,MLV1-A0593,servicios ti,interno,media,digital,error humano,configuración incorrecta,5,1,mitigar,2026-05-17,1
f3591758-5980-4e9c-bbe7-dd2de9750656,MLV1-R03483,MLV1-A0593,servicios ti,interno,media,digital,malware,antivirus desactualizado,2,3,aceptar,2026-05-17,1
74ab6ed8-b8c1-4ff5-ada0-e4fd7b43029e,MLV1-R05616,MLV1-A0136,hardware,interno,alta,físico,daño físico,sin mantenimiento,3,4,mitigar,2026-05-17,1
8349bf77-9032-4a71-850e-29a5af833f89,MLV1-R09268,MLV1-A0077,hardware,interno,critica,físico,malware,falta de capacitación,5,5,mitigar,2026-05-17,1
be1b195d-f284-4a93-94e2-3b697e33d27d,MLV1-R00196,MLV1-A0814,redes y comunicaciones,interno,critica,físico,falla eléctrica,sin mantenimiento,3,4,transferir,2026-05-18,1
f037d95a-9d9a-4c0f-8e78-c39c73ecaa53,MLV1-R02765,MLV1-A0093,software,interno,alta,digital,malware,antivirus desactualizado,4,4,mitigar,2026-05-18,1
81a22a41-0ea6-4c7d-8d74-e4db1dd0bb5b,MLV1-R03353,MLV1-A0814,redes y comunicaciones,interno,critica,físico,falla eléctrica,equipos obsoletos,4,4,mitigar,2026-05-18,1
e85e9afc-bb08-4bc7-930a-ea68f81311e6,MLV1-R04042,MLV1-A0519,servicios ti,interno,alta,digital,acceso no autorizado,falta de controles de acceso,4,5,mitigar,2026-05-18,1
2188b382-8691-4e94-a2c3-a01392d018b0,MLV1-R04379,MLV1-A0178,redes y comunicaciones,restringido,alta,físico,malware,configuración incorrecta,3,4,mitigar,2026-05-18,1
e9cff4ad-bd67-478c-a225-99e1bc451294,MLV1-R05261,MLV1-A0093,software,interno,alta,digital,malware,antivirus desactualizado,4,4,transferir,2026-05-18,1
a60303a7-1ade-4e54-970e-3ca8aa6c019b,MLV1-R05424,MLV1-A0071,hardware,interno,media,físico,acceso no autorizado,contraseñas débiles,4,4,transferir,2026-05-18,1
7c5f7e73-74e8-40f5-beb4-90fb828b313d,MLV1-R06336,MLV1-A0178,redes y comunicaciones,restringido,alta,físico,error humano,configuración incorrecta,4,5,mitigar,2026-05-18,1
89a14420-f8ab-4f00-aea8-df1a9de40e5e,MLV1-R06788,MLV1-A0093,software,interno,alta,digital,ransomware,antivirus desactualizado,3,4,mitigar,2026-05-18,1
a2752dcc-6b1d-4004-a446-ad397fd6ade8,MLV1-R09582,MLV1-A0178,redes y comunicaciones,restringido,alta,físico,acceso no autorizado,falta de controles de acceso,4,4,mitigar,2026-05-18,1
f5cca950-7a67-4d6f-8447-20ed7e0e4e63,MLV1-R01615,MLV1-A0580,servicios ti,publico,critica,digital,error humano,falta de capacitación,2,5,mitigar,2026-05-19,1
3aac8419-f775-493b-928e-c5abca88eaa7,MLV1-R02617,MLV1-A0060,redes y comunicaciones,confidencial,alta,físico,malware,falta de capacitación,5,4,mitigar,2026-05-19,1
3916b7ae-17b3-452a-8cf4-07e7787d3db5,MLV1-R03232,MLV1-A0060,redes y comunicaciones,confidencial,alta,físico,error humano,falta de capacitación,3,5,mitigar,2026-05-19,1
91636ea0-2ef4-43da-9d14-de48b2190dce,MLV1-R03302,MLV1-A0150,hardware,interno,critica,físico,falla eléctrica,equipos obsoletos,3,4,mitigar,2026-05-19,1
ed019aa0-3097-46b0-9256-dd2cfa40158d,MLV1-R03671,MLV1-A0150,hardware,interno,critica,físico,daño físico,sin mantenimiento,5,4,mitigar,2026-05-19,1
1a26bf41-c8f1-4e33-ac35-a8a686a0df11,MLV1-R04778,MLV1-A0469,información,confidencial,media,digital,pérdida de información,almacenamiento inadecuado,4,3,mitigar,2026-05-19,1
7e9adf48-a894-4a88-8672-8db5aedd6959,MLV1-R05955,MLV1-A0989,hardware,interno,alta,físico,daño físico,sin mantenimiento,5,4,evitar,2026-05-19,1
0d6f4f67-4def-4598-8fd1-bc91bb14d635,MLV1-R09218,MLV1-A0060,redes y comunicaciones,confidencial,alta,físico,acceso no autorizado,falta de controles de acceso,5,4,mitigar,2026-05-19,1
ef2e0db3-8f1a-4401-981c-0bba51a370d3,MLV1-R04279,MLV1-A0966,servicios ti,restringido,critica,digital,malware,antivirus desactualizado,5,3,mitigar,2026-05-20,1
9e8617f3-8433-4b5c-9b38-e7df58cc4c1f,MLV1-R04551,MLV1-A0855,otros,interno,critica,físico,pérdida de información,almacenamiento inadecuado,3,4,mitigar,2026-05-20,1
bf4ac19a-d12d-4f9c-ae69-84dae0a11c5e,MLV1-R07768,MLV1-A0397,software,publico,alta,digital,malware,antivirus desactualizado,4,5,transferir,2026-05-20,1
32e80016-e36b-4ef0-93cd-bcb2c89bd7b5,MLV1-R00339,MLV1-A0908,servicios ti,confidencial,media,digital,malware,configuración incorrecta,2,3,mitigar,2026-05-21,1
f82b5aa3-10c2-4f37-bb1f-37d2e93abb75,MLV1-R07076,MLV1-A0908,servicios ti,confidencial,media,digital,acceso no autorizado,contraseñas débiles,5,3,mitigar,2026-05-21,1
de85728f-9d61-4e3a-b8ed-168158171c75,MLV1-R08809,MLV1-A0867,hardware,interno,media,físico,error humano,falta de capacitación,3,4,mitigar,2026-05-21,1
23df2cf0-f804-4518-894c-b2373dd2b90d,MLV1-R01274,MLV1-A0398,servicios ti,interno,media,digital,ransomware,ausencia de respaldos,4,3,mitigar,2026-05-22,1
0de07585-9ae1-402b-92a0-ae962d7278ce,MLV1-R02033,MLV1-A0024,software,publico,alta,digital,interrupción del servicio,configuración incorrecta,2,4,mitigar,2026-05-22,1
bc7f1ff9-2133-424c-9049-7dcb5713694d,MLV1-R05482,MLV1-A0086,software,interno,alta,digital,malware,antivirus desactualizado,4,4,mitigar,2026-05-22,1
bfbc7667-98fa-4b79-aa44-0a1c92f97f76,MLV1-R08294,MLV1-A0352,software,publico,alta,digital,pérdida de información,ausencia de respaldos,4,4,mitigar,2026-05-22,1
296add95-2f1b-4eb2-8c0e-a0aa747acfc3,MLV1-R07165,MLV1-A0790,redes y comunicaciones,interno,media,físico,falla eléctrica,sin mantenimiento,3,3,transferir,2026-05-23,1
1f9d675f-d79c-4a52-a926-03612f436dc7,MLV1-R00600,MLV1-A0025,redes y comunicaciones,interno,media,físico,error humano,falta de capacitación,3,3,mitigar,2026-05-24,1
19b04cc4-4236-4de5-be1e-61d944d11632,MLV1-R04918,MLV1-A0279,documentación,interno,media,digital,divulgación de información,contraseñas débiles,4,4,mitigar,2026-05-24,1
a227191d-c384-41f1-b556-ba33ff5b6ea0,MLV1-R06677,MLV1-A0279,documentación,interno,media,digital,daño físico,sin mantenimiento,2,3,aceptar,2026-05-24,1
66d06a16-d9ec-402c-9978-e83f27ca012f,MLV1-R08061,MLV1-A0025,redes y comunicaciones,interno,media,físico,error humano,configuración incorrecta,2,3,mitigar,2026-05-24,1
e823cc21-d608-4a05-bd29-6bb64d4eb35c,MLV1-R07132,MLV1-A0308,hardware,confidencial,baja,físico,daño físico,sin mantenimiento,3,2,aceptar,2026-05-25,1
95f772c9-859b-4621-855f-ecea9aae05a0,MLV1-R06288,MLV1-A0196,servicios ti,confidencial,media,digital,error humano,falta de capacitación,1,4,aceptar,2026-05-26,1
853ba072-74bd-42fd-9c42-b98e721769af,MLV1-R08756,MLV1-A0909,documentación,interno,media,digital,daño físico,equipos obsoletos,4,3,transferir,2026-05-26,1
e52a8740-8e2a-44bf-a5ad-5af110ba6ce8,MLV1-R00228,MLV1-A0456,información,confidencial,media,digital,divulgación de información,contraseñas débiles,5,2,aceptar,2026-05-27,1
d40fa0cf-f7af-425e-9f08-d41aff886ad9,MLV1-R01534,MLV1-A0646,software,restringido,critica,digital,acceso no autorizado,contraseñas débiles,3,3,aceptar,2026-05-27,1
070e7154-208b-4239-8576-7a298b5e035e,MLV1-R02828,MLV1-A0608,software,interno,critica,digital,error humano,falta de capacitación,2,5,mitigar,2026-05-27,1
1316453c-b907-486f-9eba-ee7211d39919,MLV1-R02896,MLV1-A0646,software,restringido,critica,digital,pérdida de información,configuración incorrecta,5,4,mitigar,2026-05-27,1
56fc5597-e19f-48b4-bcfe-8e68e0fecc9d,MLV1-R03012,MLV1-A0646,software,restringido,critica,digital,malware,antivirus desactualizado,4,5,transferir,2026-05-27,1
69e0e0f6-5d1f-4762-80d4-e660d7f3e34c,MLV1-R03052,MLV1-A0646,software,restringido,critica,digital,ransomware,configuración incorrecta,4,4,mitigar,2026-05-27,1
c7de7872-a4df-479d-a296-3e39f088810b,MLV1-R04037,MLV1-A0813,hardware,interno,media,físico,daño físico,almacenamiento inadecuado,2,4,mitigar,2026-05-27,1
e024bf76-c536-4929-a06d-00209081c9a3,MLV1-R04110,MLV1-A0646,software,restringido,critica,digital,ransomware,antivirus desactualizado,5,5,mitigar,2026-05-27,1
e3002ff9-152c-4a46-aba6-1a263faf3825,MLV1-R04673,MLV1-A0646,software,restringido,critica,digital,acceso no autorizado,falta de controles de acceso,5,4,mitigar,2026-05-27,1
9ae46400-099a-42b0-a960-a5637addeac9,MLV1-R04675,MLV1-A0171,información,interno,alta,digital,pérdida de información,configuración incorrecta,4,5,mitigar,2026-05-27,1
6617d0fb-a7e8-46e0-be08-e3658c19c3cf,MLV1-R04693,MLV1-A0272,servicios ti,interno,alta,digital,interrupción del servicio,configuración incorrecta,5,2,mitigar,2026-05-27,1
1802837f-0095-463f-bdf5-7973d2d9e5f9,MLV1-R06973,MLV1-A0813,hardware,interno,media,físico,robo,falta de controles de acceso,3,4,evitar,2026-05-27,1
058f6548-4675-4520-9492-9507e9c9c1db,MLV1-R07329,MLV1-A0369,hardware,interno,media,físico,malware,antivirus desactualizado,4,3,transferir,2026-05-27,1
d2a63aec-8d08-44e3-9a1d-c120f0ad2e0f,MLV1-R07556,MLV1-A0813,hardware,interno,media,físico,inundación,almacenamiento inadecuado,4,3,mitigar,2026-05-27,1
2707b62b-9d41-4080-aec0-3d17a27a58ae,MLV1-R07880,MLV1-A0202,información,interno,media,digital,ransomware,ausencia de respaldos,5,3,transferir,2026-05-27,1
01879fa3-0d1b-4230-97fd-f6ab705ec812,MLV1-R08422,MLV1-A0291,hardware,confidencial,media,físico,malware,antivirus desactualizado,3,2,mitigar,2026-05-27,1
02c8bd1f-a60d-4db5-a8c9-1c09cdfc29cc,MLV1-R02925,MLV1-A0306,redes y comunicaciones,interno,baja,físico,malware,antivirus desactualizado,3,2,mitigar,2026-05-28,1
44fc4657-d9c1-484d-bde2-bfe9e1225404,MLV1-R03957,MLV1-A0295,otros,interno,media,físico,pérdida de información,almacenamiento inadecuado,2,4,aceptar,2026-05-28,1
a7fe13b1-edf1-4d4e-95d7-72717ef2e7ac,MLV1-R00562,MLV1-A0223,hardware,restringido,media,físico,falla eléctrica,equipos obsoletos,2,3,aceptar,2026-05-29,1
ed6c8f01-a101-49a8-ba50-34b67c56ca2d,MLV1-R08920,MLV1-A0223,hardware,restringido,media,físico,robo,falta de controles de acceso,3,2,mitigar,2026-05-29,1
b74265ee-829b-41a4-8639-3684397e744b,MLV1-R05525,MLV1-A0449,servicios ti,interno,critica,digital,interrupción del servicio,sin mantenimiento,3,5,mitigar,2026-05-30,1
943b2191-e508-4044-91e6-a9bb0bc27cc3,MLV1-R09102,MLV1-A0495,servicios ti,interno,media,digital,acceso no autorizado,contraseñas débiles,3,4,mitigar,2026-05-30,1
393eb570-752f-4b34-9601-fd31bd08f052,MLV1-R02665,MLV1-A0981,servicios ti,interno,critica,digital,interrupción del servicio,configuración incorrecta,3,5,mitigar,2026-06-01,1
cc6394c6-80e1-44c0-9d69-b6758d156299,MLV1-R00061,MLV1-A0115,servicios ti,confidencial,alta,digital,acceso no autorizado,ausencia de políticas,4,3,mitigar,2026-06-02,1
f953fbc5-c4a5-4446-9188-77bfb218ed11,MLV1-R02239,MLV1-A0478,software,interno,alta,digital,malware,configuración incorrecta,4,4,transferir,2026-06-02,1
5afffe0d-6ede-4418-a82c-507d6976412d,MLV1-R03135,MLV1-A0478,software,interno,alta,digital,malware,configuración incorrecta,4,4,mitigar,2026-06-02,1
1ab4e4d5-29e3-4607-b529-e670bdd6a6b8,MLV1-R01385,MLV1-A0061,redes y comunicaciones,confidencial,alta,físico,interrupción del servicio,configuración incorrecta,4,4,transferir,2026-06-03,1
b7ec64b8-8a24-4c3b-9373-f16afd5a7406,MLV1-R06371,MLV1-A0002,hardware,interno,media,físico,daño físico,sin mantenimiento,5,3,transferir,2026-06-03,1
e749c97d-cde2-490f-ba7d-14ee73d3dfc8,MLV1-R00195,MLV1-A0596,servicios ti,confidencial,alta,digital,interrupción del servicio,sin mantenimiento,5,4,transferir,2026-06-04,1
a257e6d9-7a6b-4fc8-b473-dc31b5b06c0c,MLV1-R05473,MLV1-A0596,servicios ti,confidencial,alta,digital,ransomware,ausencia de respaldos,3,5,mitigar,2026-06-04,1
8b848631-bc9d-4572-83bb-b82fb5bcae79,MLV1-R06713,MLV1-A0596,servicios ti,confidencial,alta,digital,interrupción del servicio,configuración incorrecta,3,3,aceptar,2026-06-04,1
57923932-a7d9-46bd-a2e1-dc88841fdfe7,MLV1-R08388,MLV1-A0496,documentación,confidencial,alta,físico,incendio,ausencia de políticas,3,4,mitigar,2026-06-04,1
4e12f0d7-152d-497c-a745-2ef4db8378a4,MLV1-R09293,MLV1-A0596,servicios ti,confidencial,alta,digital,error humano,falta de capacitación,3,2,aceptar,2026-06-04,1
1f690e3d-4601-4936-86f0-5a09015bf393,MLV1-R09607,MLV1-A0596,servicios ti,confidencial,alta,digital,interrupción del servicio,equipos obsoletos,3,4,mitigar,2026-06-04,1
f12fac2a-5971-4fc1-b34e-8a6c7d75b0fe,MLV1-R00458,MLV1-A0286,servicios ti,interno,media,digital,malware,falta de capacitación,3,4,mitigar,2026-06-05,1
a6d20b47-1ddc-47ea-a86f-c5025b7fe9fd,MLV1-R02441,MLV1-A0547,redes y comunicaciones,confidencial,alta,físico,acceso no autorizado,contraseñas débiles,4,5,mitigar,2026-06-05,1
8f0e6c93-49e4-4db6-804c-b79b50524714,MLV1-R02777,MLV1-A0476,hardware,interno,baja,físico,daño físico,almacenamiento inadecuado,5,1,aceptar,2026-06-05,1
ec9283bc-70e3-409e-aeb2-904a2e27705a,MLV1-R02885,MLV1-A0476,hardware,interno,baja,físico,daño físico,sin mantenimiento,3,2,aceptar,2026-06-05,1
a2926c73-6eee-4db6-9b65-858237c6e209,MLV1-R03519,MLV1-A0305,información,interno,baja,digital,divulgación de información,falta de controles de acceso,5,2,aceptar,2026-06-05,1
e54aea64-af3e-4f2d-a000-a93506a75de9,MLV1-R03946,MLV1-A0545,hardware,publico,media,físico,acceso no autorizado,contraseñas débiles,4,2,aceptar,2026-06-05,1
330d6310-2c36-47d5-bf28-48092383750a,MLV1-R04171,MLV1-A0596,servicios ti,confidencial,alta,digital,interrupción del servicio,equipos obsoletos,3,5,mitigar,2026-06-05,1
7c068b7c-b59c-4d24-aa5e-eeb8fdf00706,MLV1-R09093,MLV1-A0841,hardware,interno,media,físico,error humano,falta de capacitación,2,4,mitigar,2026-06-05,1
fe915f60-91c2-4c35-ae9a-2677bb2b17ec,MLV1-R09420,MLV1-A0963,servicios ti,confidencial,critica,digital,interrupción del servicio,equipos obsoletos,3,4,mitigar,2026-06-05,1
ef00cf6e-630c-4992-b69c-24e186f2e698,MLV1-R09900,MLV1-A0841,hardware,interno,media,físico,robo,falta de controles de acceso,5,3,mitigar,2026-06-05,1
012f9110-d6b4-46e9-9c86-f767ddbddbe8,MLV1-R03608,MLV1-A0274,otros,interno,alta,físico,robo,falta de controles de acceso,4,4,mitigar,2026-06-06,1
671b0017-843e-47b9-81a0-81393c259994,MLV1-R05749,MLV1-A0274,otros,interno,alta,físico,daño físico,sin mantenimiento,3,5,mitigar,2026-06-06,1
01b92ff1-88bb-47b1-b6af-ccf92fece271,MLV1-R06009,MLV1-A0471,información,interno,media,digital,acceso no autorizado,contraseñas débiles,3,4,mitigar,2026-06-06,1
9394fec0-0728-460a-926b-8c98e6b920d9,MLV1-R06032,MLV1-A0274,otros,interno,alta,físico,interrupción del servicio,equipos obsoletos,3,5,mitigar,2026-06-06,1
28588238-7069-4cca-bd5a-71cb8f4c2077,MLV1-R06907,MLV1-A0175,software,interno,critica,digital,interrupción del servicio,equipos obsoletos,3,4,mitigar,2026-06-06,1
7ee72142-75c2-4746-b266-e5819d254ba0,MLV1-R09296,MLV1-A0274,otros,interno,alta,físico,acceso no autorizado,ausencia de políticas,3,5,mitigar,2026-06-06,1
86f06717-cf5a-49d5-8dfe-916d84cf38e9,MLV1-R00383,MLV1-A0222,documentación,interno,alta,físico,robo,ausencia de políticas,3,3,aceptar,2026-06-07,1
3f16a395-f71e-47e8-a668-4c4750f013f4,MLV1-R01934,MLV1-A0541,redes y comunicaciones,interno,critica,físico,interrupción del servicio,equipos obsoletos,3,4,mitigar,2026-06-07,1
4a83ccca-b62d-4a89-95b0-e6dd24ee44b6,MLV1-R02768,MLV1-A0670,hardware,confidencial,media,físico,acceso no autorizado,falta de controles de acceso,5,4,mitigar,2026-06-07,1
0a33a30e-a366-4b9b-a902-30c04bb729d3,MLV1-R03188,MLV1-A0906,hardware,interno,media,físico,malware,antivirus desactualizado,4,4,transferir,2026-06-07,1
66841cb4-990c-4e67-a4e4-de9de36f6090,MLV1-R04585,MLV1-A0190,hardware,interno,baja,físico,malware,configuración incorrecta,2,4,aceptar,2026-06-07,1
12b4b485-eb4c-4d46-97b2-b86138de4063,MLV1-R05223,MLV1-A0190,hardware,interno,baja,físico,daño físico,sin mantenimiento,1,2,aceptar,2026-06-07,1
34373c41-2f3f-4b6f-af61-17e091120389,MLV1-R06801,MLV1-A0172,software,interno,alta,digital,ransomware,falta de capacitación,4,4,mitigar,2026-06-07,1
7c883dec-ef5d-42fa-b62f-50ce6269a473,MLV1-R07649,MLV1-A0190,hardware,interno,baja,físico,daño físico,sin mantenimiento,4,4,mitigar,2026-06-07,1
06f5e6d3-29a1-4ca2-9220-c57d7a2d4929,MLV1-R00191,MLV1-A0870,servicios ti,interno,alta,digital,interrupción del servicio,sin mantenimiento,4,4,mitigar,2026-06-08,1
546c8613-f62f-473f-8e17-c8928ed0b990,MLV1-R00515,MLV1-A0495,servicios ti,interno,media,digital,pérdida de información,ausencia de respaldos,4,3,mitigar,2026-06-08,1
ef706b05-f2a1-4708-8bb8-04b397a70842,MLV1-R02196,MLV1-A0653,redes y comunicaciones,interno,alta,físico,interrupción del servicio,equipos obsoletos,4,4,mitigar,2026-06-08,1
fe9ea1cc-8a05-447c-986a-9f26d3ee5c2b,MLV1-R03270,MLV1-A0653,redes y comunicaciones,interno,alta,físico,acceso no autorizado,ausencia de políticas,4,3,transferir,2026-06-08,1
8c46402e-2d86-4fa7-a3dd-44b374b67fa4,MLV1-R08588,MLV1-A0653,redes y comunicaciones,interno,alta,físico,malware,falta de capacitación,4,3,mitigar,2026-06-08,1
71e9660a-522b-4503-8607-914f07da5a4c,MLV1-R03578,MLV1-A0421,información,interno,alta,digital,malware,configuración incorrecta,2,4,mitigar,2026-06-09,1
9eaff31b-0d9d-4edf-bd32-997b964940d9,MLV1-R03933,MLV1-A0093,software,interno,alta,digital,error humano,configuración incorrecta,4,4,mitigar,2026-06-09,1
f1d2e59b-abe7-4b59-9af6-c4a4d8dff2c3,MLV1-R09331,MLV1-A0141,redes y comunicaciones,interno,critica,físico,acceso no autorizado,contraseñas débiles,5,5,mitigar,2026-06-09,1
755dbb6e-1927-41af-88f1-4429016b8fd2,MLV1-R09679,MLV1-A0611,servicios ti,interno,critica,digital,ransomware,ausencia de respaldos,3,4,mitigar,2026-06-09,1
5e41cc5c-5493-44a0-9678-37c62494cb7c,MLV1-R09790,MLV1-A0521,documentación,interno,alta,físico,pérdida de información,configuración incorrecta,5,4,mitigar,2026-06-09,1
436b30e8-d943-4465-b4a4-06e42df4f529,MLV1-R02444,MLV1-A0786,información,interno,alta,digital,pérdida de información,ausencia de respaldos,4,2,mitigar,2026-06-10,1
8e25319c-e56e-4bf3-88f3-cf555e5b7dde,MLV1-R05502,MLV1-A0764,servicios ti,interno,baja,digital,interrupción del servicio,sin mantenimiento,3,3,mitigar,2026-06-10,1
21d1dd04-6048-49c3-a15c-19cdafcb2fe2,MLV1-R05786,MLV1-A0759,información,interno,media,digital,pérdida de información,configuración incorrecta,2,4,aceptar,2026-06-10,1
dd5dda3d-8ef2-4c03-a8f7-022999ca6b1d,MLV1-R06585,MLV1-A0183,redes y comunicaciones,interno,alta,físico,error humano,ausencia de políticas,4,4,mitigar,2026-06-11,1
3bcf7bf7-ad82-497e-995a-fffd18caafcb,MLV1-R07921,MLV1-A0763,redes y comunicaciones,interno,alta,físico,acceso no autorizado,falta de controles de acceso,4,5,mitigar,2026-06-11,1
b81ea7cd-d8e1-4938-ae2d-b7f33dc9240a,MLV1-R09095,MLV1-A0025,redes y comunicaciones,interno,media,físico,acceso no autorizado,falta de controles de acceso,3,3,transferir,2026-06-12,1
671faa16-221e-4da6-9a6c-ddc054f3134b,MLV1-R09844,MLV1-A0723,servicios ti,interno,media,digital,ransomware,configuración incorrecta,1,2,aceptar,2026-06-12,1
4b5f69b7-8085-4260-b910-0591368e79a4,MLV1-R03108,MLV1-A0826,otros,publico,media,físico,robo,ausencia de políticas,4,1,aceptar,2026-06-14,1
99d0bd48-255f-423d-a637-13707570e072,MLV1-R03680,MLV1-A0196,servicios ti,confidencial,media,digital,error humano,falta de capacitación,2,3,mitigar,2026-06-14,1
822529e4-88e9-460c-9cdc-c5d5c7d2548f,MLV1-R08390,MLV1-A0222,documentación,interno,alta,físico,error humano,ausencia de políticas,5,4,mitigar,2026-06-15,1
66ae431b-bd2e-443c-a5b7-6990ba643b3c,MLV1-R01293,MLV1-A0709,hardware,restringido,critica,físico,daño físico,sin mantenimiento,5,5,mitigar,2026-06-16,1
7f113b05-39ab-4443-be3f-71d181816176,MLV1-R03141,MLV1-A0638,información,interno,critica,digital,acceso no autorizado,contraseñas débiles,5,4,mitigar,2026-06-16,1
0f88fc0d-40e7-44bc-92d2-f0d28ce51885,MLV1-R03588,MLV1-A0005,servicios ti,interno,baja,digital,ransomware,ausencia de respaldos,4,1,mitigar,2026-06-16,1
24a51803-4f7d-4dee-9a7d-a4b916efdc92,MLV1-R06062,MLV1-A0600,software,confidencial,media,digital,acceso no autorizado,falta de controles de acceso,5,3,mitigar,2026-06-16,1
38fcc17a-03e9-4e2d-b621-d905e5f64786,MLV1-R02484,MLV1-A0848,redes y comunicaciones,confidencial,critica,físico,error humano,ausencia de políticas,2,5,mitigar,2026-06-17,1
8fd20b64-f808-4409-adb1-932f17cf5bf0,MLV1-R03013,MLV1-A0340,hardware,interno,baja,físico,falla eléctrica,equipos obsoletos,3,2,aceptar,2026-06-17,1
8959b126-88e1-43fb-8d90-10743ded67d7,MLV1-R03860,MLV1-A0156,información,publico,critica,digital,acceso no autorizado,contraseñas débiles,5,5,mitigar,2026-06-17,1
035bd709-5165-413b-a29d-450977943696,MLV1-R08142,MLV1-A0977,hardware,publico,media,físico,malware,falta de capacitación,4,2,aceptar,2026-06-17,1
0762e9d2-8910-47ae-8c8f-38e7134e0248,MLV1-R01159,MLV1-A0227,documentación,interno,media,digital,divulgación de información,contraseñas débiles,4,3,mitigar,2026-06-18,1
3370d0ff-190c-46a8-9c61-ee9047fad603,MLV1-R04040,MLV1-A0227,documentación,interno,media,digital,error humano,falta de capacitación,4,2,mitigar,2026-06-18,1
1b838a05-ae9f-4b36-b86b-a531b90f0916,MLV1-R04249,MLV1-A0227,documentación,interno,media,digital,inundación,ausencia de políticas,1,2,aceptar,2026-06-18,1
05f02a21-407b-4b65-b81f-4607cb30ace5,MLV1-R06123,MLV1-A0859,servicios ti,confidencial,alta,digital,acceso no autorizado,falta de controles de acceso,4,5,mitigar,2026-06-18,1
54480058-4e60-444d-bd90-ebbeac0bd57c,MLV1-R06937,MLV1-A0859,servicios ti,confidencial,alta,digital,malware,antivirus desactualizado,3,4,evitar,2026-06-18,1
7bdfe2a1-17ba-4588-94b9-350cddcd0c7a,MLV1-R08574,MLV1-A0578,información,interno,alta,digital,error humano,falta de capacitación,2,4,mitigar,2026-06-18,1
8359d2d4-7ea7-4d1b-8424-2a2ff251fb36,MLV1-R00008,MLV1-A0327,servicios ti,confidencial,media,digital,interrupción del servicio,configuración incorrecta,3,2,aceptar,2026-06-19,1
534f811b-59ab-4ccf-bf24-ba8fb61e1511,MLV1-R02412,MLV1-A0358,hardware,interno,baja,físico,daño físico,equipos obsoletos,4,4,mitigar,2026-06-19,1
acb5ece8-a6ed-4a0c-bec8-f98a42814abe,MLV1-R04760,MLV1-A0525,documentación,confidencial,media,físico,pérdida de información,ausencia de respaldos,3,2,mitigar,2026-06-19,1
9bcd2f6c-e3c8-4c16-8631-1aef6fee24c1,MLV1-R04975,MLV1-A0525,documentación,confidencial,media,físico,divulgación de información,falta de controles de acceso,4,3,mitigar,2026-06-19,1
0b4c0301-ab60-4539-9fa6-076ab7f27c71,MLV1-R05457,MLV1-A0164,información,restringido,alta,digital,error humano,falta de capacitación,4,4,mitigar,2026-06-19,1
56469bf5-0722-4a4e-b44f-fe8620277397,MLV1-R08031,MLV1-A0044,servicios ti,confidencial,alta,digital,malware,antivirus desactualizado,2,3,mitigar,2026-06-20,1
1b8796a8-c82e-4889-b1ea-d922178243dc,MLV1-R09345,MLV1-A0226,información,confidencial,baja,digital,pérdida de información,ausencia de respaldos,4,1,aceptar,2026-06-20,1
8e15a1c1-0501-4b09-b7e8-8ec56ac412e9,MLV1-R08399,MLV1-A0746,software,interno,media,digital,error humano,ausencia de políticas,5,4,mitigar,2026-06-21,1
f486ca47-20a7-4163-9e2d-0d26cf4fc55b,MLV1-R00623,MLV1-A0768,hardware,interno,media,físico,error humano,falta de capacitación,4,5,mitigar,2026-06-22,1
e134f695-e321-4332-8d6a-b6b17fc95b47,MLV1-R01111,MLV1-A0364,hardware,interno,alta,físico,daño físico,sin mantenimiento,3,5,mitigar,2026-06-22,1
ed6c1e3c-b20f-41ae-ba6e-657220f8f8db,MLV1-R01920,MLV1-A0119,otros,confidencial,media,físico,error humano,falta de capacitación,3,4,mitigar,2026-06-22,1
a0b5ec7c-cbf4-4dcf-8253-122453b2e95a,MLV1-R02167,MLV1-A0127,documentación,interno,alta,físico,pérdida de información,ausencia de respaldos,4,5,mitigar,2026-06-22,1
ce2a68d1-2898-42c2-926b-82fdaac3d390,MLV1-R02351,MLV1-A0127,documentación,interno,alta,físico,pérdida de información,ausencia de respaldos,4,2,mitigar,2026-06-22,1
c11c9d8e-25ee-4e31-9d63-ed6f6d48f282,MLV1-R02601,MLV1-A0367,hardware,confidencial,alta,físico,acceso no autorizado,falta de controles de acceso,4,4,mitigar,2026-06-22,1
34775151-f4c0-4f90-99ee-71cfac96c799,MLV1-R03209,MLV1-A0119,otros,confidencial,media,físico,error humano,falta de capacitación,3,3,aceptar,2026-06-22,1
22dec265-0a6e-46b6-b989-6b999ac2eee1,MLV1-R03625,MLV1-A0127,documentación,interno,alta,físico,daño físico,almacenamiento inadecuado,5,4,mitigar,2026-06-22,1
0744eae7-f799-4f02-8968-a376196c51cd,MLV1-R04068,MLV1-A0127,documentación,interno,alta,físico,daño físico,equipos obsoletos,2,3,aceptar,2026-06-22,1
ca776478-96d2-4a27-b8c4-6187ba42cb9e,MLV1-R04095,MLV1-A0127,documentación,interno,alta,físico,divulgación de información,falta de controles de acceso,4,3,mitigar,2026-06-22,1
f2bf76ce-04bf-4449-9c1f-fea9104f0c54,MLV1-R04710,MLV1-A0119,otros,confidencial,media,físico,acceso no autorizado,contraseñas débiles,3,2,mitigar,2026-06-22,1
8335390b-5f97-47e4-8847-0a85a44ba400,MLV1-R04880,MLV1-A0213,software,confidencial,baja,digital,malware,configuración incorrecta,1,1,mitigar,2026-06-22,1
f7107e9c-7016-4db3-81da-4e72698f2eb7,MLV1-R07970,MLV1-A0127,documentación,interno,alta,físico,pérdida de información,almacenamiento inadecuado,4,3,mitigar,2026-06-22,1
c57740e2-0d8f-4e83-9489-6005c3891707,MLV1-R00257,MLV1-A0557,software,interno,media,digital,acceso no autorizado,ausencia de políticas,4,4,mitigar,2026-06-23,1
9603e8b2-a143-4a31-a149-386f0e1f98df,MLV1-R00279,MLV1-A0557,software,interno,media,digital,interrupción del servicio,sin mantenimiento,3,2,mitigar,2026-06-23,1
37bcafa9-7099-454d-b9de-392626aea1df,MLV1-R00891,MLV1-A0445,servicios ti,interno,alta,digital,interrupción del servicio,sin mantenimiento,3,3,mitigar,2026-06-23,1
20393e2d-6709-4306-8e1c-f11e5e320a9b,MLV1-R01729,MLV1-A0547,redes y comunicaciones,confidencial,alta,físico,interrupción del servicio,configuración incorrecta,1,3,aceptar,2026-06-23,1
d863baf9-645a-4eb3-af67-4aecb13be617,MLV1-R02851,MLV1-A0069,software,publico,alta,digital,ransomware,ausencia de respaldos,2,3,mitigar,2026-06-23,1
19d80947-1e22-4bb4-b35b-164c6dc1b40b,MLV1-R04719,MLV1-A0304,documentación,publico,baja,físico,divulgación de información,falta de controles de acceso,5,1,aceptar,2026-06-23,1
97d5547c-8a92-4201-bb8a-9947748b1aa6,MLV1-R07038,MLV1-A0157,software,interno,alta,digital,malware,configuración incorrecta,3,4,mitigar,2026-06-23,1
0e7c931b-ea22-46be-b751-5f25c2384f56,MLV1-R09769,MLV1-A0157,software,interno,alta,digital,acceso no autorizado,falta de controles de acceso,3,4,mitigar,2026-06-23,1
8d376fdd-1415-44ba-82c0-1299a6823af6,MLV1-R00718,MLV1-A0049,hardware,publico,critica,físico,robo,falta de controles de acceso,4,4,mitigar,2026-06-25,1
acad1758-0261-43e1-a328-bfae647f74b5,MLV1-R02870,MLV1-A0120,software,interno,alta,digital,error humano,falta de capacitación,2,4,aceptar,2026-06-25,1
0173848a-312b-4225-9a05-cc45b5f939e8,MLV1-R04562,MLV1-A0106,software,confidencial,critica,digital,acceso no autorizado,ausencia de políticas,4,3,mitigar,2026-06-25,1
1a4a22c9-410e-4e3e-bab6-2d00ebf26bd3,MLV1-R05273,MLV1-A0670,hardware,confidencial,media,físico,malware,antivirus desactualizado,3,3,mitigar,2026-06-25,1
3723b726-19be-4ed0-a20b-f2cc621148bc,MLV1-R05821,MLV1-A0049,hardware,publico,critica,físico,error humano,falta de capacitación,3,4,evitar,2026-06-25,1
9b3658dc-f15e-421b-a7ef-d73c45ef7ee3,MLV1-R07341,MLV1-A0793,información,interno,media,digital,ransomware,falta de capacitación,2,2,mitigar,2026-06-25,1
2c500c4b-f51f-47af-8d18-e4c17a723fae,MLV1-R09010,MLV1-A0092,hardware,interno,alta,físico,daño físico,equipos obsoletos,5,4,mitigar,2026-06-25,1
e61c2c55-e3f2-4b4f-a450-11a43f0cb88c,MLV1-R01073,MLV1-A0380,hardware,interno,alta,físico,malware,configuración incorrecta,4,4,mitigar,2026-06-26,1
d6988bf2-fa96-4520-b281-1c49c9d79a4a,MLV1-R03857,MLV1-A0655,servicios ti,restringido,media,digital,malware,configuración incorrecta,3,1,aceptar,2026-06-26,1
a2adb702-66ad-4d62-ae36-5cca226cd659,MLV1-R04729,MLV1-A0655,servicios ti,restringido,media,digital,acceso no autorizado,contraseñas débiles,4,3,mitigar,2026-06-26,1
a444e1ff-335b-4bdc-b890-3fb0508f8d80,MLV1-R06245,MLV1-A0824,redes y comunicaciones,confidencial,critica,físico,acceso no autorizado,contraseñas débiles,4,4,mitigar,2026-06-26,1
e2dc7b99-35d6-40eb-9a61-6d947c5e321e,MLV1-R08015,MLV1-A0082,servicios ti,interno,critica,digital,pérdida de información,ausencia de respaldos,3,5,mitigar,2026-06-26,1
977d425e-0105-4e58-a33f-cf02c61cc77d,MLV1-R04297,MLV1-A0845,información,publico,critica,digital,divulgación de información,ausencia de políticas,4,4,mitigar,2026-06-27,1
9a6dbc15-24a1-48bf-b44a-42fe76ff22b3,MLV1-R06539,MLV1-A0410,otros,restringido,alta,físico,error humano,ausencia de políticas,4,3,mitigar,2026-06-27,1
ebca8e64-9b38-4d2f-b24a-7e7aa1966dde,MLV1-R07054,MLV1-A0845,información,publico,critica,digital,divulgación de información,contraseñas débiles,4,5,mitigar,2026-06-27,1
962ef097-35b2-458a-84e9-c0b00b996d6a,MLV1-R01526,MLV1-A0486,redes y comunicaciones,confidencial,media,físico,interrupción del servicio,configuración incorrecta,2,1,aceptar,2026-06-28,1
6815d81a-cae6-4fbb-89cc-07be24cb69be,MLV1-R01820,MLV1-A0726,redes y comunicaciones,interno,alta,físico,malware,falta de capacitación,2,3,aceptar,2026-06-28,1
6b9f63e4-497c-42f2-abb3-8cdc3f2c014d,MLV1-R03460,MLV1-A0486,redes y comunicaciones,confidencial,media,físico,acceso no autorizado,falta de controles de acceso,3,2,mitigar,2026-06-28,1
c0c35b91-7308-4ae7-97ca-a5553575ed31,MLV1-R05377,MLV1-A0341,información,interno,media,digital,malware,antivirus desactualizado,5,2,mitigar,2026-06-28,1
62c0127c-5602-41f0-a575-3055d8298410,MLV1-R07458,MLV1-A0078,información,interno,alta,digital,divulgación de información,ausencia de políticas,3,5,mitigar,2026-06-28,1
2aaff7d6-fed1-43a2-b258-7194e5a88b43,MLV1-R00310,MLV1-A0230,documentación,interno,media,digital,divulgación de información,falta de controles de acceso,4,2,aceptar,2026-06-29,1
57fd9861-15f6-4b42-84ef-48e873c7bea5,MLV1-R00715,MLV1-A0621,otros,interno,media,físico,error humano,falta de capacitación,1,5,aceptar,2026-06-29,1
1250cb24-ca0c-4deb-9f66-cafff31aa636,MLV1-R00814,MLV1-A0230,documentación,interno,media,digital,daño físico,sin mantenimiento,4,3,mitigar,2026-06-29,1
d9e758bf-8515-49b1-8b4e-bc3cd1d181e6,MLV1-R03021,MLV1-A0279,documentación,interno,media,digital,robo,falta de controles de acceso,4,3,mitigar,2026-06-29,1
f90c0824-1bd0-43fe-9e95-9fddfe4914b9,MLV1-R04417,MLV1-A0621,otros,interno,media,físico,error humano,falta de capacitación,3,4,mitigar,2026-06-29,1
466ee6f4-8ea9-4851-b42b-5beed241dc90,MLV1-R04980,MLV1-A0621,otros,interno,media,físico,robo,falta de controles de acceso,4,2,transferir,2026-06-29,1
9a2443a2-0f20-49f6-abd7-79e654150ac0,MLV1-R08128,MLV1-A0794,redes y comunicaciones,interno,media,físico,malware,configuración incorrecta,3,1,aceptar,2026-06-29,1
a22e321c-008d-4486-8cdd-49534c62c8fc,MLV1-R01546,MLV1-A0208,documentación,interno,media,físico,divulgación de información,contraseñas débiles,5,4,mitigar,2026-06-30,1
33a37800-efba-472c-be37-4ba45708d81d,MLV1-R04019,MLV1-A0051,servicios ti,interno,critica,digital,pérdida de información,ausencia de respaldos,3,4,mitigar,2026-06-30,1
2b348114-082f-483b-b5ae-e3aeadc37d93,MLV1-R05932,MLV1-A0883,información,interno,alta,digital,ransomware,antivirus desactualizado,5,4,mitigar,2026-06-30,1
16b3a44c-3650-4159-97ef-4c951da4a3b8,MLV1-R02964,MLV1-A0193,software,interno,alta,digital,pérdida de información,configuración incorrecta,3,3,mitigar,2026-07-01,1
1c147f97-a18a-4d00-b54f-f462a610e15e,MLV1-R06854,MLV1-A0832,hardware,interno,critica,físico,falla eléctrica,sin mantenimiento,4,5,mitigar,2026-07-01,1
3c461f2b-bc2a-433f-8c08-5bac18840e2b,MLV1-R08440,MLV1-A0129,otros,interno,alta,físico,interrupción del servicio,sin mantenimiento,2,4,transferir,2026-07-01,1
d8a38745-22f6-4f13-8543-614f8369178c,MLV1-R09427,MLV1-A0129,otros,interno,alta,físico,interrupción del servicio,configuración incorrecta,1,4,aceptar,2026-07-01,1
24c27755-0bc3-4e6b-932a-d2c54391294e,MLV1-R02037,MLV1-A0832,hardware,interno,critica,físico,daño físico,equipos obsoletos,3,5,mitigar,2026-07-02,1
a897d81e-0d19-44e7-b5fe-41d30a542337,MLV1-R08876,MLV1-A0008,información,interno,media,digital,pérdida de información,almacenamiento inadecuado,3,2,transferir,2026-07-02,1
bf5c99ee-d691-45fd-8b5c-130087ea66fb,MLV1-R03216,MLV1-A0445,servicios ti,interno,alta,digital,ransomware,antivirus desactualizado,2,3,mitigar,2026-07-03,1
fa8daf9d-10ad-4900-b1cc-edc923faa54e,MLV1-R03252,MLV1-A0831,hardware,restringido,media,físico,falla eléctrica,sin mantenimiento,4,3,mitigar,2026-07-03,1
2212c788-5d3e-4ea0-89bd-d100ce176cc2,MLV1-R03382,MLV1-A0488,hardware,restringido,alta,físico,error humano,ausencia de políticas,2,3,aceptar,2026-07-03,1
632dc5fb-332a-4184-b1ac-e13574aa7fb7,MLV1-R04277,MLV1-A0591,información,confidencial,critica,digital,malware,antivirus desactualizado,3,5,mitigar,2026-07-03,1
77c76e1a-d4e6-4d2b-9806-627189d07269,MLV1-R04876,MLV1-A0591,información,confidencial,critica,digital,ransomware,ausencia de respaldos,4,4,transferir,2026-07-03,1
8933a87b-fda0-4ae5-9636-a321dc5cdc58,MLV1-R07934,MLV1-A0337,hardware,interno,media,físico,daño físico,sin mantenimiento,3,2,mitigar,2026-07-03,1
2adb6a24-88ef-4add-93ab-56ad96022768,MLV1-R00380,MLV1-A0249,información,interno,alta,digital,pérdida de información,configuración incorrecta,4,4,mitigar,2026-07-04,1
1f7838d0-1ed5-450e-a510-df0b59c916cb,MLV1-R03817,MLV1-A0801,software,confidencial,alta,digital,error humano,configuración incorrecta,4,3,mitigar,2026-07-05,1
eaadbc99-0a8e-4ca3-a4bc-c2d0799f70e2,MLV1-R06421,MLV1-A0122,servicios ti,interno,alta,digital,acceso no autorizado,ausencia de políticas,5,4,mitigar,2026-07-05,1
90a78892-e36b-424b-a471-761404306ce2,MLV1-R07472,MLV1-A0127,documentación,interno,alta,físico,pérdida de información,ausencia de respaldos,4,4,transferir,2026-07-05,1
84a92d44-cd40-4fdb-9e36-081dd389364e,MLV1-R08338,MLV1-A0122,servicios ti,interno,alta,digital,pérdida de información,ausencia de respaldos,4,4,mitigar,2026-07-05,1
2f067c25-674f-4b56-8cde-c04767e4faed,MLV1-R00854,MLV1-A0058,documentación,interno,alta,físico,pérdida de información,almacenamiento inadecuado,1,3,aceptar,2026-07-06,1
57a9e5df-5790-4260-b204-eab3a71d0185,MLV1-R02323,MLV1-A0058,documentación,interno,alta,físico,incendio,ausencia de políticas,5,4,mitigar,2026-07-06,1
e9568f9c-ba8f-4ac6-abba-349542ea3193,MLV1-R02499,MLV1-A0058,documentación,interno,alta,físico,pérdida de información,configuración incorrecta,3,5,mitigar,2026-07-06,1
7429846e-0c7b-45b1-87e3-c2a44a74003f,MLV1-R03776,MLV1-A0517,software,publico,alta,digital,malware,configuración incorrecta,4,4,mitigar,2026-07-06,1
bb934cae-2e13-4914-9eda-b5dd5b1b99d1,MLV1-R06766,MLV1-A0544,hardware,confidencial,alta,físico,robo,falta de controles de acceso,3,4,transferir,2026-07-06,1
aca1ca22-d900-4f3d-8a79-3ee1ebdbf27a,MLV1-R08680,MLV1-A0517,software,publico,alta,digital,interrupción del servicio,configuración incorrecta,3,4,mitigar,2026-07-06,1
91c4def7-6152-4301-8be1-693de737f54f,MLV1-R02830,MLV1-A0225,hardware,interno,critica,físico,acceso no autorizado,contraseñas débiles,4,5,transferir,2026-07-07,1
441d53b3-ca89-48b4-81b0-1a86eb359ff0,MLV1-R04508,MLV1-A0331,información,interno,media,digital,divulgación de información,contraseñas débiles,4,4,mitigar,2026-07-07,1
b1b01e43-080d-41c0-8236-65357b13a979,MLV1-R05042,MLV1-A0203,hardware,interno,alta,físico,falla eléctrica,sin mantenimiento,5,3,mitigar,2026-07-07,1
1118e110-1d18-4d17-bd3b-1e63bed72171,MLV1-R08556,MLV1-A0203,hardware,interno,alta,físico,malware,antivirus desactualizado,3,5,mitigar,2026-07-07,1
ad0b4362-6e85-440a-8dce-cb5e856a9029,MLV1-R06138,MLV1-A0860,documentación,confidencial,media,digital,pérdida de información,ausencia de respaldos,4,4,mitigar,2026-07-08,1
dad1daad-20a1-48b1-900e-c212b583b1b9,MLV1-R07434,MLV1-A0950,hardware,interno,critica,físico,malware,antivirus desactualizado,5,5,mitigar,2026-07-08,1
9aaf547c-7a5c-4b1d-915c-14964f406052,MLV1-R09229,MLV1-A0094,servicios ti,confidencial,alta,digital,ransomware,configuración incorrecta,4,5,mitigar,2026-07-08,1
65b9d949-d0a0-4631-8d01-e3063961a57c,MLV1-R00723,MLV1-A0537,información,confidencial,critica,digital,ransomware,antivirus desactualizado,5,5,mitigar,2026-07-09,1
ee41a832-d88b-453f-8047-ab402efaa59d,MLV1-R00923,MLV1-A0671,otros,publico,media,físico,pérdida de información,almacenamiento inadecuado,2,4,mitigar,2026-07-09,1
0c0b96a7-04a4-49a8-95b5-bc3c93de013f,MLV1-R01216,MLV1-A0946,documentación,interno,media,digital,pérdida de información,ausencia de respaldos,5,2,aceptar,2026-07-09,1
e6308a91-4bf2-4590-9494-dfee49cdc883,MLV1-R02976,MLV1-A0537,información,confidencial,critica,digital,pérdida de información,configuración incorrecta,4,5,mitigar,2026-07-09,1
fa63013d-33b9-4edc-869d-211a15fd68b1,MLV1-R03713,MLV1-A0537,información,confidencial,critica,digital,ransomware,configuración incorrecta,3,4,mitigar,2026-07-09,1
005d7b77-84b1-46dc-bdce-dde33eb234d5,MLV1-R06900,MLV1-A0034,servicios ti,confidencial,alta,digital,acceso no autorizado,falta de controles de acceso,4,4,mitigar,2026-07-09,1
03dd4994-dfdb-44b7-ba8c-e32997ec660f,MLV1-R08846,MLV1-A0537,información,confidencial,critica,digital,acceso no autorizado,contraseñas débiles,5,4,mitigar,2026-07-09,1
68e0ae2a-b398-453a-82b3-0875c0b4ef21,MLV1-R09347,MLV1-A0537,información,confidencial,critica,digital,acceso no autorizado,contraseñas débiles,4,5,mitigar,2026-07-09,1
bcb03f63-a154-4823-aac6-79b1b7b2b0a2,MLV1-R09534,MLV1-A0034,servicios ti,confidencial,alta,digital,ransomware,antivirus desactualizado,4,5,mitigar,2026-07-09,1
bca4a03e-64f3-4a33-ae0b-14bad8527d77,MLV1-R07070,MLV1-A0867,hardware,interno,media,físico,malware,antivirus desactualizado,3,3,aceptar,2026-07-10,1
fee7d32c-d0ca-4570-bb21-130018f859bb,MLV1-R09610,MLV1-A0737,hardware,interno,alta,físico,acceso no autorizado,contraseñas débiles,5,4,mitigar,2026-07-10,1
1c2c9791-d6b2-4bb9-b583-58ff66b94ccc,MLV1-R00778,MLV1-A0105,hardware,publico,alta,físico,robo,falta de controles de acceso,4,3,mitigar,2026-07-11,1
17d0fbf5-5c84-476b-832d-c3a658cd6b56,MLV1-R01599,MLV1-A0316,documentación,restringido,alta,digital,pérdida de información,almacenamiento inadecuado,3,3,mitigar,2026-07-12,1
efd78a90-cbff-445d-a1d4-fa9c6203b6e4,MLV1-R01657,MLV1-A0316,documentación,restringido,alta,digital,divulgación de información,falta de controles de acceso,3,5,mitigar,2026-07-12,1
0f3c96ac-e13e-40b0-8c2e-51e969ecf244,MLV1-R03504,MLV1-A0827,software,interno,media,digital,ransomware,antivirus desactualizado,4,3,mitigar,2026-07-12,1
a94fb022-5a17-4030-a948-5d4cc35aa653,MLV1-R05142,MLV1-A0827,software,interno,media,digital,malware,configuración incorrecta,2,2,aceptar,2026-07-12,1
5b5d9857-0223-4d5c-813a-0b2e2614299b,MLV1-R05185,MLV1-A0827,software,interno,media,digital,malware,falta de capacitación,4,3,mitigar,2026-07-12,1
e650ff90-ae01-40e8-bef9-a0b9bec13e91,MLV1-R09143,MLV1-A0827,software,interno,media,digital,pérdida de información,configuración incorrecta,1,3,aceptar,2026-07-12,1
81e07e58-45e6-432a-ba7f-3ce696300b67,MLV1-R09584,MLV1-A0827,software,interno,media,digital,malware,falta de capacitación,5,3,mitigar,2026-07-12,1
b7a3684b-2f28-4329-858d-3a9b0bb4d30f,MLV1-R09758,MLV1-A0827,software,interno,media,digital,acceso no autorizado,contraseñas débiles,4,3,mitigar,2026-07-12,1
724e16c0-fea3-4fca-aff5-59481fb0e36e,MLV1-R00792,MLV1-A0805,software,confidencial,baja,digital,interrupción del servicio,configuración incorrecta,5,1,aceptar,2026-07-13,1
1dbaa847-8bf9-4238-96d1-7efacb1a2c4e,MLV1-R01624,MLV1-A0771,hardware,confidencial,media,físico,incendio,almacenamiento inadecuado,3,2,mitigar,2026-07-13,1
d84b6c7e-0bc5-4ec7-a622-235d704a2f5e,MLV1-R02360,MLV1-A0275,hardware,interno,media,físico,falla eléctrica,sin mantenimiento,5,1,mitigar,2026-07-13,1
2c8ca1fd-77d7-473f-ab4d-6424267c853d,MLV1-R03112,MLV1-A0771,hardware,confidencial,media,físico,inundación,ausencia de políticas,1,4,mitigar,2026-07-13,1
a6141711-b90b-4437-912f-72f2bae5a837,MLV1-R03321,MLV1-A0805,software,confidencial,baja,digital,ransomware,ausencia de respaldos,3,4,mitigar,2026-07-13,1
a2c5acf7-8043-4c6e-b0c9-e0ed40cf18fb,MLV1-R05632,MLV1-A0771,hardware,confidencial,media,físico,error humano,ausencia de políticas,5,3,mitigar,2026-07-13,1
c691b0b6-8e95-4ed0-a6c7-d5b02575ab3b,MLV1-R05965,MLV1-A0223,hardware,restringido,media,físico,daño físico,equipos obsoletos,3,2,aceptar,2026-07-13,1
9f884e15-130c-42a5-ba25-bc90c357ee4b,MLV1-R00521,MLV1-A0928,documentación,restringido,media,físico,divulgación de información,falta de controles de acceso,3,1,aceptar,2026-07-14,1
69ce19b8-8aa9-472d-bee6-905997974b02,MLV1-R01129,MLV1-A0236,software,confidencial,alta,digital,acceso no autorizado,contraseñas débiles,3,3,mitigar,2026-07-14,1
1830feb3-3c86-4c43-b199-4ec786f47ba7,MLV1-R02419,MLV1-A0632,software,interno,alta,digital,ransomware,antivirus desactualizado,5,5,mitigar,2026-07-14,1
3620ad1b-6298-4fb2-b355-983c54dce153,MLV1-R04233,MLV1-A0173,redes y comunicaciones,interno,media,físico,malware,configuración incorrecta,4,2,mitigar,2026-07-14,1
f4e22c76-b44d-4b5e-bde2-5164e0c8f80d,MLV1-R05149,MLV1-A0632,software,interno,alta,digital,interrupción del servicio,sin mantenimiento,4,4,transferir,2026-07-14,1
7ccbf2fd-6d12-480a-ba83-4b10412a6628,MLV1-R05184,MLV1-A0928,documentación,restringido,media,físico,error humano,falta de capacitación,3,4,transferir,2026-07-14,1
1b6d8e68-8fac-47f6-bea1-1882f5095c5a,MLV1-R05685,MLV1-A0632,software,interno,alta,digital,acceso no autorizado,falta de controles de acceso,5,5,mitigar,2026-07-14,1
3134e59e-ffe9-4380-9d4d-562c3328902f,MLV1-R06471,MLV1-A0553,software,confidencial,alta,digital,acceso no autorizado,contraseñas débiles,5,4,evitar,2026-07-14,1
1647d671-8ea8-458e-a906-5ee55a1dfbb1,MLV1-R07462,MLV1-A0632,software,interno,alta,digital,malware,antivirus desactualizado,4,5,mitigar,2026-07-14,1
e81113a7-04ee-4d77-8c9e-c859d83ba024,MLV1-R08869,MLV1-A0928,documentación,restringido,media,físico,daño físico,sin mantenimiento,4,3,mitigar,2026-07-14,1
5b3426b0-6ddc-4ee0-89a1-514c314bc267,MLV1-R08993,MLV1-A0632,software,interno,alta,digital,acceso no autorizado,contraseñas débiles,4,4,mitigar,2026-07-14,1
ffbc0589-375f-4b4b-8a8f-5143f829b5b1,MLV1-R00819,MLV1-A0634,otros,confidencial,alta,físico,acceso no autorizado,falta de controles de acceso,4,3,mitigar,2026-07-15,1
528eeeeb-6210-4418-9e57-95936d10c458,MLV1-R04741,MLV1-A0566,hardware,interno,alta,físico,acceso no autorizado,contraseñas débiles,4,3,evitar,2026-07-15,1
34f401d9-eecd-4839-ae23-5bae6a99d78b,MLV1-R05291,MLV1-A0675,información,confidencial,alta,digital,ransomware,antivirus desactualizado,2,3,aceptar,2026-07-15,1
f96200a0-32bf-4e2d-8b8a-764faf1b6f89,MLV1-R05417,MLV1-A0364,hardware,interno,alta,físico,malware,antivirus desactualizado,3,4,mitigar,2026-07-15,1
3994864f-832e-45dc-9144-8e1a9ffead82,MLV1-R06983,MLV1-A0814,redes y comunicaciones,interno,critica,físico,acceso no autorizado,ausencia de políticas,1,3,aceptar,2026-07-15,1
09a4c69d-d123-4218-b2e6-d9cbc5f2cf89,MLV1-R09576,MLV1-A0539,hardware,publico,media,físico,falla eléctrica,equipos obsoletos,4,3,mitigar,2026-07-15,1
1e41a928-0cbb-42cd-98e1-04047c5416d3,MLV1-R03810,MLV1-A0179,hardware,interno,media,físico,malware,configuración incorrecta,4,3,mitigar,2026-07-16,1
da74e78b-770c-4388-9ba1-fa3ef00e51d0,MLV1-R05354,MLV1-A0509,documentación,interno,critica,digital,incendio,almacenamiento inadecuado,3,5,mitigar,2026-07-16,1
a100a2bd-0865-45f9-8eb9-bc423f2e9f11,MLV1-R06020,MLV1-A0797,software,interno,alta,digital,malware,falta de capacitación,3,4,mitigar,2026-07-16,1
30b11d37-249c-49cc-9c7c-216a847dee97,MLV1-R06435,MLV1-A0797,software,interno,alta,digital,ransomware,ausencia de respaldos,3,5,evitar,2026-07-16,1
ee04ae57-6282-4589-a3bc-13e8665ba755,MLV1-R07762,MLV1-A0642,documentación,interno,media,digital,robo,falta de controles de acceso,5,4,mitigar,2026-07-16,1
7d3d2f58-24ae-4efd-8153-4094306b18a5,MLV1-R08148,MLV1-A0945,información,interno,alta,digital,acceso no autorizado,falta de controles de acceso,4,4,mitigar,2026-07-16,1
d4fbdd7a-6c76-4701-9ac5-a2f600b5632d,MLV1-R08408,MLV1-A0797,software,interno,alta,digital,acceso no autorizado,falta de controles de acceso,2,4,mitigar,2026-07-16,1
ed00527c-6c96-487e-b98e-0b0b11297c0c,MLV1-R00420,MLV1-A0443,hardware,confidencial,media,físico,incendio,almacenamiento inadecuado,4,4,mitigar,2026-07-17,1
d4a07557-ea34-4419-afdd-ab37926b6ea6,MLV1-R06057,MLV1-A0281,información,interno,media,digital,malware,configuración incorrecta,3,1,mitigar,2026-07-17,1
3b640183-ca44-401f-bc97-a8d4bbc9e0d8,MLV1-R07769,MLV1-A0029,software,confidencial,alta,digital,acceso no autorizado,contraseñas débiles,4,4,mitigar,2026-07-17,1
b86ad73f-3f7b-4282-a32d-c83be174b154,MLV1-R00299,MLV1-A0696,software,interno,critica,digital,acceso no autorizado,contraseñas débiles,5,5,mitigar,2026-07-18,1
52d76100-6da4-4d41-9324-9111263dfa46,MLV1-R01905,MLV1-A0303,redes y comunicaciones,interno,baja,físico,interrupción del servicio,sin mantenimiento,4,1,aceptar,2026-07-18,1
f90478a1-8aa4-4775-bbfb-adefccf70904,MLV1-R07002,MLV1-A0217,software,confidencial,alta,digital,acceso no autorizado,falta de controles de acceso,5,5,mitigar,2026-07-18,1
11d37204-5dc0-4216-a569-5c61c779694b,MLV1-R08503,MLV1-A0563,hardware,interno,alta,físico,error humano,ausencia de políticas,2,4,aceptar,2026-07-18,1
6ca25de3-e6c0-4784-8afd-5cb248ae3c1e,MLV1-R00047,MLV1-A0888,información,interno,media,digital,acceso no autorizado,contraseñas débiles,4,4,mitigar,2026-07-19,1
57f86069-b160-435e-9b25-8bc914ff8284,MLV1-R01080,MLV1-A0318,redes y comunicaciones,interno,alta,físico,acceso no autorizado,contraseñas débiles,5,4,mitigar,2026-07-19,1
6917eb9a-dff4-4b95-bd96-17f7f2852c2a,MLV1-R02673,MLV1-A0564,documentación,publico,media,digital,error humano,falta de capacitación,5,3,mitigar,2026-07-19,1
5a4f9d57-73f4-461a-ab3b-58eeeccf2117,MLV1-R03509,MLV1-A0939,información,confidencial,alta,digital,pérdida de información,ausencia de respaldos,2,4,mitigar,2026-07-19,1
147e99e1-0116-442a-a773-463c03e58364,MLV1-R03514,MLV1-A0881,software,interno,alta,digital,error humano,falta de capacitación,4,5,evitar,2026-07-19,1
f9905663-3afd-4365-ad34-31b1ee23a8be,MLV1-R03735,MLV1-A0701,otros,interno,critica,físico,daño físico,equipos obsoletos,4,3,mitigar,2026-07-19,1
09122bde-553b-4ec7-a5cc-96fee14394ca,MLV1-R04163,MLV1-A0318,redes y comunicaciones,interno,alta,físico,interrupción del servicio,equipos obsoletos,5,5,mitigar,2026-07-19,1
d7afcb1c-1f13-4c75-8542-d6bc3fe628a9,MLV1-R05928,MLV1-A0881,software,interno,alta,digital,error humano,configuración incorrecta,5,5,mitigar,2026-07-19,1
1caad0da-9aab-4c89-937d-f5675aae99f5,MLV1-R05934,MLV1-A0888,información,interno,media,digital,acceso no autorizado,ausencia de políticas,4,2,aceptar,2026-07-19,1
ae5a715f-de14-44e1-ad57-f7825f84a1bb,MLV1-R06247,MLV1-A0318,redes y comunicaciones,interno,alta,físico,error humano,ausencia de políticas,2,5,transferir,2026-07-19,1
2c772989-eadf-4dae-805f-32f1f2ed4abe,MLV1-R02182,MLV1-A0222,documentación,interno,alta,físico,daño físico,equipos obsoletos,2,3,aceptar,2026-07-20,1
8754e911-aeb9-4dba-a2db-bed65f3feeb8,MLV1-R02636,MLV1-A0254,servicios ti,restringido,alta,digital,interrupción del servicio,configuración incorrecta,5,5,mitigar,2026-07-20,1
6c37d53f-c44d-4232-a455-163b963e45bd,MLV1-R00127,MLV1-A0351,documentación,interno,alta,físico,pérdida de información,ausencia de respaldos,4,5,mitigar,2026-07-21,1
b5f85df1-be00-4c57-bf5e-f23705da8bc8,MLV1-R02123,MLV1-A0233,otros,interno,alta,físico,acceso no autorizado,falta de controles de acceso,4,4,mitigar,2026-07-21,1
e957ea29-3fd5-4b01-8c1f-6d4927e8dda9,MLV1-R02131,MLV1-A0233,otros,interno,alta,físico,error humano,falta de capacitación,4,5,mitigar,2026-07-21,1
b3dec4dd-02a5-403c-aa26-037f8222059c,MLV1-R04081,MLV1-A0579,hardware,interno,alta,físico,error humano,ausencia de políticas,4,5,mitigar,2026-07-21,1
a24882e0-6021-4ee0-a157-b9904d0ac450,MLV1-R04509,MLV1-A0051,servicios ti,interno,critica,digital,malware,falta de capacitación,2,5,mitigar,2026-07-21,1
5ad4d306-61ca-4668-986a-f9e818dbe39e,MLV1-R08730,MLV1-A0579,hardware,interno,alta,físico,error humano,ausencia de políticas,3,4,mitigar,2026-07-21,1
8167f769-8c3b-4666-8e74-96250a6e390c,MLV1-R08761,MLV1-A0233,otros,interno,alta,físico,pérdida de información,ausencia de respaldos,3,4,evitar,2026-07-21,1
f70bb777-c532-4624-ae84-1a9dc53f96bc,MLV1-R00162,MLV1-A0440,información,interno,media,digital,pérdida de información,ausencia de respaldos,2,3,mitigar,2026-07-22,1
58678178-6390-41ef-ae42-3fe0166d32cb,MLV1-R01358,MLV1-A0351,documentación,interno,alta,físico,daño físico,sin mantenimiento,3,4,evitar,2026-07-22,1
c4748005-8999-4ee0-a26d-b7d7a91019e4,MLV1-R02846,MLV1-A0131,documentación,interno,alta,digital,error humano,falta de capacitación,4,4,mitigar,2026-07-22,1
9d1ec6dc-c1c3-4dfb-893f-e5b571096cfc,MLV1-R07066,MLV1-A0131,documentación,interno,alta,digital,robo,falta de controles de acceso,5,4,transferir,2026-07-22,1
32511471-dd99-4402-af63-74328f9ca81d,MLV1-R07073,MLV1-A0131,documentación,interno,alta,digital,error humano,falta de capacitación,3,4,mitigar,2026-07-22,1
70d6c32d-f62e-413c-b461-6bbc5b660675,MLV1-R07765,MLV1-A0131,documentación,interno,alta,digital,pérdida de información,almacenamiento inadecuado,3,4,mitigar,2026-07-22,1
4dff1efe-d039-4d04-a7c7-a2c6a6b720ba,MLV1-R06476,MLV1-A0202,información,interno,media,digital,ransomware,ausencia de respaldos,4,4,mitigar,2026-07-23,1
3dded113-ac6e-45a3-ba2e-978c86a7f1cb,MLV1-R07561,MLV1-A0577,información,interno,critica,digital,error humano,ausencia de políticas,3,5,mitigar,2026-07-23,1
18cf13f4-6867-4761-a2a6-bfe8a5e3521f,MLV1-R03128,MLV1-A0506,hardware,confidencial,media,físico,acceso no autorizado,falta de controles de acceso,5,3,transferir,2026-07-24,1
2c166f53-2ebe-4cbd-80f0-9e03bba45b74,MLV1-R03753,MLV1-A0249,información,interno,alta,digital,ransomware,falta de capacitación,4,3,mitigar,2026-07-24,1
d4f5cbd6-c9c2-48be-a063-deb78fa0deb7,MLV1-R05361,MLV1-A0742,redes y comunicaciones,interno,media,físico,falla eléctrica,equipos obsoletos,3,3,mitigar,2026-07-24,1
37564d63-18a5-4d82-b9f0-836ba4f8afc0,MLV1-R08366,MLV1-A0826,otros,publico,media,físico,interrupción del servicio,equipos obsoletos,3,3,aceptar,2026-07-24,1
0d13d1dd-59ef-4ccf-884c-e44a7fb43397,MLV1-R08544,MLV1-A0506,hardware,confidencial,media,físico,daño físico,sin mantenimiento,2,3,mitigar,2026-07-24,1
47930869-65a5-46bb-9ca6-8a615f29f7e3,MLV1-R08950,MLV1-A0742,redes y comunicaciones,interno,media,físico,interrupción del servicio,configuración incorrecta,2,2,aceptar,2026-07-24,1
3b9d0910-a242-4d1c-9375-78002498122d,MLV1-R09042,MLV1-A0742,redes y comunicaciones,interno,media,físico,malware,falta de capacitación,2,5,transferir,2026-07-24,1
77d01a56-9abf-4b32-be49-9eb14c10cd19,MLV1-R01892,MLV1-A0795,documentación,publico,critica,físico,robo,falta de controles de acceso,5,4,mitigar,2026-07-25,1
3542b163-6bad-4bab-8002-38afb39611bd,MLV1-R02619,MLV1-A0835,información,interno,baja,digital,divulgación de información,falta de controles de acceso,5,2,mitigar,2026-07-26,1
dd28f90f-74e9-41c6-914e-82f9df990cb1,MLV1-R04394,MLV1-A0204,servicios ti,interno,media,digital,acceso no autorizado,contraseñas débiles,4,5,mitigar,2026-07-26,1
d2c9f6ef-68c0-438a-87a6-c5f1fe57d972,MLV1-R05971,MLV1-A0190,hardware,interno,baja,físico,error humano,ausencia de políticas,3,1,mitigar,2026-07-26,1
34dd2f4b-2f5f-4574-a1a0-c36af2a23d8b,MLV1-R01450,MLV1-A0154,documentación,confidencial,media,físico,pérdida de información,ausencia de respaldos,3,2,mitigar,2026-07-27,1
7601cd9c-5343-4cb0-a0ea-2e75ee143f1b,MLV1-R06510,MLV1-A0156,información,publico,critica,digital,ransomware,antivirus desactualizado,3,5,mitigar,2026-07-27,1
89c0bfdb-4c42-4e74-9035-fcbd574c0b32,MLV1-R08132,MLV1-A0355,servicios ti,interno,critica,digital,ransomware,ausencia de respaldos,4,5,mitigar,2026-07-27,1
3131dd6d-41e0-45f4-a711-ee99e2be7f55,MLV1-R08690,MLV1-A0355,servicios ti,interno,critica,digital,error humano,ausencia de políticas,4,4,mitigar,2026-07-27,1
e8578771-cd28-4c6b-8355-f5592e969eb5,MLV1-R02469,MLV1-A0789,servicios ti,restringido,alta,digital,acceso no autorizado,falta de controles de acceso,2,4,transferir,2026-07-28,1
96ace69b-df82-4aae-ad1f-bb0f21dcbc03,MLV1-R05277,MLV1-A0789,servicios ti,restringido,alta,digital,interrupción del servicio,configuración incorrecta,1,4,aceptar,2026-07-28,1
e8ed5ea0-c53e-43de-aa21-487a6ee3e3e8,MLV1-R06625,MLV1-A0232,otros,confidencial,critica,físico,pérdida de información,ausencia de respaldos,5,5,mitigar,2026-07-28,1
709d6f5d-48ae-4c68-89d8-1fabf1ed1c5e,MLV1-R07194,MLV1-A0646,software,restringido,critica,digital,interrupción del servicio,sin mantenimiento,3,5,transferir,2026-07-28,1
25d5d4fa-aaf1-4d4d-a096-19207645dda4,MLV1-R07261,MLV1-A0594,documentación,interno,media,digital,daño físico,sin mantenimiento,4,1,aceptar,2026-07-28,1
163a18ac-ce44-461d-afa4-93daae8742fd,MLV1-R08909,MLV1-A0719,información,interno,critica,digital,error humano,falta de capacitación,3,5,mitigar,2026-07-28,1
56498a01-5c7f-468f-902c-088d471437c4,MLV1-R01149,MLV1-A0773,información,interno,baja,digital,error humano,ausencia de políticas,4,3,mitigar,2026-07-29,1
e5bf0e15-dd11-4221-8661-5708d274f929,MLV1-R04944,MLV1-A0261,hardware,confidencial,media,físico,malware,antivirus desactualizado,4,3,mitigar,2026-07-29,1
a91279b6-09c3-4c8c-b36c-6e493c0cae54,MLV1-R06906,MLV1-A0917,software,interno,media,digital,acceso no autorizado,falta de controles de acceso,5,4,mitigar,2026-07-29,1
2f4afaf9-ecef-43ae-a462-c5234259e93d,MLV1-R07778,MLV1-A0908,servicios ti,confidencial,media,digital,pérdida de información,ausencia de respaldos,4,5,evitar,2026-07-29,1
31dd4e13-9c92-4829-bca1-e22aeb9474da,MLV1-R01043,MLV1-A0600,software,confidencial,media,digital,malware,configuración incorrecta,3,4,mitigar,2026-07-30,1
7c4ef230-9452-49de-bbc6-d8fdf505c146,MLV1-R01754,MLV1-A0252,documentación,publico,media,físico,pérdida de información,configuración incorrecta,2,4,mitigar,2026-07-30,1
5069de59-65f0-4899-b455-493916007f31,MLV1-R03150,MLV1-A0205,servicios ti,interno,alta,digital,interrupción del servicio,equipos obsoletos,3,4,mitigar,2026-07-30,1
56efe39c-c8a9-4436-b9d0-887045950b44,MLV1-R05497,MLV1-A0885,redes y comunicaciones,restringido,media,físico,malware,antivirus desactualizado,5,2,transferir,2026-07-30,1
b7713482-6c4f-4954-a4aa-f7dd820ebeed,MLV1-R08261,MLV1-A0720,hardware,interno,media,físico,daño físico,sin mantenimiento,5,3,mitigar,2026-07-30,1
598b6146-dc95-4615-a461-6dde2d75aea8,MLV1-R00495,MLV1-A0524,redes y comunicaciones,confidencial,media,físico,interrupción del servicio,sin mantenimiento,1,2,aceptar,2026-07-31,1
713a5504-66da-49f5-b8d8-43a7311c2340,MLV1-R00591,MLV1-A0224,otros,confidencial,media,físico,acceso no autorizado,falta de controles de acceso,4,3,transferir,2026-07-31,1
1892bfc1-7789-48fc-a5dc-d352e2c7c78b,MLV1-R01307,MLV1-A0850,información,interno,media,digital,acceso no autorizado,contraseñas débiles,5,3,evitar,2026-07-31,1
a575986a-7e12-41b2-8e85-8a4a01558148,MLV1-R03819,MLV1-A0575,información,interno,alta,digital,pérdida de información,ausencia de respaldos,4,5,mitigar,2026-07-31,1
c5713104-59a1-40c1-9aa6-ac353647ede9,MLV1-R04131,MLV1-A0575,información,interno,alta,digital,acceso no autorizado,contraseñas débiles,5,4,mitigar,2026-07-31,1
27e5df03-3bf0-475b-806f-9f92afb064bb,MLV1-R04133,MLV1-A0609,hardware,interno,alta,físico,incendio,almacenamiento inadecuado,3,4,evitar,2026-07-31,1
391eaa9a-1f7e-4e64-bdc0-495cfeaed7fb,MLV1-R05048,MLV1-A0575,información,interno,alta,digital,ransomware,antivirus desactualizado,3,4,mitigar,2026-07-31,1
93c37143-8672-49c7-9d98-4f057f232c0f,MLV1-R08418,MLV1-A0575,información,interno,alta,digital,ransomware,falta de capacitación,2,3,mitigar,2026-07-31,1
dd938d3e-be99-4b57-8638-2b0a38b11d85,MLV1-R09162,MLV1-A0524,redes y comunicaciones,confidencial,media,físico,acceso no autorizado,falta de controles de acceso,2,3,aceptar,2026-07-31,1
08cef4d0-f7d9-4428-825b-48d2c3bf1385,MLV1-R04250,MLV1-A0504,software,interno,baja,digital,error humano,configuración incorrecta,3,2,mitigar,2026-08-01,1
7665d145-1610-4e9f-9048-16076b75f413,MLV1-R05090,MLV1-A0504,software,interno,baja,digital,interrupción del servicio,equipos obsoletos,3,1,aceptar,2026-08-01,1
8232b65b-a0cb-406c-8146-49678bffd7ea,MLV1-R06714,MLV1-A0735,información,interno,media,digital,acceso no autorizado,falta de controles de acceso,4,4,mitigar,2026-08-01,1
6f813bab-8103-41d4-b4fc-ae67d208f3d8,MLV1-R07442,MLV1-A0504,software,interno,baja,digital,acceso no autorizado,falta de controles de acceso,3,4,mitigar,2026-08-01,1
c8cb5c8c-dd89-43f1-a942-96b6c6afc7f6,MLV1-R09289,MLV1-A0349,redes y comunicaciones,restringido,media,físico,interrupción del servicio,configuración incorrecta,5,5,mitigar,2026-08-01,1
9a2178b0-14da-4e62-a7e3-820478359ac0,MLV1-R01421,MLV1-A0024,software,publico,alta,digital,acceso no autorizado,falta de controles de acceso,5,4,mitigar,2026-08-02,1
d745d053-621d-4159-a822-492da284a430,MLV1-R02776,MLV1-A0535,redes y comunicaciones,interno,alta,físico,falla eléctrica,equipos obsoletos,2,3,mitigar,2026-08-02,1
dfd8cf01-628b-4802-8f24-c7386d6e2750,MLV1-R03139,MLV1-A0535,redes y comunicaciones,interno,alta,físico,interrupción del servicio,equipos obsoletos,4,5,mitigar,2026-08-02,1
f88e3ea5-4143-49aa-878a-d55981a37b3b,MLV1-R06355,MLV1-A0535,redes y comunicaciones,interno,alta,físico,falla eléctrica,sin mantenimiento,3,4,evitar,2026-08-02,1
4a2913b6-6971-47ee-bf4d-7fd4e333eaef,MLV1-R09767,MLV1-A0877,software,interno,media,digital,pérdida de información,almacenamiento inadecuado,3,4,mitigar,2026-08-02,1
bcafa32e-70af-4b4f-99dc-40ad72ff39de,MLV1-R01299,MLV1-A0737,hardware,interno,alta,físico,acceso no autorizado,ausencia de políticas,3,4,mitigar,2026-08-03,1
1be14376-74f5-4ff7-a5c3-735271c7dc3b,MLV1-R09732,MLV1-A0184,hardware,restringido,alta,físico,robo,ausencia de políticas,3,5,transferir,2026-08-03,1
487c25b8-5f7f-468e-a452-fc31995f1490,MLV1-R01961,MLV1-A0865,software,interno,alta,digital,acceso no autorizado,falta de controles de acceso,5,3,mitigar,2026-08-04,1
9c3fb2f4-3129-4402-acce-2068803edd0a,MLV1-R06093,MLV1-A0672,hardware,confidencial,media,físico,error humano,configuración incorrecta,5,4,mitigar,2026-08-04,1
d78e87e5-1b51-41c6-bf6b-3bf8c77c98ca,MLV1-R07843,MLV1-A0694,hardware,interno,media,físico,robo,falta de controles de acceso,5,3,mitigar,2026-08-04,1
6a080d83-11fb-4e72-bdde-ef812b9909aa,MLV1-R09464,MLV1-A0672,hardware,confidencial,media,físico,malware,antivirus desactualizado,5,3,mitigar,2026-08-04,1
69a145e7-6c42-49c4-a0ed-b13872a8091a,MLV1-R09753,MLV1-A0672,hardware,confidencial,media,físico,daño físico,almacenamiento inadecuado,4,4,mitigar,2026-08-04,1
8d4ee974-cc34-41e9-8b33-b39010090f8d,MLV1-R00066,MLV1-A0822,hardware,publico,baja,físico,error humano,falta de capacitación,3,2,mitigar,2026-08-05,1
a081a0d7-2ba2-48c2-8938-ec22b964d50d,MLV1-R01778,MLV1-A0105,hardware,publico,alta,físico,falla eléctrica,equipos obsoletos,5,4,mitigar,2026-08-05,1
80ceb18a-8c98-4745-b435-ea960c06ec7e,MLV1-R02290,MLV1-A0629,software,interno,critica,digital,error humano,ausencia de políticas,3,5,mitigar,2026-08-05,1
38aab14f-8f56-46da-a29a-58fb852c988b,MLV1-R06561,MLV1-A0629,software,interno,critica,digital,acceso no autorizado,falta de controles de acceso,4,5,mitigar,2026-08-05,1
3dd009cd-1f1b-4ce6-9b08-652c07da5229,MLV1-R08466,MLV1-A0629,software,interno,critica,digital,ransomware,configuración incorrecta,4,5,mitigar,2026-08-05,1
54062b60-ef00-4fd1-bbce-327102b60dd4,MLV1-R00990,MLV1-A0260,hardware,interno,media,físico,robo,falta de controles de acceso,4,4,mitigar,2026-08-06,1
dd15e919-23c7-4c3b-b6ed-97d49c78e3d4,MLV1-R01398,MLV1-A0104,otros,interno,alta,físico,error humano,ausencia de políticas,4,5,mitigar,2026-08-06,1
e5748158-7de3-4c25-9580-7e53dd276948,MLV1-R02008,MLV1-A0682,información,interno,alta,digital,acceso no autorizado,falta de controles de acceso,3,4,mitigar,2026-08-06,1
c1146644-28c0-49c5-b712-d73b2a487dac,MLV1-R05980,MLV1-A0104,otros,interno,alta,físico,error humano,ausencia de políticas,1,3,aceptar,2026-08-06,1
3b9e9cae-7b49-45f1-9817-28051a771aee,MLV1-R06399,MLV1-A0206,información,interno,alta,digital,divulgación de información,contraseñas débiles,4,3,mitigar,2026-08-06,1
5d61aef3-a1bb-48ef-a3c3-63158aaed00a,MLV1-R07854,MLV1-A0011,hardware,interno,critica,físico,malware,antivirus desactualizado,3,5,mitigar,2026-08-06,1
726322f8-f39f-4b5e-b932-f96f5f97e88a,MLV1-R01032,MLV1-A0697,hardware,restringido,alta,físico,robo,falta de controles de acceso,2,4,aceptar,2026-08-07,1
d370ac7e-2c34-4c84-9009-1794fc341255,MLV1-R01553,MLV1-A0697,hardware,restringido,alta,físico,error humano,falta de capacitación,4,3,transferir,2026-08-07,1
744038ca-bbd7-4486-84ef-c8b39f983bbf,MLV1-R08369,MLV1-A0697,hardware,restringido,alta,físico,error humano,falta de capacitación,4,4,mitigar,2026-08-07,1
0679ae94-d9c6-48a7-ade8-c1223ea79cc2,MLV1-R02049,MLV1-A0568,servicios ti,interno,alta,digital,pérdida de información,almacenamiento inadecuado,4,5,mitigar,2026-08-08,1
1ce11f8e-c59f-4d13-84a4-d2d758eefc44,MLV1-R03283,MLV1-A0565,software,publico,media,digital,malware,antivirus desactualizado,5,2,mitigar,2026-08-08,1
74aca174-0b2d-4ddc-bdef-5edbbc40671c,MLV1-R04260,MLV1-A0475,información,interno,alta,digital,ransomware,ausencia de respaldos,4,3,mitigar,2026-08-08,1
10253210-ec58-4cd2-9c46-7989678bcad7,MLV1-R07299,MLV1-A0289,información,interno,media,digital,acceso no autorizado,contraseñas débiles,4,3,mitigar,2026-08-08,1
a771ceaf-f5f3-42a1-8c32-41cf48ff130c,MLV1-R07481,MLV1-A0475,información,interno,alta,digital,divulgación de información,contraseñas débiles,5,4,transferir,2026-08-08,1
e44de841-b7bb-4037-be64-0d3ee1ff7a7e,MLV1-R07991,MLV1-A0475,información,interno,alta,digital,pérdida de información,ausencia de respaldos,4,4,mitigar,2026-08-08,1
a337060f-3ad7-42fe-b046-aa6ab7deac09,MLV1-R08565,MLV1-A0736,hardware,interno,media,físico,acceso no autorizado,contraseñas débiles,3,3,aceptar,2026-08-08,1
e24b2686-5718-46bb-b89c-f69c3c80bce7,MLV1-R08907,MLV1-A0736,hardware,interno,media,físico,robo,falta de controles de acceso,5,2,mitigar,2026-08-08,1
9cbd034f-8181-4b5f-976f-37e4339a67ad,MLV1-R00510,MLV1-A0878,documentación,confidencial,alta,digital,robo,falta de controles de acceso,5,4,mitigar,2026-08-09,1
292ff8b9-d67b-4604-ae21-8db1aa827d0a,MLV1-R01637,MLV1-A0093,software,interno,alta,digital,error humano,falta de capacitación,4,5,mitigar,2026-08-09,1
b1f778d0-95f9-4a4f-aadb-c94e239ce28c,MLV1-R05057,MLV1-A0013,servicios ti,interno,alta,digital,interrupción del servicio,sin mantenimiento,4,5,mitigar,2026-08-11,1
552527be-786d-4605-baad-c1d0aab28fd8,MLV1-R09485,MLV1-A0993,software,interno,media,digital,acceso no autorizado,contraseñas débiles,5,2,aceptar,2026-08-11,1
719442c2-4560-4406-9e58-302cc24c860d,MLV1-R00320,MLV1-A0121,información,confidencial,alta,digital,malware,configuración incorrecta,5,4,mitigar,2026-08-12,1
2ca2a110-dab1-4fb4-86d2-0e8a16865d9d,MLV1-R02287,MLV1-A0767,servicios ti,interno,media,digital,pérdida de información,ausencia de respaldos,2,2,aceptar,2026-08-12,1
3e6919e6-df6b-4152-99f7-3ae6d3acdf1f,MLV1-R03296,MLV1-A0411,documentación,publico,alta,digital,robo,ausencia de políticas,4,4,evitar,2026-08-12,1
7b388b8c-bdc9-4e19-919f-3ef3220dea94,MLV1-R06152,MLV1-A0340,hardware,interno,baja,físico,malware,antivirus desactualizado,3,2,mitigar,2026-08-12,1
f217aa6b-5dc7-46bd-9da6-e30daeb96caf,MLV1-R06479,MLV1-A0767,servicios ti,interno,media,digital,acceso no autorizado,falta de controles de acceso,4,3,mitigar,2026-08-12,1
821bccf0-0ab2-42e5-baf0-892d91813122,MLV1-R09252,MLV1-A0233,otros,interno,alta,físico,error humano,falta de capacitación,2,4,mitigar,2026-08-12,1
b4f88360-037b-44f6-b2ef-fa752ea4c737,MLV1-R02002,MLV1-A0698,redes y comunicaciones,confidencial,critica,físico,falla eléctrica,equipos obsoletos,3,4,mitigar,2026-08-13,1
c220669a-7a99-441a-a666-0226cf827c8b,MLV1-R02293,MLV1-A0024,software,publico,alta,digital,acceso no autorizado,contraseñas débiles,5,4,mitigar,2026-08-13,1
b8f4bde9-435b-4321-8af1-66ea43fa5502,MLV1-R00206,MLV1-A0715,hardware,interno,media,físico,incendio,almacenamiento inadecuado,4,3,mitigar,2026-08-14,1
6440a45a-cc43-43b3-838e-95fc62943ccb,MLV1-R00488,MLV1-A0645,software,confidencial,alta,digital,malware,configuración incorrecta,5,4,transferir,2026-08-14,1
4e22ee1a-271f-4148-9601-386a04d3474a,MLV1-R01995,MLV1-A0432,software,interno,media,digital,acceso no autorizado,falta de controles de acceso,4,3,mitigar,2026-08-14,1
c50f73c3-eb34-41ee-8a4f-d1cb1e0d4a1a,MLV1-R02938,MLV1-A0837,hardware,confidencial,media,físico,error humano,falta de capacitación,2,4,mitigar,2026-08-14,1
8621b3d2-aabf-43d0-95ff-851702704c2d,MLV1-R04823,MLV1-A0360,servicios ti,interno,critica,digital,pérdida de información,configuración incorrecta,2,5,mitigar,2026-08-14,1
7ba7643f-d337-48d5-9a00-0006dc611f76,MLV1-R05131,MLV1-A0519,servicios ti,interno,alta,digital,pérdida de información,almacenamiento inadecuado,3,4,transferir,2026-08-14,1
717d480a-8236-4f4c-b296-78a3b0061b2c,MLV1-R05702,MLV1-A0715,hardware,interno,media,físico,daño físico,equipos obsoletos,5,4,transferir,2026-08-14,1
bdcc57a9-43e3-4fbe-a192-caf97bc1fc34,MLV1-R07560,MLV1-A0645,software,confidencial,alta,digital,pérdida de información,ausencia de respaldos,5,5,mitigar,2026-08-14,1
4667f206-2068-40dc-a2ad-ad2003a9e5ca,MLV1-R09402,MLV1-A0645,software,confidencial,alta,digital,error humano,configuración incorrecta,4,4,mitigar,2026-08-14,1
bee5bf78-328d-47d4-956b-a61769ba2d5b,MLV1-R09890,MLV1-A0645,software,confidencial,alta,digital,interrupción del servicio,configuración incorrecta,3,4,mitigar,2026-08-14,1
766f7954-f07e-47ee-a63f-544950cec47c,MLV1-R00971,MLV1-A0251,hardware,interno,media,físico,falla eléctrica,equipos obsoletos,4,1,aceptar,2026-08-15,1
1ba727ac-0c9a-4d0d-b21b-5b2f5a4d597d,MLV1-R01734,MLV1-A0482,documentación,confidencial,alta,físico,pérdida de información,almacenamiento inadecuado,4,2,aceptar,2026-08-15,1
8d9030f5-9662-4003-bf43-b87f061e3b84,MLV1-R03493,MLV1-A0401,documentación,interno,media,digital,divulgación de información,ausencia de políticas,3,1,aceptar,2026-08-15,1
007a1f4a-8809-4c37-893e-4f4114823912,MLV1-R06340,MLV1-A0834,hardware,publico,baja,físico,incendio,almacenamiento inadecuado,2,1,aceptar,2026-08-15,1
ea37c39f-0577-4a5a-9532-8e81adb742c5,MLV1-R06418,MLV1-A0131,documentación,interno,alta,digital,error humano,configuración incorrecta,4,4,transferir,2026-08-15,1
7b3a7308-280e-4db4-8a7b-4f0a44ea7a49,MLV1-R04364,MLV1-A0769,información,interno,media,digital,error humano,falta de capacitación,4,5,mitigar,2026-08-16,1
e1fe7119-43ed-44cf-b5aa-d1dc0fd65d49,MLV1-R05449,MLV1-A0544,hardware,confidencial,alta,físico,robo,falta de controles de acceso,4,4,mitigar,2026-08-16,1
6334dcc5-8d80-43c3-b44a-d274db714f11,MLV1-R07832,MLV1-A0042,software,confidencial,alta,digital,malware,configuración incorrecta,3,3,aceptar,2026-08-16,1
59d76fe6-f52b-43d0-bff9-375bedfaa2f6,MLV1-R03420,MLV1-A0462,información,publico,critica,digital,pérdida de información,ausencia de respaldos,4,5,mitigar,2026-08-17,1
8af20db0-40c4-4b94-9f49-6754842b6661,MLV1-R06941,MLV1-A0995,hardware,confidencial,alta,físico,acceso no autorizado,falta de controles de acceso,4,4,mitigar,2026-08-17,1
bb49eac1-13ab-4e1b-be0d-ed6aae9de23b,MLV1-R09604,MLV1-A0174,información,interno,media,digital,pérdida de información,ausencia de respaldos,3,3,aceptar,2026-08-17,1
1e7758c3-c6d2-499a-b6a0-597ca25e4c57,MLV1-R02456,MLV1-A0803,redes y comunicaciones,interno,media,físico,error humano,falta de capacitación,1,3,aceptar,2026-08-18,1
e4ac4a8a-14a8-48dd-9dcb-785834a76a43,MLV1-R09443,MLV1-A0683,hardware,interno,media,físico,error humano,falta de capacitación,3,3,mitigar,2026-08-18,1
3ef1f9d6-52a6-4430-98d3-2fb4314d9111,MLV1-R01340,MLV1-A0023,software,interno,media,digital,ransomware,ausencia de respaldos,4,3,evitar,2026-08-19,1
1d8dc64e-c553-48b9-ab27-da2a5e4112f0,MLV1-R01688,MLV1-A0303,redes y comunicaciones,interno,baja,físico,malware,antivirus desactualizado,3,4,mitigar,2026-08-19,1
8a35c961-3457-4ccb-9aff-516139cdedf6,MLV1-R01948,MLV1-A0356,hardware,interno,critica,físico,falla eléctrica,sin mantenimiento,1,3,aceptar,2026-08-19,1
97b95b7d-2706-407f-90c4-cae266474f7b,MLV1-R07308,MLV1-A0356,hardware,interno,critica,físico,acceso no autorizado,falta de controles de acceso,2,5,transferir,2026-08-19,1
bc37d268-21c6-4ff5-b9b7-66b0da8b139f,MLV1-R07879,MLV1-A0023,software,interno,media,digital,interrupción del servicio,sin mantenimiento,4,4,mitigar,2026-08-19,1
7e85d914-a892-4f68-a011-b45bc04c8833,MLV1-R00797,MLV1-A0064,servicios ti,restringido,media,digital,ransomware,configuración incorrecta,4,3,transferir,2026-08-20,1
a639ae50-eaea-42c1-ba15-3f8a4bb1516a,MLV1-R03445,MLV1-A0838,software,confidencial,media,digital,acceso no autorizado,falta de controles de acceso,4,2,aceptar,2026-08-20,1
0ea65a26-1382-4d4a-8cce-72956e793606,MLV1-R04321,MLV1-A0458,hardware,confidencial,alta,físico,acceso no autorizado,falta de controles de acceso,5,4,mitigar,2026-08-20,1
97c7381b-df64-4102-b66c-995a013c9c0c,MLV1-R04795,MLV1-A0198,software,interno,critica,digital,pérdida de información,ausencia de respaldos,4,4,mitigar,2026-08-20,1
67beab2c-aad7-4874-9647-a768e693c1ca,MLV1-R05269,MLV1-A0064,servicios ti,restringido,media,digital,ransomware,antivirus desactualizado,3,4,mitigar,2026-08-20,1
d7df224c-7b73-435e-ba78-a38545f3dbbf,MLV1-R05626,MLV1-A0064,servicios ti,restringido,media,digital,ransomware,ausencia de respaldos,4,3,mitigar,2026-08-20,1
c8850cbe-5d42-44fb-b904-cb0763d778ea,MLV1-R07222,MLV1-A0672,hardware,confidencial,media,físico,error humano,falta de capacitación,5,3,mitigar,2026-08-20,1
eeee16a1-460b-487e-bb73-261ea0f39d2a,MLV1-R09323,MLV1-A0350,servicios ti,confidencial,alta,digital,acceso no autorizado,contraseñas débiles,3,4,mitigar,2026-08-20,1
e013545d-0a6f-4bf7-86a2-f38c08aa66c5,MLV1-R02958,MLV1-A0073,información,confidencial,media,digital,divulgación de información,falta de controles de acceso,5,2,mitigar,2026-08-21,1
62075c0f-865c-48b3-8b2f-5735b1bb8589,MLV1-R04966,MLV1-A0745,software,interno,alta,digital,ransomware,falta de capacitación,3,5,mitigar,2026-08-21,1
e02fce12-ce58-4e80-8b77-50d628926afe,MLV1-R00335,MLV1-A0473,redes y comunicaciones,interno,alta,físico,interrupción del servicio,configuración incorrecta,2,3,mitigar,2026-08-22,1
136ee8fe-9a1c-4b4d-a2dd-532c8d855433,MLV1-R01034,MLV1-A0473,redes y comunicaciones,interno,alta,físico,interrupción del servicio,sin mantenimiento,3,4,mitigar,2026-08-22,1
fea22cc4-fa31-4933-ab80-d54815702266,MLV1-R03312,MLV1-A0496,documentación,confidencial,alta,físico,divulgación de información,falta de controles de acceso,3,3,mitigar,2026-08-22,1
a826177a-7326-45d1-9a2b-ca33da62ad8c,MLV1-R04415,MLV1-A0473,redes y comunicaciones,interno,alta,físico,interrupción del servicio,equipos obsoletos,4,4,mitigar,2026-08-22,1
aaa7fc7c-37b4-4ce7-8d1c-64abd0f34ffb,MLV1-R07400,MLV1-A0473,redes y comunicaciones,interno,alta,físico,interrupción del servicio,configuración incorrecta,2,5,mitigar,2026-08-22,1
b55d9193-1ad3-48f9-a03f-06cd0a41313e,MLV1-R08832,MLV1-A0028,software,interno,baja,digital,interrupción del servicio,equipos obsoletos,4,3,mitigar,2026-08-22,1
5e4c7685-ee56-4ed9-9749-8c0ddc003efc,MLV1-R00614,MLV1-A0761,hardware,confidencial,media,físico,error humano,falta de capacitación,2,3,mitigar,2026-08-23,1
6423b862-84c0-4746-9751-446bff4aace6,MLV1-R07603,MLV1-A0384,hardware,publico,alta,físico,error humano,falta de capacitación,4,4,mitigar,2026-08-23,1
c4ec156f-af0e-45fc-aead-bcdd93e03801,MLV1-R08396,MLV1-A0810,software,interno,critica,digital,acceso no autorizado,contraseñas débiles,5,5,transferir,2026-08-23,1
95599691-b398-4041-9101-40d2d7320d34,MLV1-R02112,MLV1-A0365,información,interno,alta,digital,ransomware,antivirus desactualizado,4,3,transferir,2026-08-24,1
1085ca5b-b273-4aee-9f4d-9c08a7cd308c,MLV1-R02811,MLV1-A0997,software,publico,critica,digital,acceso no autorizado,contraseñas débiles,4,5,mitigar,2026-08-24,1
af36ef64-c40a-41d2-b7ff-c4e1741e46cc,MLV1-R05332,MLV1-A0912,software,interno,media,digital,error humano,ausencia de políticas,2,3,mitigar,2026-08-24,1
c8b772b6-c143-4049-bf94-5b7aa1c44648,MLV1-R05570,MLV1-A0365,información,interno,alta,digital,divulgación de información,falta de controles de acceso,4,3,mitigar,2026-08-24,1
950d2a41-5e65-4262-b2b5-eb1392e368a6,MLV1-R06503,MLV1-A0365,información,interno,alta,digital,ransomware,configuración incorrecta,4,4,transferir,2026-08-24,1
14bb9458-70b8-4712-9844-eba2b46b7f73,MLV1-R07122,MLV1-A0997,software,publico,critica,digital,error humano,falta de capacitación,4,4,mitigar,2026-08-24,1
4d3ead29-e800-4bea-b292-82c85e4db6a5,MLV1-R07317,MLV1-A0859,servicios ti,confidencial,alta,digital,malware,falta de capacitación,4,4,mitigar,2026-08-24,1
973ae833-9874-471f-b952-c5ae9b7153c6,MLV1-R02234,MLV1-A0764,servicios ti,interno,baja,digital,malware,configuración incorrecta,5,3,transferir,2026-08-25,1
5fbb3703-1f88-466a-8b02-4a142542fb82,MLV1-R02530,MLV1-A0061,redes y comunicaciones,confidencial,alta,físico,interrupción del servicio,equipos obsoletos,3,4,mitigar,2026-08-25,1
8edff3aa-e2a3-43cd-a64f-8bbe74a3d930,MLV1-R02660,MLV1-A0996,servicios ti,interno,alta,digital,pérdida de información,ausencia de respaldos,4,4,mitigar,2026-08-25,1
d61dac1c-67f1-4949-9498-a815f0871b66,MLV1-R06658,MLV1-A0183,redes y comunicaciones,interno,alta,físico,interrupción del servicio,configuración incorrecta,4,4,mitigar,2026-08-25,1
8f83684a-6c9a-42a7-b5e5-827fd60c00ed,MLV1-R08598,MLV1-A0996,servicios ti,interno,alta,digital,error humano,falta de capacitación,3,3,mitigar,2026-08-25,1
2c84aa93-44d3-4420-bccc-f5c55953f5c7,MLV1-R08900,MLV1-A0480,software,interno,critica,digital,acceso no autorizado,falta de controles de acceso,5,5,mitigar,2026-08-25,1
b216b6b5-b0f5-4ba8-a748-3f98bc35d94b,MLV1-R09313,MLV1-A0996,servicios ti,interno,alta,digital,malware,antivirus desactualizado,4,5,transferir,2026-08-25,1
9d17d7ea-bbc9-460a-921a-e35c5ebe0f52,MLV1-R00108,MLV1-A0719,información,interno,critica,digital,ransomware,ausencia de respaldos,5,4,mitigar,2026-08-26,1
8f172042-29fc-4af8-88ca-c7c8c370b082,MLV1-R00914,MLV1-A0273,servicios ti,interno,alta,digital,malware,antivirus desactualizado,3,3,transferir,2026-08-26,1
b6906f64-e77c-43e0-8a78-1cf84aee3106,MLV1-R01619,MLV1-A0544,hardware,confidencial,alta,físico,falla eléctrica,equipos obsoletos,3,4,mitigar,2026-08-26,1
03c83986-69ef-4629-8c9b-97d5cc71dd4f,MLV1-R01807,MLV1-A0273,servicios ti,interno,alta,digital,acceso no autorizado,contraseñas débiles,5,5,mitigar,2026-08-26,1
03af94ab-fc4d-4462-9db9-9166faf4a692,MLV1-R02463,MLV1-A0084,información,publico,media,digital,error humano,falta de capacitación,2,3,mitigar,2026-08-26,1
dda6efb5-f9ea-4f99-8622-a49b5825f1d4,MLV1-R02733,MLV1-A0273,servicios ti,interno,alta,digital,interrupción del servicio,sin mantenimiento,2,5,aceptar,2026-08-26,1
e11c8b83-8e20-435b-8808-bd8a9a23eaf5,MLV1-R03553,MLV1-A0361,hardware,interno,media,físico,daño físico,almacenamiento inadecuado,4,3,mitigar,2026-08-26,1
8efa01f4-f6a7-48a0-a130-d1887c05ee85,MLV1-R05789,MLV1-A0273,servicios ti,interno,alta,digital,acceso no autorizado,falta de controles de acceso,2,4,mitigar,2026-08-26,1
e93b475d-5bd2-4d6d-92ef-27ede41d5ac2,MLV1-R06262,MLV1-A0130,servicios ti,confidencial,baja,digital,interrupción del servicio,configuración incorrecta,4,1,aceptar,2026-08-26,1
3f7da024-237f-4a38-80ac-218111e9cbf3,MLV1-R08780,MLV1-A0273,servicios ti,interno,alta,digital,error humano,falta de capacitación,4,5,mitigar,2026-08-26,1
69d4610c-2e97-4a52-a0c1-809dbca121c5,MLV1-R09173,MLV1-A0155,software,restringido,media,digital,acceso no autorizado,falta de controles de acceso,4,3,mitigar,2026-08-26,1
c3913de2-c99d-420d-97d7-c408f43cd34c,MLV1-R09647,MLV1-A0783,hardware,interno,media,físico,error humano,falta de capacitación,3,5,mitigar,2026-08-26,1
8d74db76-6254-43df-8a3c-ce55924bc1ef,MLV1-R02678,MLV1-A0681,información,interno,media,digital,ransomware,antivirus desactualizado,3,4,transferir,2026-08-27,1
cbcdf875-10bb-4f19-b95f-37daf74df330,MLV1-R06692,MLV1-A0250,documentación,interno,critica,digital,divulgación de información,contraseñas débiles,4,5,mitigar,2026-08-27,1
1a819fc8-9b7f-4b57-9404-2b561da41cf7,MLV1-R07199,MLV1-A0265,otros,publico,alta,físico,pérdida de información,almacenamiento inadecuado,2,3,aceptar,2026-08-27,1
c897cf80-dd40-4c0a-ab19-2a90184dfc74,MLV1-R07989,MLV1-A0249,información,interno,alta,digital,ransomware,configuración incorrecta,2,4,transferir,2026-08-27,1
21e3736b-e2c7-47ef-bbe5-d167ba757f3e,MLV1-R00466,MLV1-A0595,otros,publico,critica,físico,acceso no autorizado,contraseñas débiles,3,5,mitigar,2026-08-28,1
5b98b385-9c43-4801-9790-3fc73ce6e4d3,MLV1-R01506,MLV1-A0686,hardware,confidencial,alta,físico,robo,falta de controles de acceso,5,4,mitigar,2026-08-28,1
bd98554e-6c91-4a33-af62-be587b3c0d94,MLV1-R01982,MLV1-A0633,hardware,publico,alta,físico,falla eléctrica,sin mantenimiento,2,2,aceptar,2026-08-28,1
1f8dc308-37a6-493b-83e7-29b23f74ed36,MLV1-R00791,MLV1-A0814,redes y comunicaciones,interno,critica,físico,error humano,falta de capacitación,2,3,aceptar,2026-08-29,1
9eb63ade-5d47-472e-88f5-f08e09d66da4,MLV1-R02486,MLV1-A0248,software,confidencial,baja,digital,pérdida de información,almacenamiento inadecuado,4,4,mitigar,2026-08-29,1
0cdcbf83-00dc-4d0c-9a78-b6f15d475566,MLV1-R05504,MLV1-A0248,software,confidencial,baja,digital,pérdida de información,almacenamiento inadecuado,3,1,aceptar,2026-08-29,1
3820035d-e412-4571-baa1-fc4b44bce350,MLV1-R07513,MLV1-A0373,información,confidencial,alta,digital,pérdida de información,ausencia de respaldos,4,4,mitigar,2026-08-29,1
37af1971-5b36-4d1e-9407-df99277530a8,MLV1-R08306,MLV1-A0314,otros,confidencial,critica,físico,acceso no autorizado,contraseñas débiles,4,4,mitigar,2026-08-29,1
756308f0-b829-49a0-b361-49c35d7c6dce,MLV1-R09645,MLV1-A0574,otros,interno,alta,físico,interrupción del servicio,sin mantenimiento,3,4,mitigar,2026-08-29,1
72398c3b-ce34-42fe-a894-88a31bb1cb19,MLV1-R00440,MLV1-A0132,información,publico,media,digital,error humano,falta de capacitación,5,3,mitigar,2026-08-30,1
ca39af76-feb7-4a22-b789-fe67f4ea993d,MLV1-R03405,MLV1-A0938,información,interno,baja,digital,acceso no autorizado,falta de controles de acceso,2,4,mitigar,2026-08-30,1
d0962e75-3c5f-47ca-aaa4-b85462c010fa,MLV1-R08074,MLV1-A0132,información,publico,media,digital,divulgación de información,falta de controles de acceso,5,5,mitigar,2026-08-30,1
8e86570e-93ae-4ce8-917e-6f2dc76b0f53,MLV1-R09314,MLV1-A0486,redes y comunicaciones,confidencial,media,físico,falla eléctrica,equipos obsoletos,1,3,aceptar,2026-08-30,1
b807ab36-776d-42c8-a61e-146196dae0fc,MLV1-R01551,MLV1-A0259,servicios ti,interno,media,digital,acceso no autorizado,falta de controles de acceso,4,3,mitigar,2026-08-31,1
c2abbd34-846f-4ac2-aed5-80e51114007f,MLV1-R02606,MLV1-A0391,hardware,interno,critica,físico,inundación,almacenamiento inadecuado,3,4,mitigar,2026-08-31,1
bd953c7d-b951-44d5-9294-d7bcbba9a072,MLV1-R03158,MLV1-A0259,servicios ti,interno,media,digital,ransomware,antivirus desactualizado,5,3,transferir,2026-08-31,1
c7529136-43c8-473c-980b-37a2693d278b,MLV1-R03686,MLV1-A0002,hardware,interno,media,físico,malware,antivirus desactualizado,5,3,transferir,2026-08-31,1
d9026773-303a-4ed5-a238-0aa9e8bd5b21,MLV1-R03849,MLV1-A0689,información,interno,alta,digital,ransomware,ausencia de respaldos,4,4,mitigar,2026-08-31,1
0b209798-6305-4be0-b1f4-8c670995d92b,MLV1-R04648,MLV1-A0259,servicios ti,interno,media,digital,malware,antivirus desactualizado,4,2,aceptar,2026-08-31,1
1f95b609-ec1d-4668-aeec-82006e4a62ef,MLV1-R06799,MLV1-A0076,hardware,confidencial,alta,físico,robo,falta de controles de acceso,2,4,transferir,2026-08-31,1
5e83227a-998a-42c6-8281-45468c6095a1,MLV1-R07043,MLV1-A0259,servicios ti,interno,media,digital,acceso no autorizado,contraseñas débiles,4,3,mitigar,2026-08-31,1
10993353-4563-43c8-86cf-16785c91c0d2,MLV1-R07530,MLV1-A0076,hardware,confidencial,alta,físico,malware,antivirus desactualizado,2,5,aceptar,2026-08-31,1
14830492-67b6-484a-82b7-845462485ae6,MLV1-R09729,MLV1-A0076,hardware,confidencial,alta,físico,falla eléctrica,equipos obsoletos,3,5,mitigar,2026-08-31,1
5b4e693d-2f32-4c3a-b851-d8dfac29393c,MLV1-R01699,MLV1-A0545,hardware,publico,media,físico,falla eléctrica,equipos obsoletos,4,3,mitigar,2026-09-01,1
8c1d9993-dcb7-4522-a309-5210e680c321,MLV1-R00084,MLV1-A0296,redes y comunicaciones,interno,media,físico,acceso no autorizado,falta de controles de acceso,4,3,transferir,2026-09-02,1
8c4c18dd-9318-4bb4-8106-bc9842a17055,MLV1-R00721,MLV1-A0180,hardware,interno,alta,físico,robo,falta de controles de acceso,5,2,mitigar,2026-09-02,1
0a0dcb31-4303-4e06-843c-1f63d11a13c0,MLV1-R01058,MLV1-A0444,redes y comunicaciones,publico,media,físico,malware,antivirus desactualizado,3,3,aceptar,2026-09-02,1
5afc85e4-5722-4c3c-a321-2775fea7681b,MLV1-R05687,MLV1-A0417,redes y comunicaciones,interno,media,físico,interrupción del servicio,configuración incorrecta,4,3,mitigar,2026-09-02,1
d8f9e458-1fb5-4e3b-89e3-550e46f48e12,MLV1-R00096,MLV1-A0716,software,interno,alta,digital,acceso no autorizado,contraseñas débiles,4,5,mitigar,2026-09-03,1
f9865461-d579-489c-bf08-375dd3da8a4e,MLV1-R01522,MLV1-A0716,software,interno,alta,digital,ransomware,antivirus desactualizado,4,4,mitigar,2026-09-03,1
9ba103f5-e763-4a0e-969b-b0a545f531d0,MLV1-R01589,MLV1-A0716,software,interno,alta,digital,malware,configuración incorrecta,3,4,evitar,2026-09-03,1
f5c960bf-d0ca-4756-830a-5e56c68d3933,MLV1-R01887,MLV1-A0106,software,confidencial,critica,digital,error humano,ausencia de políticas,2,5,mitigar,2026-09-03,1
7e7a6b2d-8de2-4b5a-9dfb-8b68a45e71de,MLV1-R02715,MLV1-A0711,documentación,interno,critica,digital,error humano,falta de capacitación,4,4,transferir,2026-09-03,1
485482a4-1bce-4689-b890-3924cb94679e,MLV1-R06678,MLV1-A0448,servicios ti,interno,media,digital,acceso no autorizado,ausencia de políticas,2,4,aceptar,2026-09-03,1
74fe92c5-e85b-4af0-8136-28cda14ecc4d,MLV1-R07752,MLV1-A0853,servicios ti,interno,media,digital,interrupción del servicio,equipos obsoletos,4,3,mitigar,2026-09-03,1
d54534fa-2023-490a-9bc1-ca6ced9ffb18,MLV1-R09950,MLV1-A0126,hardware,interno,alta,físico,falla eléctrica,equipos obsoletos,4,4,mitigar,2026-09-03,1
d13565b7-ea19-4d2e-9d84-b62f60d54590,MLV1-R01899,MLV1-A0012,redes y comunicaciones,restringido,baja,físico,acceso no autorizado,falta de controles de acceso,4,4,mitigar,2026-09-04,1
89652bdb-e18a-4810-8594-53b8dd7d7556,MLV1-R02041,MLV1-A0525,documentación,confidencial,media,físico,error humano,configuración incorrecta,2,4,mitigar,2026-09-04,1
858be7e9-fe42-49cf-bfe2-1c3348d8bf40,MLV1-R07168,MLV1-A0012,redes y comunicaciones,restringido,baja,físico,malware,configuración incorrecta,4,2,aceptar,2026-09-04,1
74c00f6e-fce5-4c3c-8687-d6b01d64b967,MLV1-R09531,MLV1-A0529,información,interno,media,digital,malware,antivirus desactualizado,2,3,mitigar,2026-09-04,1
c11be6b0-bb30-4649-a499-a759fc33dc1e,MLV1-R01200,MLV1-A0584,información,interno,alta,digital,acceso no autorizado,contraseñas débiles,5,4,mitigar,2026-09-05,1
f897e279-fb26-49f2-b110-9f3e3c13dab9,MLV1-R05206,MLV1-A0396,software,interno,alta,digital,error humano,falta de capacitación,3,5,mitigar,2026-09-05,1
bb409748-d2a3-417c-bbd5-fbd2a42da19f,MLV1-R05495,MLV1-A0584,información,interno,alta,digital,acceso no autorizado,falta de controles de acceso,2,5,mitigar,2026-09-05,1
47170747-ac98-46ed-85ac-1146af056f9e,MLV1-R07901,MLV1-A0603,redes y comunicaciones,confidencial,alta,físico,interrupción del servicio,sin mantenimiento,2,3,transferir,2026-09-05,1
483426e7-0314-4ab6-82ee-a325b1573d6b,MLV1-R07902,MLV1-A0914,documentación,interno,alta,digital,incendio,ausencia de políticas,1,4,aceptar,2026-09-05,1
dd572e75-a2b9-4365-9396-eb484c5a94a7,MLV1-R08019,MLV1-A0078,información,interno,alta,digital,ransomware,configuración incorrecta,2,5,mitigar,2026-09-05,1
4195049e-7cd6-4425-a32c-469ab7a648b0,MLV1-R08575,MLV1-A0584,información,interno,alta,digital,divulgación de información,contraseñas débiles,5,4,mitigar,2026-09-05,1
7a237925-a0cb-46a0-a48b-ab86b80ebf9b,MLV1-R01853,MLV1-A0293,hardware,interno,media,físico,falla eléctrica,equipos obsoletos,3,5,mitigar,2026-09-06,1
9003f642-b4ec-42ed-9b07-8fa342e75272,MLV1-R05467,MLV1-A0315,servicios ti,confidencial,alta,digital,acceso no autorizado,falta de controles de acceso,2,4,mitigar,2026-09-06,1
ddb2f62e-e606-4da1-992d-216fdb991631,MLV1-R07997,MLV1-A0169,hardware,interno,alta,físico,acceso no autorizado,contraseñas débiles,3,4,transferir,2026-09-06,1
6620318d-e886-489c-a62b-5932d4c1f98a,MLV1-R03935,MLV1-A0255,hardware,interno,alta,físico,daño físico,sin mantenimiento,3,4,mitigar,2026-09-07,1
c1b8bff3-d29d-40f3-9ea2-a391cdf3f0f9,MLV1-R07411,MLV1-A0194,información,confidencial,critica,digital,acceso no autorizado,falta de controles de acceso,4,5,transferir,2026-09-07,1
6bd12eb7-dac2-46a3-967d-c1ec2a36e182,MLV1-R09904,MLV1-A0591,información,confidencial,critica,digital,error humano,ausencia de políticas,3,5,mitigar,2026-09-07,1
66f93106-4e96-40e8-82e5-53b82aab3c3d,MLV1-R05444,MLV1-A0315,servicios ti,confidencial,alta,digital,ransomware,ausencia de respaldos,3,4,transferir,2026-09-08,1
8146522f-72a6-46d3-ad48-cad42dc6c205,MLV1-R07830,MLV1-A0515,redes y comunicaciones,interno,critica,físico,error humano,configuración incorrecta,2,5,transferir,2026-09-08,1
46da4213-ad65-429f-b2e7-16b92239eff5,MLV1-R08523,MLV1-A0357,servicios ti,confidencial,media,digital,error humano,configuración incorrecta,3,2,mitigar,2026-09-08,1
d0ce88bf-5947-49f4-960f-6e4ec488b9a0,MLV1-R00908,MLV1-A0428,hardware,restringido,critica,físico,error humano,falta de capacitación,4,4,mitigar,2026-09-09,1
6f201424-1092-40ea-a215-a1e45ed32eb2,MLV1-R05259,MLV1-A0561,hardware,interno,media,físico,inundación,almacenamiento inadecuado,2,4,mitigar,2026-09-09,1
88e213b6-e5dc-4725-a00d-8cb083d60fbd,MLV1-R05686,MLV1-A0009,hardware,interno,media,físico,falla eléctrica,equipos obsoletos,2,2,aceptar,2026-09-09,1
9736bdfd-71bd-4507-b73d-a6ee0928f977,MLV1-R07203,MLV1-A0009,hardware,interno,media,físico,falla eléctrica,equipos obsoletos,3,5,mitigar,2026-09-09,1
594aa474-df92-42c8-a563-b8cd0f5a26ba,MLV1-R07420,MLV1-A0029,software,confidencial,alta,digital,error humano,falta de capacitación,2,4,mitigar,2026-09-09,1
00785011-2f08-4c85-9ab7-cb7993d83818,MLV1-R09186,MLV1-A0009,hardware,interno,media,físico,incendio,ausencia de políticas,3,3,mitigar,2026-09-09,1
23c3f0cc-ea9f-44c2-82b4-d27ff82718d1,MLV1-R00352,MLV1-A0708,redes y comunicaciones,restringido,critica,físico,acceso no autorizado,ausencia de políticas,3,5,mitigar,2026-09-10,1
6a547410-92f8-4a69-a123-5798e99dcef3,MLV1-R01064,MLV1-A0385,software,interno,alta,digital,interrupción del servicio,equipos obsoletos,4,5,mitigar,2026-09-10,1
2940f13a-6d59-42d4-93db-5dd3fa50fb60,MLV1-R01620,MLV1-A0801,software,confidencial,alta,digital,acceso no autorizado,falta de controles de acceso,3,4,mitigar,2026-09-10,1
6871e2d8-b103-421b-91b6-eec52a480410,MLV1-R02478,MLV1-A0084,información,publico,media,digital,malware,antivirus desactualizado,3,3,transferir,2026-09-10,1
c351aaeb-e330-44fa-af68-132e926cfbad,MLV1-R05170,MLV1-A0470,redes y comunicaciones,publico,alta,físico,falla eléctrica,sin mantenimiento,3,4,mitigar,2026-09-10,1
26366ff3-aca7-4df4-988c-3da26d0d3b1a,MLV1-R05652,MLV1-A0214,información,interno,critica,digital,ransomware,antivirus desactualizado,4,5,mitigar,2026-09-10,1
dc8ab289-05c0-4675-8849-61ac080cf47e,MLV1-R08608,MLV1-A0708,redes y comunicaciones,restringido,critica,físico,interrupción del servicio,equipos obsoletos,4,5,mitigar,2026-09-10,1
2247612b-968c-44c0-bdb8-da45e65568ef,MLV1-R09115,MLV1-A0387,hardware,publico,alta,físico,error humano,falta de capacitación,3,4,mitigar,2026-09-10,1
77743291-8e94-477b-95d7-825362e2d9e5,MLV1-R09832,MLV1-A0708,redes y comunicaciones,restringido,critica,físico,acceso no autorizado,ausencia de políticas,3,5,mitigar,2026-09-10,1
cb4bbdd8-cd78-4112-a2d6-f47dcdd915cc,MLV1-R01495,MLV1-A0775,software,confidencial,media,digital,interrupción del servicio,configuración incorrecta,3,3,transferir,2026-09-11,1
efcedc76-1a44-40f2-ba8c-0b5af006b7bc,MLV1-R03947,MLV1-A0334,hardware,interno,alta,físico,inundación,almacenamiento inadecuado,3,4,mitigar,2026-09-11,1
5b49e8ae-dd4c-489a-9bcb-7f0fe712c78a,MLV1-R04316,MLV1-A0775,software,confidencial,media,digital,pérdida de información,almacenamiento inadecuado,3,3,aceptar,2026-09-11,1
5822d218-6220-443b-b30b-4643ab9f9682,MLV1-R04858,MLV1-A0775,software,confidencial,media,digital,ransomware,antivirus desactualizado,4,3,evitar,2026-09-11,1
2d93d9be-bd81-4774-a7a9-17fae3aff909,MLV1-R05029,MLV1-A0775,software,confidencial,media,digital,ransomware,antivirus desactualizado,2,3,aceptar,2026-09-11,1
7f803821-fbf8-479c-b4f2-585f74fa0634,MLV1-R05428,MLV1-A0775,software,confidencial,media,digital,malware,antivirus desactualizado,4,3,mitigar,2026-09-11,1
94ae32bd-86bf-443f-88a2-7c8803433583,MLV1-R06816,MLV1-A0775,software,confidencial,media,digital,ransomware,antivirus desactualizado,3,3,mitigar,2026-09-11,1
36fcc58b-d43a-441a-90bf-e4126b9d2265,MLV1-R09599,MLV1-A0280,servicios ti,interno,media,digital,pérdida de información,almacenamiento inadecuado,3,2,transferir,2026-09-11,1
0825c2b6-574c-4b64-9e88-2887d99ee61f,MLV1-R02082,MLV1-A0091,software,confidencial,critica,digital,malware,falta de capacitación,4,4,mitigar,2026-09-12,1
f4986927-2738-4290-9a18-32f9ffc243f2,MLV1-R02625,MLV1-A0766,hardware,publico,alta,físico,daño físico,almacenamiento inadecuado,5,4,mitigar,2026-09-12,1
3e0afc25-3e16-4ef4-be76-beab07f9db40,MLV1-R02737,MLV1-A0091,software,confidencial,critica,digital,acceso no autorizado,ausencia de políticas,1,4,aceptar,2026-09-12,1
b12b0029-0a7a-440c-bf89-a6486025f15a,MLV1-R03387,MLV1-A0941,servicios ti,restringido,media,digital,acceso no autorizado,falta de controles de acceso,3,1,aceptar,2026-09-12,1
a4d794da-a7d1-41ab-bcbc-09b4ba36816f,MLV1-R03508,MLV1-A0310,hardware,confidencial,alta,físico,inundación,almacenamiento inadecuado,2,5,mitigar,2026-09-12,1
168e317a-dc84-4a0e-8c9b-56f5937d3f25,MLV1-R03749,MLV1-A0091,software,confidencial,critica,digital,acceso no autorizado,contraseñas débiles,4,5,mitigar,2026-09-12,1
4eb4fcb2-b058-43a9-b178-cd189d8bd835,MLV1-R04309,MLV1-A0941,servicios ti,restringido,media,digital,malware,antivirus desactualizado,4,2,aceptar,2026-09-12,1
cf32b67a-fdaf-4d35-8d0c-90426554e837,MLV1-R04947,MLV1-A0091,software,confidencial,critica,digital,ransomware,antivirus desactualizado,2,4,aceptar,2026-09-12,1
67a204e2-06b3-4b78-8967-f277c236fbfb,MLV1-R06341,MLV1-A0700,otros,restringido,critica,físico,error humano,falta de capacitación,5,4,mitigar,2026-09-12,1
ecba772b-93a7-4bf2-a48c-397b5f65d158,MLV1-R06777,MLV1-A0941,servicios ti,restringido,media,digital,interrupción del servicio,equipos obsoletos,4,2,transferir,2026-09-12,1
caf5605c-cef3-4e74-8ef2-2bac75efda3a,MLV1-R09613,MLV1-A0091,software,confidencial,critica,digital,ransomware,ausencia de respaldos,4,4,transferir,2026-09-12,1
f71cafa3-bce0-4170-83d3-fe92e0898771,MLV1-R07284,MLV1-A0114,hardware,interno,alta,físico,malware,antivirus desactualizado,4,4,evitar,2026-09-13,1
80fb0559-defd-4965-aabc-c486183d6ab6,MLV1-R07346,MLV1-A0637,hardware,publico,alta,físico,falla eléctrica,sin mantenimiento,3,4,mitigar,2026-09-13,1
7ca38cf9-eec0-4d54-bcdc-1cf4a460f697,MLV1-R01881,MLV1-A0094,servicios ti,confidencial,alta,digital,acceso no autorizado,contraseñas débiles,4,4,mitigar,2026-09-14,1
45f8d59a-8949-46d5-945f-0935d34f17ec,MLV1-R03620,MLV1-A0513,otros,interno,alta,físico,pérdida de información,ausencia de respaldos,5,4,mitigar,2026-09-14,1
f3c640a0-70ce-4587-9033-a41f4cb9071c,MLV1-R03801,MLV1-A0513,otros,interno,alta,físico,acceso no autorizado,contraseñas débiles,5,2,aceptar,2026-09-14,1
6fe51dbc-43a4-4eca-885a-1cecd85ed225,MLV1-R04199,MLV1-A0415,documentación,interno,media,digital,daño físico,equipos obsoletos,5,3,mitigar,2026-09-14,1
760674e1-4b48-498e-8ef4-9ea4633680bb,MLV1-R05902,MLV1-A0513,otros,interno,alta,físico,pérdida de información,ausencia de respaldos,4,4,transferir,2026-09-14,1
0a412b7c-4871-4756-b844-6c64ab7539df,MLV1-R07368,MLV1-A0744,servicios ti,interno,media,digital,ransomware,falta de capacitación,5,5,mitigar,2026-09-14,1
c0ed9b29-b072-4262-b41e-4fc728150993,MLV1-R07786,MLV1-A0233,otros,interno,alta,físico,interrupción del servicio,equipos obsoletos,3,4,mitigar,2026-09-14,1
6b46ec00-da39-4cba-97b1-b1372856c7f0,MLV1-R09122,MLV1-A0191,redes y comunicaciones,interno,baja,físico,error humano,ausencia de políticas,2,1,aceptar,2026-09-14,1
ae8c4902-9159-4ac3-93fc-41a8b6ed7d0a,MLV1-R02007,MLV1-A0820,software,interno,critica,digital,malware,falta de capacitación,3,4,mitigar,2026-09-15,1
a4f1d073-aac6-45b8-82e9-fdcaff32366f,MLV1-R04147,MLV1-A0404,documentación,confidencial,alta,físico,divulgación de información,falta de controles de acceso,4,4,mitigar,2026-09-15,1
66892540-4449-4f79-b346-1eeea8d4690e,MLV1-R06064,MLV1-A0974,servicios ti,confidencial,alta,digital,acceso no autorizado,contraseñas débiles,4,4,mitigar,2026-09-15,1
aaeff690-736d-49c2-a17f-49343b66beff,MLV1-R07229,MLV1-A0840,otros,restringido,critica,físico,error humano,falta de capacitación,3,5,mitigar,2026-09-15,1
903ab39e-77d0-449a-81fe-eb16166b0609,MLV1-R07249,MLV1-A0974,servicios ti,confidencial,alta,digital,acceso no autorizado,contraseñas débiles,2,4,mitigar,2026-09-15,1
c375a51d-dae9-46f5-86c7-2d93712fb09a,MLV1-R09142,MLV1-A0594,documentación,interno,media,digital,error humano,falta de capacitación,4,2,mitigar,2026-09-15,1
86526411-3a91-4a7b-83ac-0fca2a3e9abf,MLV1-R09590,MLV1-A0974,servicios ti,confidencial,alta,digital,ransomware,antivirus desactualizado,2,4,mitigar,2026-09-15,1
d3eb1eda-ad60-468f-8d45-eac07a88a688,MLV1-R01190,MLV1-A0651,información,interno,baja,digital,error humano,falta de capacitación,4,3,mitigar,2026-09-16,1
5bc5b014-ffce-40ae-87ef-4c6367d22119,MLV1-R02102,MLV1-A0173,redes y comunicaciones,interno,media,físico,interrupción del servicio,equipos obsoletos,3,3,mitigar,2026-09-16,1
7f75bd62-4bf0-4dce-9440-047e56bb5aac,MLV1-R09284,MLV1-A0598,redes y comunicaciones,interno,media,físico,interrupción del servicio,equipos obsoletos,3,2,aceptar,2026-09-16,1
249e82d2-8dab-4fd3-bcf5-25d1af93eb17,MLV1-R09800,MLV1-A0011,hardware,interno,critica,físico,error humano,ausencia de políticas,4,5,mitigar,2026-09-16,1
2980000e-c001-46c2-bb63-ad3915a72fd1,MLV1-R02006,MLV1-A0190,hardware,interno,baja,físico,falla eléctrica,sin mantenimiento,4,4,mitigar,2026-09-17,1
06668381-7d1f-40d2-b085-c18ffc3a34c7,MLV1-R03936,MLV1-A0069,software,publico,alta,digital,malware,falta de capacitación,4,4,mitigar,2026-09-17,1
92a87bea-7bd1-420b-9107-ade23e53fe70,MLV1-R07031,MLV1-A0735,información,interno,media,digital,acceso no autorizado,ausencia de políticas,4,4,mitigar,2026-09-17,1
b043d01f-2ec8-4888-b7c4-8e3307a4b1e2,MLV1-R01726,MLV1-A0861,redes y comunicaciones,interno,alta,físico,malware,falta de capacitación,4,5,mitigar,2026-09-18,1
b3e87e8d-27d1-4aa7-8231-0a88ad92f90b,MLV1-R04698,MLV1-A0142,servicios ti,interno,alta,digital,ransomware,configuración incorrecta,3,5,mitigar,2026-09-18,1
c1160847-e89c-4ed5-aec4-bf1f84a78c32,MLV1-R09993,MLV1-A0102,hardware,publico,baja,físico,inundación,almacenamiento inadecuado,2,3,mitigar,2026-09-18,1
ed07d4bc-f172-47f2-9de0-caf64a412a5e,MLV1-R00756,MLV1-A0750,servicios ti,confidencial,media,digital,ransomware,configuración incorrecta,3,5,evitar,2026-09-19,1
23591f20-3716-4fb2-b45d-4e1c69283b2b,MLV1-R01050,MLV1-A0117,documentación,interno,alta,digital,robo,ausencia de políticas,2,3,transferir,2026-09-19,1
1d494862-f28e-482d-9810-8b0f7bae5807,MLV1-R01354,MLV1-A0394,documentación,interno,alta,físico,daño físico,equipos obsoletos,2,5,mitigar,2026-09-19,1
b0f38e4f-8fee-40d5-92c5-ed1e109fcfa3,MLV1-R03642,MLV1-A0559,información,publico,media,digital,acceso no autorizado,falta de controles de acceso,4,3,mitigar,2026-09-19,1
c77312b5-879d-49cf-ac4d-e6fae26040f0,MLV1-R03988,MLV1-A0117,documentación,interno,alta,digital,inundación,ausencia de políticas,4,4,transferir,2026-09-19,1
98f776fd-6d91-4bd7-a280-6b9fe9a5f5cd,MLV1-R04203,MLV1-A0559,información,publico,media,digital,error humano,ausencia de políticas,1,2,aceptar,2026-09-19,1
ec3ac40f-6f54-4b5a-9413-c053b44cdcc0,MLV1-R04564,MLV1-A0559,información,publico,media,digital,ransomware,antivirus desactualizado,4,3,mitigar,2026-09-19,1
a4ac7315-0d3f-4f57-b7fe-32716509a592,MLV1-R05506,MLV1-A0776,documentación,confidencial,media,físico,divulgación de información,ausencia de políticas,3,4,mitigar,2026-09-19,1
5219a972-6257-4098-ba33-a5a716367217,MLV1-R08545,MLV1-A0750,servicios ti,confidencial,media,digital,acceso no autorizado,contraseñas débiles,2,3,mitigar,2026-09-19,1
85ecf56d-8d64-4ca6-8179-afbd91cc4fd7,MLV1-R09728,MLV1-A0117,documentación,interno,alta,digital,inundación,almacenamiento inadecuado,3,3,mitigar,2026-09-19,1
d9c0ebcf-95db-4af8-ac86-8542ac52eb70,MLV1-R00770,MLV1-A0386,documentación,interno,baja,digital,inundación,almacenamiento inadecuado,3,2,aceptar,2026-09-20,1
0ccdac65-b588-45f6-8a88-13040c5c7efa,MLV1-R01602,MLV1-A0242,documentación,publico,alta,digital,inundación,ausencia de políticas,3,4,transferir,2026-09-20,1
0abeb971-c967-4a21-8ba4-26931905fb0f,MLV1-R02296,MLV1-A0887,hardware,interno,alta,físico,malware,configuración incorrecta,3,4,transferir,2026-09-20,1
09248293-0d43-4f29-a4b6-4b42f4cbeb0e,MLV1-R02951,MLV1-A0913,servicios ti,confidencial,media,digital,pérdida de información,ausencia de respaldos,5,5,evitar,2026-09-20,1
5390eadd-eb62-43c4-a783-220e6c8b239e,MLV1-R03381,MLV1-A0188,redes y comunicaciones,interno,media,físico,falla eléctrica,sin mantenimiento,4,3,mitigar,2026-09-20,1
6f923f36-a172-45ef-b488-04ecf83e3b5a,MLV1-R05315,MLV1-A0887,hardware,interno,alta,físico,incendio,ausencia de políticas,2,3,mitigar,2026-09-20,1
db2485b9-a57a-4699-998d-5edd9f16dbfd,MLV1-R07516,MLV1-A0887,hardware,interno,alta,físico,malware,antivirus desactualizado,4,4,mitigar,2026-09-20,1
2db04e55-ce62-4469-84ed-445188f47c83,MLV1-R09119,MLV1-A0887,hardware,interno,alta,físico,acceso no autorizado,falta de controles de acceso,5,5,mitigar,2026-09-20,1
63adb742-8ce5-4fa2-9fdb-3ae04e462e1a,MLV1-R01007,MLV1-A0535,redes y comunicaciones,interno,alta,físico,falla eléctrica,sin mantenimiento,3,4,mitigar,2026-09-21,1
fd270f81-a79a-4f94-ba3b-64f3cc110f8d,MLV1-R02221,MLV1-A0095,servicios ti,interno,critica,digital,malware,antivirus desactualizado,2,4,transferir,2026-09-21,1
41b7485a-3dcb-4e3c-84c2-3a9c35aa596c,MLV1-R05402,MLV1-A0153,documentación,confidencial,media,digital,daño físico,equipos obsoletos,3,3,transferir,2026-09-21,1
f24d0316-0632-49a7-abdd-a26d9c4aa7d8,MLV1-R09191,MLV1-A0033,información,confidencial,media,digital,pérdida de información,almacenamiento inadecuado,1,2,aceptar,2026-09-21,1
d2a6567a-4f81-4e28-b7a6-4c9f589feacc,MLV1-R09660,MLV1-A0370,redes y comunicaciones,interno,media,físico,falla eléctrica,sin mantenimiento,3,4,mitigar,2026-09-21,1
644c4e33-54a2-4ed2-86fb-22e383076713,MLV1-R00347,MLV1-A0933,software,confidencial,baja,digital,interrupción del servicio,configuración incorrecta,3,2,mitigar,2026-09-22,1
b06c100b-87f0-42dd-ac66-ec7db8493d2f,MLV1-R00683,MLV1-A0933,software,confidencial,baja,digital,malware,configuración incorrecta,2,3,transferir,2026-09-22,1
495e26e5-67af-4733-bc42-1f83bee0ca8a,MLV1-R01012,MLV1-A0933,software,confidencial,baja,digital,interrupción del servicio,sin mantenimiento,1,2,aceptar,2026-09-22,1
e65e3f88-9bb2-4ae9-9239-a469b18d8d4e,MLV1-R02043,MLV1-A0882,servicios ti,interno,media,digital,pérdida de información,almacenamiento inadecuado,2,4,aceptar,2026-09-22,1
3657e6a1-b43c-4002-af19-953c80c2bbb6,MLV1-R03100,MLV1-A0467,otros,interno,alta,físico,interrupción del servicio,configuración incorrecta,5,4,mitigar,2026-09-22,1
135c7803-7eb0-4d9f-9e62-fab75a17bd69,MLV1-R04262,MLV1-A0754,redes y comunicaciones,interno,media,físico,acceso no autorizado,falta de controles de acceso,5,3,mitigar,2026-09-22,1
2b191f59-8c7d-45e0-a17a-580135cdeb3b,MLV1-R04624,MLV1-A0720,hardware,interno,media,físico,malware,antivirus desactualizado,4,3,mitigar,2026-09-22,1
80a10f33-1db3-4651-8ce3-32d7e36f98fd,MLV1-R04740,MLV1-A0467,otros,interno,alta,físico,acceso no autorizado,falta de controles de acceso,5,4,transferir,2026-09-22,1
18bd0b29-3274-494d-9dde-9bde15bfb812,MLV1-R05998,MLV1-A0933,software,confidencial,baja,digital,pérdida de información,almacenamiento inadecuado,3,3,transferir,2026-09-22,1
8aee0707-740a-4962-97f6-39a89f0eb7b5,MLV1-R06318,MLV1-A0933,software,confidencial,baja,digital,ransomware,configuración incorrecta,2,1,aceptar,2026-09-22,1
157f0fed-275c-42ba-ad29-1bd91af6c6b1,MLV1-R07217,MLV1-A0467,otros,interno,alta,físico,error humano,falta de capacitación,4,4,mitigar,2026-09-22,1
a1c4c8a2-39dc-45d9-a07c-66d383d6e432,MLV1-R08766,MLV1-A0282,documentación,interno,media,digital,daño físico,equipos obsoletos,2,3,mitigar,2026-09-22,1
82026782-c373-423a-bde1-5cb5272f410a,MLV1-R01128,MLV1-A0540,servicios ti,interno,alta,digital,pérdida de información,configuración incorrecta,3,4,evitar,2026-09-23,1
108b1277-206a-430d-8c68-6c797d561ea7,MLV1-R01749,MLV1-A0976,hardware,interno,alta,físico,falla eléctrica,equipos obsoletos,3,4,transferir,2026-09-23,1
d46a9936-0c15-40b3-94fd-959af2a9d8ec,MLV1-R02849,MLV1-A0540,servicios ti,interno,alta,digital,pérdida de información,ausencia de respaldos,4,4,mitigar,2026-09-23,1
10db3d3c-3960-4d12-8c4e-e5df8f2864a2,MLV1-R04069,MLV1-A0097,redes y comunicaciones,confidencial,media,físico,falla eléctrica,sin mantenimiento,4,1,aceptar,2026-09-23,1
d633ef6b-8ecd-4474-8f1f-5ac1e771eb68,MLV1-R05113,MLV1-A0078,información,interno,alta,digital,malware,configuración incorrecta,3,4,transferir,2026-09-23,1
b53834e0-b7ef-4cb4-adcc-280e6555887c,MLV1-R06477,MLV1-A0540,servicios ti,interno,alta,digital,acceso no autorizado,falta de controles de acceso,4,4,mitigar,2026-09-23,1
21b0c012-1683-415b-9530-a23602282e7e,MLV1-R07988,MLV1-A0540,servicios ti,interno,alta,digital,malware,falta de capacitación,4,5,transferir,2026-09-23,1
37353a86-4ad5-4aa9-bc65-50b68fc25ca2,MLV1-R08291,MLV1-A0290,otros,interno,alta,físico,robo,falta de controles de acceso,3,5,mitigar,2026-09-23,1